2025-05-02 12:38:13 [restartedMain] INFO  c.d.w.DroneInventorySystemApplication - Starting DroneInventorySystemApplication using Java 17.0.10 with PID 773 (/Users/KurokiKazuma/Workspace/Digital-OJT/DroneInventorySystem/target/classes started by KurokiKazuma in /Users/KurokiKazuma/Workspace/Digital-OJT/DroneInventorySystem)
2025-05-02 12:38:13 [restartedMain] INFO  c.d.w.DroneInventorySystemApplication - The following 1 profile is active: "develop"
2025-05-02 12:38:14 [restartedMain] INFO  o.s.b.d.e.DevToolsPropertyDefaultsPostProcessor - Devtools property defaults active! Set 'spring.devtools.add-properties' to 'false' to disable
2025-05-02 12:38:14 [restartedMain] INFO  o.s.b.d.e.DevToolsPropertyDefaultsPostProcessor - For additional web related logging consider setting the 'logging.level.web' property to 'DEBUG'
2025-05-02 12:38:15 [restartedMain] INFO  o.s.d.r.c.RepositoryConfigurationDelegate - Bootstrapping Spring Data JPA repositories in DEFAULT mode.
2025-05-02 12:38:15 [restartedMain] INFO  o.s.d.r.c.RepositoryConfigurationDelegate - Finished Spring Data repository scanning in 98 ms. Found 4 JPA repository interfaces.
2025-05-02 12:38:16 [restartedMain] INFO  o.s.b.w.e.tomcat.TomcatWebServer - Tomcat initialized with port 8080 (http)
2025-05-02 12:38:16 [restartedMain] INFO  o.a.coyote.http11.Http11NioProtocol - Initializing ProtocolHandler ["http-nio-8080"]
2025-05-02 12:38:16 [restartedMain] INFO  o.a.catalina.core.StandardService - Starting service [Tomcat]
2025-05-02 12:38:16 [restartedMain] INFO  o.a.catalina.core.StandardEngine - Starting Servlet engine: [Apache Tomcat/10.1.28]
2025-05-02 12:38:16 [restartedMain] INFO  o.a.c.c.C.[Tomcat].[localhost].[/] - Initializing Spring embedded WebApplicationContext
2025-05-02 12:38:16 [restartedMain] INFO  o.s.b.w.s.c.ServletWebServerApplicationContext - Root WebApplicationContext: initialization completed in 2452 ms
2025-05-02 12:38:16 [restartedMain] INFO  com.zaxxer.hikari.HikariDataSource - HikariPool-1 - Starting...
2025-05-02 12:38:17 [restartedMain] INFO  com.zaxxer.hikari.pool.HikariPool - HikariPool-1 - Added connection com.mysql.cj.jdbc.ConnectionImpl@48add68e
2025-05-02 12:38:17 [restartedMain] INFO  com.zaxxer.hikari.HikariDataSource - HikariPool-1 - Start completed.
2025-05-02 12:38:17 [restartedMain] INFO  o.s.b.a.h.H2ConsoleAutoConfiguration - H2 console available at '/h2-console'. Database available at 'jdbc:mysql://localhost:3306/stock_mng'
2025-05-02 12:38:17 [restartedMain] INFO  o.s.o.j.p.SpringPersistenceUnitInfo - No LoadTimeWeaver setup: ignoring JPA class transformer
2025-05-02 12:38:19 [restartedMain] INFO  o.s.o.j.LocalContainerEntityManagerFactoryBean - Initialized JPA EntityManagerFactory for persistence unit 'default'
2025-05-02 12:38:20 [restartedMain] INFO  o.s.d.j.r.query.QueryEnhancerFactory - Hibernate is in classpath; If applicable, HQL parser will be used.
2025-05-02 12:38:20 [restartedMain] WARN  o.s.b.a.o.j.JpaBaseConfiguration$JpaWebConfiguration - spring.jpa.open-in-view is enabled by default. Therefore, database queries may be performed during view rendering. Explicitly configure spring.jpa.open-in-view to disable this warning
2025-05-02 12:38:21 [restartedMain] WARN  o.s.b.a.s.s.UserDetailsServiceAutoConfiguration - 

Using generated security password: c7fc54de-d8c8-4eef-a81f-af9ebf719f16

This generated password is for development use only. Your security configuration must be updated before running your application in production.

2025-05-02 12:38:21 [restartedMain] INFO  o.s.s.web.DefaultSecurityFilterChain - Will secure any request with [org.springframework.security.web.session.DisableEncodeUrlFilter@ae64a1a, org.springframework.security.web.context.request.async.WebAsyncManagerIntegrationFilter@5c209bb, org.springframework.security.web.context.SecurityContextHolderFilter@61c95f39, org.springframework.security.web.header.HeaderWriterFilter@1515dafd, org.springframework.security.web.csrf.CsrfFilter@6d67dc24, org.springframework.security.web.authentication.logout.LogoutFilter@3b38d963, org.springframework.security.web.authentication.UsernamePasswordAuthenticationFilter@49e9a1d, org.springframework.security.web.savedrequest.RequestCacheAwareFilter@5ac1363, org.springframework.security.web.servletapi.SecurityContextHolderAwareRequestFilter@4f7522c2, org.springframework.security.web.authentication.AnonymousAuthenticationFilter@b2ba18b, org.springframework.security.web.access.ExceptionTranslationFilter@3787c1f2]
2025-05-02 12:38:22 [restartedMain] INFO  o.s.b.d.a.OptionalLiveReloadServer - LiveReload server is running on port 35729
2025-05-02 12:38:22 [restartedMain] INFO  o.a.coyote.http11.Http11NioProtocol - Starting ProtocolHandler ["http-nio-8080"]
2025-05-02 12:38:22 [restartedMain] INFO  o.s.b.w.e.tomcat.TomcatWebServer - Tomcat started on port 8080 (http) with context path ''
2025-05-02 12:38:22 [restartedMain] INFO  c.d.w.DroneInventorySystemApplication - Started DroneInventorySystemApplication in 9.014 seconds (process running for 10.162)
2025-05-02 12:38:30 [http-nio-8080-exec-3] INFO  o.a.c.c.C.[Tomcat].[localhost].[/] - Initializing Spring DispatcherServlet 'dispatcherServlet'
2025-05-02 12:38:30 [http-nio-8080-exec-3] INFO  o.s.web.servlet.DispatcherServlet - Initializing Servlet 'dispatcherServlet'
2025-05-02 12:38:30 [http-nio-8080-exec-3] INFO  o.s.web.servlet.DispatcherServlet - Completed initialization in 3 ms
2025-05-02 12:38:34 [http-nio-8080-exec-7] INFO  APP - 【INFO】時間: 1746157114385 | 処理対象: 在庫一覧画面 | 処理内容: 初期表示 | 処理結果: 開始
2025-05-02 12:38:34 [http-nio-8080-exec-7] INFO  APP - 【INFO】時間: 1746157114847 | 処理対象: 在庫一覧画面 | 処理内容: 初期表示 | 処理結果: 成功
2025-05-02 12:38:44 [http-nio-8080-exec-9] INFO  APP - 【INFO】時間: 1746157124088 | 処理対象: 在庫一覧画面 | 処理内容: 検索処理 | 処理結果: 開始
2025-05-02 12:38:44 [http-nio-8080-exec-9] ERROR APP - 【ERROR】時間: 1746157124102 | 処理対象: 在庫一覧画面 | 処理内容: 検索処理 | 処理結果: エラー | エラー内容: すべてのフィールドが空です。少なくとも1つのフィールドに値を入力してください。
2025-05-02 12:38:50 [http-nio-8080-exec-4] INFO  APP - 【INFO】時間: 1746157130087 | 処理対象: 在庫一覧画面 | 処理内容: 検索処理 | 処理結果: 開始
2025-05-02 12:38:50 [http-nio-8080-exec-4] ERROR APP - 【ERROR】時間: 1746157130099 | 処理対象: 在庫一覧画面 | 処理内容: 検索処理 | 処理結果: エラー | エラー内容: すべてのフィールドが空です。少なくとも1つのフィールドに値を入力してください。
2025-05-02 12:38:52 [http-nio-8080-exec-4] INFO  APP - 【INFO】時間: 1746157132239 | 処理対象: 在庫一覧画面 | 処理内容: 初期表示 | 処理結果: 開始
2025-05-02 12:38:52 [http-nio-8080-exec-4] INFO  APP - 【INFO】時間: 1746157132288 | 処理対象: 在庫一覧画面 | 処理内容: 初期表示 | 処理結果: 成功
2025-05-02 12:38:54 [http-nio-8080-exec-9] INFO  APP - 【INFO】時間: 1746157134575 | 処理対象: 在庫一覧画面 | 処理内容: 検索処理 | 処理結果: 開始
2025-05-02 12:38:54 [http-nio-8080-exec-9] ERROR APP - 【ERROR】時間: 1746157134592 | 処理対象: 在庫一覧画面 | 処理内容: 検索処理 | 処理結果: エラー | エラー内容: すべてのフィールドが空です。少なくとも1つのフィールドに値を入力してください。
2025-05-02 12:38:56 [http-nio-8080-exec-6] INFO  APP - 【INFO】時間: 1746157136075 | 処理対象: 在庫一覧画面 | 処理内容: 初期表示 | 処理結果: 開始
2025-05-02 12:38:56 [http-nio-8080-exec-6] INFO  APP - 【INFO】時間: 1746157136125 | 処理対象: 在庫一覧画面 | 処理内容: 初期表示 | 処理結果: 成功
2025-05-02 12:39:04 [http-nio-8080-exec-9] INFO  APP - 【INFO】時間: 1746157144601 | 処理対象: 在庫センター情報画面 | 処理内容: 初期表示 | 処理結果: 開始
2025-05-02 12:39:04 [http-nio-8080-exec-9] INFO  APP - 【INFO】時間: 1746157144640 | 処理対象: 在庫センター情報画面 | 処理内容: 初期表示 | 処理結果: 成功
2025-05-02 12:39:05 [http-nio-8080-exec-2] INFO  APP - 【INFO】時間: 1746157145734 | 処理対象: 在庫センター情報画面 | 処理内容: 検索処理 | 処理結果: 開始
2025-05-02 12:39:05 [http-nio-8080-exec-2] ERROR APP - 【ERROR】時間: 1746157145734 | 処理対象: 在庫センター情報画面 | 処理内容: 検索処理 | 処理結果: エラー | エラー内容: すべてのフィールドが空です。少なくとも1つのフィールドに値を入力してください。
2025-05-02 12:39:07 [http-nio-8080-exec-1] INFO  APP - 【INFO】時間: 1746157147557 | 処理対象: 在庫一覧画面 | 処理内容: 初期表示 | 処理結果: 開始
2025-05-02 12:39:07 [http-nio-8080-exec-1] INFO  APP - 【INFO】時間: 1746157147582 | 処理対象: 在庫一覧画面 | 処理内容: 初期表示 | 処理結果: 成功
2025-05-02 12:39:14 [http-nio-8080-exec-4] INFO  APP - 【INFO】時間: 1746157154107 | 処理対象: 在庫一覧画面 | 処理内容: 検索処理 | 処理結果: 開始
2025-05-02 12:39:14 [http-nio-8080-exec-4] INFO  APP - 【INFO】時間: 1746157154146 | 処理対象: 在庫一覧画面 | 処理内容: 検索処理 | 処理結果: 成功
2025-05-02 12:39:18 [http-nio-8080-exec-9] INFO  APP - 【INFO】時間: 1746157158278 | 処理対象: 在庫一覧画面 | 処理内容: 検索処理 | 処理結果: 開始
2025-05-02 12:39:18 [http-nio-8080-exec-9] INFO  APP - 【INFO】時間: 1746157158301 | 処理対象: 在庫一覧画面 | 処理内容: 検索処理 | 処理結果: 成功
2025-05-02 12:39:18 [http-nio-8080-exec-4] INFO  APP - 【INFO】時間: 1746157158860 | 処理対象: 在庫一覧画面 | 処理内容: 検索処理 | 処理結果: 開始
2025-05-02 12:39:18 [http-nio-8080-exec-4] ERROR APP - 【ERROR】時間: 1746157158871 | 処理対象: 在庫一覧画面 | 処理内容: 検索処理 | 処理結果: エラー | エラー内容: すべてのフィールドが空です。少なくとも1つのフィールドに値を入力してください。
2025-05-02 12:39:22 [http-nio-8080-exec-9] INFO  APP - 【INFO】時間: 1746157162103 | 処理対象: 在庫一覧画面 | 処理内容: 検索処理 | 処理結果: 開始
2025-05-02 12:39:22 [http-nio-8080-exec-9] INFO  APP - 【INFO】時間: 1746157162121 | 処理対象: 在庫一覧画面 | 処理内容: 検索処理 | 処理結果: 成功
2025-05-02 12:39:23 [http-nio-8080-exec-4] INFO  APP - 【INFO】時間: 1746157163859 | 処理対象: 在庫一覧画面 | 処理内容: 初期表示 | 処理結果: 開始
2025-05-02 12:39:23 [http-nio-8080-exec-4] INFO  APP - 【INFO】時間: 1746157163881 | 処理対象: 在庫一覧画面 | 処理内容: 初期表示 | 処理結果: 成功
2025-05-02 12:39:26 [http-nio-8080-exec-9] INFO  APP - 【INFO】時間: 1746157166616 | 処理対象: 在庫一覧画面 | 処理内容: 検索処理 | 処理結果: 開始
2025-05-02 12:39:26 [http-nio-8080-exec-9] INFO  APP - 【INFO】時間: 1746157166634 | 処理対象: 在庫一覧画面 | 処理内容: 検索処理 | 処理結果: 成功
2025-05-02 12:39:28 [http-nio-8080-exec-6] INFO  APP - 【INFO】時間: 1746157168059 | 処理対象: 在庫一覧画面 | 処理内容: 初期表示 | 処理結果: 開始
2025-05-02 12:39:28 [http-nio-8080-exec-6] INFO  APP - 【INFO】時間: 1746157168087 | 処理対象: 在庫一覧画面 | 処理内容: 初期表示 | 処理結果: 成功
2025-05-02 12:39:30 [http-nio-8080-exec-9] INFO  APP - 【INFO】時間: 1746157170624 | 処理対象: 在庫一覧画面 | 処理内容: 検索処理 | 処理結果: 開始
2025-05-02 12:39:30 [http-nio-8080-exec-9] INFO  APP - 【INFO】時間: 1746157170641 | 処理対象: 在庫一覧画面 | 処理内容: 検索処理 | 処理結果: 成功
2025-05-02 12:39:33 [http-nio-8080-exec-9] INFO  APP - 【INFO】時間: 1746157173328 | 処理対象: 在庫一覧画面 | 処理内容: 検索処理 | 処理結果: 開始
2025-05-02 12:39:33 [http-nio-8080-exec-9] INFO  APP - 【INFO】時間: 1746157173342 | 処理対象: 在庫一覧画面 | 処理内容: 検索処理 | 処理結果: 成功
2025-05-02 12:39:34 [http-nio-8080-exec-5] INFO  APP - 【INFO】時間: 1746157174570 | 処理対象: 在庫一覧画面 | 処理内容: 初期表示 | 処理結果: 開始
2025-05-02 12:39:34 [http-nio-8080-exec-5] INFO  APP - 【INFO】時間: 1746157174594 | 処理対象: 在庫一覧画面 | 処理内容: 初期表示 | 処理結果: 成功
2025-05-02 12:39:40 [http-nio-8080-exec-9] INFO  APP - 【INFO】時間: 1746157180845 | 処理対象: 在庫一覧画面 | 処理内容: 検索処理 | 処理結果: 開始
2025-05-02 12:39:40 [http-nio-8080-exec-9] INFO  APP - 【INFO】時間: 1746157180866 | 処理対象: 在庫一覧画面 | 処理内容: 検索処理 | 処理結果: 成功
2025-05-02 12:40:39 [File Watcher] INFO  o.s.b.d.a.LocalDevToolsAutoConfiguration$RestartingClassPathChangeChangedEventListener - Restarting due to 1 class path change (0 additions, 0 deletions, 1 modification)
2025-05-02 12:40:39 [Thread-5] INFO  o.a.coyote.http11.Http11NioProtocol - Stopping ProtocolHandler ["http-nio-8080"]
2025-05-02 12:40:39 [Thread-5] INFO  o.s.o.j.LocalContainerEntityManagerFactoryBean - Closing JPA EntityManagerFactory for persistence unit 'default'
2025-05-02 12:40:39 [Thread-5] INFO  com.zaxxer.hikari.HikariDataSource - HikariPool-1 - Shutdown initiated...
2025-05-02 12:40:39 [Thread-5] INFO  com.zaxxer.hikari.HikariDataSource - HikariPool-1 - Shutdown completed.
2025-05-02 12:40:39 [restartedMain] INFO  c.d.w.DroneInventorySystemApplication - Starting DroneInventorySystemApplication using Java 17.0.10 with PID 773 (/Users/KurokiKazuma/Workspace/Digital-OJT/DroneInventorySystem/target/classes started by KurokiKazuma in /Users/KurokiKazuma/Workspace/Digital-OJT/DroneInventorySystem)
2025-05-02 12:40:39 [restartedMain] INFO  c.d.w.DroneInventorySystemApplication - The following 1 profile is active: "develop"
2025-05-02 12:40:40 [restartedMain] INFO  o.s.d.r.c.RepositoryConfigurationDelegate - Bootstrapping Spring Data JPA repositories in DEFAULT mode.
2025-05-02 12:40:40 [restartedMain] INFO  o.s.d.r.c.RepositoryConfigurationDelegate - Finished Spring Data repository scanning in 22 ms. Found 4 JPA repository interfaces.
2025-05-02 12:40:40 [restartedMain] INFO  o.s.b.w.e.tomcat.TomcatWebServer - Tomcat initialized with port 8080 (http)
2025-05-02 12:40:40 [restartedMain] INFO  o.a.coyote.http11.Http11NioProtocol - Initializing ProtocolHandler ["http-nio-8080"]
2025-05-02 12:40:40 [restartedMain] INFO  o.a.catalina.core.StandardService - Starting service [Tomcat]
2025-05-02 12:40:40 [restartedMain] INFO  o.a.catalina.core.StandardEngine - Starting Servlet engine: [Apache Tomcat/10.1.28]
2025-05-02 12:40:40 [restartedMain] INFO  o.a.c.c.C.[Tomcat].[localhost].[/] - Initializing Spring embedded WebApplicationContext
2025-05-02 12:40:40 [restartedMain] INFO  o.s.b.w.s.c.ServletWebServerApplicationContext - Root WebApplicationContext: initialization completed in 548 ms
2025-05-02 12:40:40 [restartedMain] INFO  com.zaxxer.hikari.HikariDataSource - HikariPool-2 - Starting...
2025-05-02 12:40:40 [restartedMain] INFO  com.zaxxer.hikari.pool.HikariPool - HikariPool-2 - Added connection com.mysql.cj.jdbc.ConnectionImpl@341ebec2
2025-05-02 12:40:40 [restartedMain] INFO  com.zaxxer.hikari.HikariDataSource - HikariPool-2 - Start completed.
2025-05-02 12:40:40 [restartedMain] INFO  o.s.b.a.h.H2ConsoleAutoConfiguration - H2 console available at '/h2-console'. Database available at 'jdbc:mysql://localhost:3306/stock_mng'
2025-05-02 12:40:40 [restartedMain] INFO  o.s.o.j.p.SpringPersistenceUnitInfo - No LoadTimeWeaver setup: ignoring JPA class transformer
2025-05-02 12:40:40 [restartedMain] INFO  o.s.o.j.LocalContainerEntityManagerFactoryBean - Initialized JPA EntityManagerFactory for persistence unit 'default'
2025-05-02 12:40:40 [restartedMain] WARN  o.s.b.a.o.j.JpaBaseConfiguration$JpaWebConfiguration - spring.jpa.open-in-view is enabled by default. Therefore, database queries may be performed during view rendering. Explicitly configure spring.jpa.open-in-view to disable this warning
2025-05-02 12:40:40 [restartedMain] WARN  o.s.b.a.s.s.UserDetailsServiceAutoConfiguration - 

Using generated security password: a9c740c1-9dc0-4293-a6ab-1faab8a00271

This generated password is for development use only. Your security configuration must be updated before running your application in production.

2025-05-02 12:40:40 [restartedMain] INFO  o.s.s.web.DefaultSecurityFilterChain - Will secure any request with [org.springframework.security.web.session.DisableEncodeUrlFilter@3566ba95, org.springframework.security.web.context.request.async.WebAsyncManagerIntegrationFilter@48d202b3, org.springframework.security.web.context.SecurityContextHolderFilter@234dc5d7, org.springframework.security.web.header.HeaderWriterFilter@514a83c8, org.springframework.security.web.csrf.CsrfFilter@144bd77e, org.springframework.security.web.authentication.logout.LogoutFilter@3c237c02, org.springframework.security.web.authentication.UsernamePasswordAuthenticationFilter@751433d6, org.springframework.security.web.savedrequest.RequestCacheAwareFilter@69f716e7, org.springframework.security.web.servletapi.SecurityContextHolderAwareRequestFilter@25cd9676, org.springframework.security.web.authentication.AnonymousAuthenticationFilter@6fb6b4c7, org.springframework.security.web.access.ExceptionTranslationFilter@2eac5b54]
2025-05-02 12:40:41 [restartedMain] INFO  o.s.b.d.a.OptionalLiveReloadServer - LiveReload server is running on port 35729
2025-05-02 12:40:41 [restartedMain] INFO  o.a.coyote.http11.Http11NioProtocol - Starting ProtocolHandler ["http-nio-8080"]
2025-05-02 12:40:41 [restartedMain] INFO  o.s.b.w.e.tomcat.TomcatWebServer - Tomcat started on port 8080 (http) with context path ''
2025-05-02 12:40:41 [restartedMain] INFO  c.d.w.DroneInventorySystemApplication - Started DroneInventorySystemApplication in 1.205 seconds (process running for 149.093)
2025-05-02 12:40:41 [restartedMain] INFO  o.s.b.d.a.ConditionEvaluationDeltaLoggingListener - Condition evaluation unchanged
2025-05-02 12:43:38 [File Watcher] INFO  o.s.b.d.a.LocalDevToolsAutoConfiguration$RestartingClassPathChangeChangedEventListener - Restarting due to 1 class path change (0 additions, 0 deletions, 1 modification)
2025-05-02 12:43:38 [Thread-7] INFO  o.a.coyote.http11.Http11NioProtocol - Stopping ProtocolHandler ["http-nio-8080"]
2025-05-02 12:43:38 [Thread-7] INFO  o.s.o.j.LocalContainerEntityManagerFactoryBean - Closing JPA EntityManagerFactory for persistence unit 'default'
2025-05-02 12:43:38 [Thread-7] INFO  com.zaxxer.hikari.HikariDataSource - HikariPool-2 - Shutdown initiated...
2025-05-02 12:43:38 [Thread-7] INFO  com.zaxxer.hikari.HikariDataSource - HikariPool-2 - Shutdown completed.
2025-05-02 12:43:38 [restartedMain] INFO  c.d.w.DroneInventorySystemApplication - Starting DroneInventorySystemApplication using Java 17.0.10 with PID 773 (/Users/KurokiKazuma/Workspace/Digital-OJT/DroneInventorySystem/target/classes started by KurokiKazuma in /Users/KurokiKazuma/Workspace/Digital-OJT/DroneInventorySystem)
2025-05-02 12:43:38 [restartedMain] INFO  c.d.w.DroneInventorySystemApplication - The following 1 profile is active: "develop"
2025-05-02 12:43:38 [restartedMain] INFO  o.s.d.r.c.RepositoryConfigurationDelegate - Bootstrapping Spring Data JPA repositories in DEFAULT mode.
2025-05-02 12:43:38 [restartedMain] INFO  o.s.d.r.c.RepositoryConfigurationDelegate - Finished Spring Data repository scanning in 17 ms. Found 4 JPA repository interfaces.
2025-05-02 12:43:38 [restartedMain] INFO  o.s.b.w.e.tomcat.TomcatWebServer - Tomcat initialized with port 8080 (http)
2025-05-02 12:43:38 [restartedMain] INFO  o.a.coyote.http11.Http11NioProtocol - Initializing ProtocolHandler ["http-nio-8080"]
2025-05-02 12:43:38 [restartedMain] INFO  o.a.catalina.core.StandardService - Starting service [Tomcat]
2025-05-02 12:43:38 [restartedMain] INFO  o.a.catalina.core.StandardEngine - Starting Servlet engine: [Apache Tomcat/10.1.28]
2025-05-02 12:43:38 [restartedMain] INFO  o.a.c.c.C.[Tomcat].[localhost].[/] - Initializing Spring embedded WebApplicationContext
2025-05-02 12:43:38 [restartedMain] INFO  o.s.b.w.s.c.ServletWebServerApplicationContext - Root WebApplicationContext: initialization completed in 444 ms
2025-05-02 12:43:38 [restartedMain] INFO  com.zaxxer.hikari.HikariDataSource - HikariPool-3 - Starting...
2025-05-02 12:43:38 [restartedMain] INFO  com.zaxxer.hikari.pool.HikariPool - HikariPool-3 - Added connection com.mysql.cj.jdbc.ConnectionImpl@47651f72
2025-05-02 12:43:38 [restartedMain] INFO  com.zaxxer.hikari.HikariDataSource - HikariPool-3 - Start completed.
2025-05-02 12:43:38 [restartedMain] INFO  o.s.b.a.h.H2ConsoleAutoConfiguration - H2 console available at '/h2-console'. Database available at 'jdbc:mysql://localhost:3306/stock_mng'
2025-05-02 12:43:38 [restartedMain] INFO  o.s.o.j.p.SpringPersistenceUnitInfo - No LoadTimeWeaver setup: ignoring JPA class transformer
2025-05-02 12:43:38 [restartedMain] INFO  o.s.o.j.LocalContainerEntityManagerFactoryBean - Initialized JPA EntityManagerFactory for persistence unit 'default'
2025-05-02 12:43:39 [restartedMain] WARN  o.s.b.a.o.j.JpaBaseConfiguration$JpaWebConfiguration - spring.jpa.open-in-view is enabled by default. Therefore, database queries may be performed during view rendering. Explicitly configure spring.jpa.open-in-view to disable this warning
2025-05-02 12:43:39 [restartedMain] WARN  o.s.b.a.s.s.UserDetailsServiceAutoConfiguration - 

Using generated security password: 5a83f48e-7984-4f2b-aeb0-672baa9022d9

This generated password is for development use only. Your security configuration must be updated before running your application in production.

2025-05-02 12:43:39 [restartedMain] INFO  o.s.s.web.DefaultSecurityFilterChain - Will secure any request with [org.springframework.security.web.session.DisableEncodeUrlFilter@466b48f6, org.springframework.security.web.context.request.async.WebAsyncManagerIntegrationFilter@1278630d, org.springframework.security.web.context.SecurityContextHolderFilter@2b988319, org.springframework.security.web.header.HeaderWriterFilter@e1c92c9, org.springframework.security.web.csrf.CsrfFilter@78bc040b, org.springframework.security.web.authentication.logout.LogoutFilter@2e99782d, org.springframework.security.web.authentication.UsernamePasswordAuthenticationFilter@3cc1f2b, org.springframework.security.web.savedrequest.RequestCacheAwareFilter@331c563d, org.springframework.security.web.servletapi.SecurityContextHolderAwareRequestFilter@7aeae24f, org.springframework.security.web.authentication.AnonymousAuthenticationFilter@77c5397f, org.springframework.security.web.access.ExceptionTranslationFilter@72577d0c]
2025-05-02 12:43:39 [restartedMain] INFO  o.s.b.d.a.OptionalLiveReloadServer - LiveReload server is running on port 35729
2025-05-02 12:43:39 [restartedMain] INFO  o.a.coyote.http11.Http11NioProtocol - Starting ProtocolHandler ["http-nio-8080"]
2025-05-02 12:43:39 [restartedMain] INFO  o.s.b.w.e.tomcat.TomcatWebServer - Tomcat started on port 8080 (http) with context path ''
2025-05-02 12:43:39 [restartedMain] INFO  c.d.w.DroneInventorySystemApplication - Started DroneInventorySystemApplication in 1.07 seconds (process running for 327.331)
2025-05-02 12:43:39 [restartedMain] INFO  o.s.b.d.a.ConditionEvaluationDeltaLoggingListener - Condition evaluation unchanged
2025-05-02 12:47:44 [File Watcher] INFO  o.s.b.d.a.LocalDevToolsAutoConfiguration$RestartingClassPathChangeChangedEventListener - Restarting due to 1 class path change (0 additions, 0 deletions, 1 modification)
2025-05-02 12:47:44 [Thread-11] INFO  o.a.coyote.http11.Http11NioProtocol - Stopping ProtocolHandler ["http-nio-8080"]
2025-05-02 12:47:44 [Thread-11] INFO  o.s.o.j.LocalContainerEntityManagerFactoryBean - Closing JPA EntityManagerFactory for persistence unit 'default'
2025-05-02 12:47:44 [Thread-11] INFO  com.zaxxer.hikari.HikariDataSource - HikariPool-3 - Shutdown initiated...
2025-05-02 12:47:44 [Thread-11] INFO  com.zaxxer.hikari.HikariDataSource - HikariPool-3 - Shutdown completed.
2025-05-02 12:47:44 [restartedMain] INFO  c.d.w.DroneInventorySystemApplication - Starting DroneInventorySystemApplication using Java 17.0.10 with PID 773 (/Users/KurokiKazuma/Workspace/Digital-OJT/DroneInventorySystem/target/classes started by KurokiKazuma in /Users/KurokiKazuma/Workspace/Digital-OJT/DroneInventorySystem)
2025-05-02 12:47:44 [restartedMain] INFO  c.d.w.DroneInventorySystemApplication - The following 1 profile is active: "develop"
2025-05-02 12:47:44 [restartedMain] INFO  o.s.d.r.c.RepositoryConfigurationDelegate - Bootstrapping Spring Data JPA repositories in DEFAULT mode.
2025-05-02 12:47:44 [restartedMain] INFO  o.s.d.r.c.RepositoryConfigurationDelegate - Finished Spring Data repository scanning in 18 ms. Found 4 JPA repository interfaces.
2025-05-02 12:47:44 [restartedMain] INFO  o.s.b.w.e.tomcat.TomcatWebServer - Tomcat initialized with port 8080 (http)
2025-05-02 12:47:44 [restartedMain] INFO  o.a.coyote.http11.Http11NioProtocol - Initializing ProtocolHandler ["http-nio-8080"]
2025-05-02 12:47:44 [restartedMain] INFO  o.a.catalina.core.StandardService - Starting service [Tomcat]
2025-05-02 12:47:44 [restartedMain] INFO  o.a.catalina.core.StandardEngine - Starting Servlet engine: [Apache Tomcat/10.1.28]
2025-05-02 12:47:44 [restartedMain] INFO  o.a.c.c.C.[Tomcat].[localhost].[/] - Initializing Spring embedded WebApplicationContext
2025-05-02 12:47:44 [restartedMain] INFO  o.s.b.w.s.c.ServletWebServerApplicationContext - Root WebApplicationContext: initialization completed in 398 ms
2025-05-02 12:47:44 [restartedMain] INFO  com.zaxxer.hikari.HikariDataSource - HikariPool-4 - Starting...
2025-05-02 12:47:45 [restartedMain] INFO  com.zaxxer.hikari.pool.HikariPool - HikariPool-4 - Added connection com.mysql.cj.jdbc.ConnectionImpl@3b6f366c
2025-05-02 12:47:45 [restartedMain] INFO  com.zaxxer.hikari.HikariDataSource - HikariPool-4 - Start completed.
2025-05-02 12:47:45 [restartedMain] INFO  o.s.b.a.h.H2ConsoleAutoConfiguration - H2 console available at '/h2-console'. Database available at 'jdbc:mysql://localhost:3306/stock_mng'
2025-05-02 12:47:45 [restartedMain] INFO  o.s.o.j.p.SpringPersistenceUnitInfo - No LoadTimeWeaver setup: ignoring JPA class transformer
2025-05-02 12:47:45 [restartedMain] INFO  o.s.o.j.LocalContainerEntityManagerFactoryBean - Initialized JPA EntityManagerFactory for persistence unit 'default'
2025-05-02 12:47:45 [restartedMain] WARN  o.s.b.a.o.j.JpaBaseConfiguration$JpaWebConfiguration - spring.jpa.open-in-view is enabled by default. Therefore, database queries may be performed during view rendering. Explicitly configure spring.jpa.open-in-view to disable this warning
2025-05-02 12:47:45 [restartedMain] WARN  o.s.b.a.s.s.UserDetailsServiceAutoConfiguration - 

Using generated security password: d1a09ed3-d7a6-4760-ad30-f6692b1b6955

This generated password is for development use only. Your security configuration must be updated before running your application in production.

2025-05-02 12:47:45 [restartedMain] INFO  o.s.s.web.DefaultSecurityFilterChain - Will secure any request with [org.springframework.security.web.session.DisableEncodeUrlFilter@6c85608c, org.springframework.security.web.context.request.async.WebAsyncManagerIntegrationFilter@e601661, org.springframework.security.web.context.SecurityContextHolderFilter@1203eda3, org.springframework.security.web.header.HeaderWriterFilter@78b6e001, org.springframework.security.web.csrf.CsrfFilter@391a4576, org.springframework.security.web.authentication.logout.LogoutFilter@6915467e, org.springframework.security.web.authentication.UsernamePasswordAuthenticationFilter@1f1c942d, org.springframework.security.web.savedrequest.RequestCacheAwareFilter@79592b60, org.springframework.security.web.servletapi.SecurityContextHolderAwareRequestFilter@1bbda851, org.springframework.security.web.authentication.AnonymousAuthenticationFilter@4d859765, org.springframework.security.web.access.ExceptionTranslationFilter@56d68a10]
2025-05-02 12:47:45 [restartedMain] INFO  o.s.b.d.a.OptionalLiveReloadServer - LiveReload server is running on port 35729
2025-05-02 12:47:45 [restartedMain] INFO  o.a.coyote.http11.Http11NioProtocol - Starting ProtocolHandler ["http-nio-8080"]
2025-05-02 12:47:45 [restartedMain] INFO  o.s.b.w.e.tomcat.TomcatWebServer - Tomcat started on port 8080 (http) with context path ''
2025-05-02 12:47:45 [restartedMain] INFO  c.d.w.DroneInventorySystemApplication - Started DroneInventorySystemApplication in 0.993 seconds (process running for 573.558)
2025-05-02 12:47:45 [restartedMain] INFO  o.s.b.d.a.ConditionEvaluationDeltaLoggingListener - Condition evaluation unchanged
2025-05-02 12:47:52 [http-nio-8080-exec-1] INFO  o.a.c.c.C.[Tomcat].[localhost].[/] - Initializing Spring DispatcherServlet 'dispatcherServlet'
2025-05-02 12:47:52 [http-nio-8080-exec-1] INFO  o.s.web.servlet.DispatcherServlet - Initializing Servlet 'dispatcherServlet'
2025-05-02 12:47:52 [http-nio-8080-exec-1] INFO  o.s.web.servlet.DispatcherServlet - Completed initialization in 7 ms
2025-05-02 12:47:52 [http-nio-8080-exec-1] INFO  APP - 【INFO】時間: 1746157672142 | 処理対象: 在庫センター情報画面 | 処理内容: 初期表示 | 処理結果: 開始
2025-05-02 12:47:52 [http-nio-8080-exec-1] INFO  APP - 【INFO】時間: 1746157672154 | 処理対象: 在庫センター情報画面 | 処理内容: 初期表示 | 処理結果: 成功
2025-05-02 12:48:01 [http-nio-8080-exec-6] INFO  APP - 【INFO】時間: 1746157681098 | 処理対象: 在庫一覧画面 | 処理内容: 初期表示 | 処理結果: 開始
2025-05-02 12:48:01 [http-nio-8080-exec-6] INFO  APP - 【INFO】時間: 1746157681142 | 処理対象: 在庫一覧画面 | 処理内容: 初期表示 | 処理結果: 成功
2025-05-02 12:48:03 [http-nio-8080-exec-1] INFO  APP - 【INFO】時間: 1746157683160 | 処理対象: 在庫一覧画面 | 処理内容: 検索処理 | 処理結果: 開始
2025-05-02 12:48:03 [http-nio-8080-exec-1] ERROR APP - 【ERROR】時間: 1746157683176 | 処理対象: 在庫一覧画面 | 処理内容: 検索処理 | 処理結果: エラー | エラー内容: すべてのフィールドが空です。少なくとも1つのフィールドに値を入力してください。
2025-05-02 12:48:08 [http-nio-8080-exec-8] INFO  APP - 【INFO】時間: 1746157688705 | 処理対象: 在庫一覧画面 | 処理内容: 検索処理 | 処理結果: 開始
2025-05-02 12:48:08 [http-nio-8080-exec-8] INFO  APP - 【INFO】時間: 1746157688730 | 処理対象: 在庫一覧画面 | 処理内容: 検索処理 | 処理結果: 成功
2025-05-02 12:48:11 [http-nio-8080-exec-4] INFO  APP - 【INFO】時間: 1746157691773 | 処理対象: 在庫一覧画面 | 処理内容: 検索処理 | 処理結果: 開始
2025-05-02 12:48:11 [http-nio-8080-exec-4] INFO  APP - 【INFO】時間: 1746157691785 | 処理対象: 在庫一覧画面 | 処理内容: 検索処理 | 処理結果: 成功
2025-05-02 12:48:12 [http-nio-8080-exec-8] INFO  APP - 【INFO】時間: 1746157692782 | 処理対象: 在庫一覧画面 | 処理内容: 初期表示 | 処理結果: 開始
2025-05-02 12:48:12 [http-nio-8080-exec-8] INFO  APP - 【INFO】時間: 1746157692803 | 処理対象: 在庫一覧画面 | 処理内容: 初期表示 | 処理結果: 成功
2025-05-02 12:48:15 [http-nio-8080-exec-4] INFO  APP - 【INFO】時間: 1746157695879 | 処理対象: 在庫一覧画面 | 処理内容: 検索処理 | 処理結果: 開始
2025-05-02 12:48:15 [http-nio-8080-exec-4] ERROR APP - 【ERROR】時間: 1746157695892 | 処理対象: 在庫一覧画面 | 処理内容: 検索処理 | 処理結果: エラー | エラー内容: 不正な入力を検知しました。
2025-05-02 12:48:21 [http-nio-8080-exec-6] INFO  APP - 【INFO】時間: 1746157701264 | 処理対象: 在庫一覧画面 | 処理内容: 検索処理 | 処理結果: 開始
2025-05-02 12:48:21 [http-nio-8080-exec-6] INFO  APP - 【INFO】時間: 1746157701281 | 処理対象: 在庫一覧画面 | 処理内容: 検索処理 | 処理結果: 成功
2025-05-02 12:49:58 [http-nio-8080-exec-3] INFO  APP - 【INFO】時間: 1746157798750 | 処理対象: 在庫一覧画面 | 処理内容: 初期表示 | 処理結果: 開始
2025-05-02 12:49:58 [http-nio-8080-exec-3] INFO  APP - 【INFO】時間: 1746157798778 | 処理対象: 在庫一覧画面 | 処理内容: 初期表示 | 処理結果: 成功
2025-05-02 12:50:03 [http-nio-8080-exec-6] INFO  APP - 【INFO】時間: 1746157803229 | 処理対象: 在庫一覧画面 | 処理内容: 検索処理 | 処理結果: 開始
2025-05-02 12:50:03 [http-nio-8080-exec-6] ERROR o.a.c.c.C.[.[.[.[dispatcherServlet] - Servlet.service() for servlet [dispatcherServlet] in context with path [] threw exception [Request processing failed: org.springframework.context.NoSuchMessageException: No message found under code '' for locale 'ja_JP'.] with root cause
org.springframework.context.NoSuchMessageException: No message found under code '' for locale 'ja_JP'.
	at org.springframework.context.support.AbstractMessageSource.getMessage(AbstractMessageSource.java:162)
	at com.digitalojt.web.util.MessageManager.getMessage(MessageManager.java:23)
	at com.digitalojt.web.controller.StockInfoController.search(StockInfoController.java:110)
	at java.base/jdk.internal.reflect.NativeMethodAccessorImpl.invoke0(Native Method)
	at java.base/jdk.internal.reflect.NativeMethodAccessorImpl.invoke(NativeMethodAccessorImpl.java:77)
	at java.base/jdk.internal.reflect.DelegatingMethodAccessorImpl.invoke(DelegatingMethodAccessorImpl.java:43)
	at java.base/java.lang.reflect.Method.invoke(Method.java:568)
	at org.springframework.web.method.support.InvocableHandlerMethod.doInvoke(InvocableHandlerMethod.java:255)
	at org.springframework.web.method.support.InvocableHandlerMethod.invokeForRequest(InvocableHandlerMethod.java:188)
	at org.springframework.web.servlet.mvc.method.annotation.ServletInvocableHandlerMethod.invokeAndHandle(ServletInvocableHandlerMethod.java:118)
	at org.springframework.web.servlet.mvc.method.annotation.RequestMappingHandlerAdapter.invokeHandlerMethod(RequestMappingHandlerAdapter.java:926)
	at org.springframework.web.servlet.mvc.method.annotation.RequestMappingHandlerAdapter.handleInternal(RequestMappingHandlerAdapter.java:831)
	at org.springframework.web.servlet.mvc.method.AbstractHandlerMethodAdapter.handle(AbstractHandlerMethodAdapter.java:87)
	at org.springframework.web.servlet.DispatcherServlet.doDispatch(DispatcherServlet.java:1089)
	at org.springframework.web.servlet.DispatcherServlet.doService(DispatcherServlet.java:979)
	at org.springframework.web.servlet.FrameworkServlet.processRequest(FrameworkServlet.java:1014)
	at org.springframework.web.servlet.FrameworkServlet.doPost(FrameworkServlet.java:914)
	at jakarta.servlet.http.HttpServlet.service(HttpServlet.java:590)
	at org.springframework.web.servlet.FrameworkServlet.service(FrameworkServlet.java:885)
	at jakarta.servlet.http.HttpServlet.service(HttpServlet.java:658)
	at org.apache.catalina.core.ApplicationFilterChain.internalDoFilter(ApplicationFilterChain.java:195)
	at org.apache.catalina.core.ApplicationFilterChain.doFilter(ApplicationFilterChain.java:140)
	at org.apache.tomcat.websocket.server.WsFilter.doFilter(WsFilter.java:51)
	at org.apache.catalina.core.ApplicationFilterChain.internalDoFilter(ApplicationFilterChain.java:164)
	at org.apache.catalina.core.ApplicationFilterChain.doFilter(ApplicationFilterChain.java:140)
	at org.springframework.web.filter.CompositeFilter$VirtualFilterChain.doFilter(CompositeFilter.java:108)
	at org.springframework.security.web.FilterChainProxy.lambda$doFilterInternal$3(FilterChainProxy.java:231)
	at org.springframework.security.web.FilterChainProxy$VirtualFilterChain.doFilter(FilterChainProxy.java:365)
	at org.springframework.security.web.access.ExceptionTranslationFilter.doFilter(ExceptionTranslationFilter.java:126)
	at org.springframework.security.web.access.ExceptionTranslationFilter.doFilter(ExceptionTranslationFilter.java:120)
	at org.springframework.security.web.FilterChainProxy$VirtualFilterChain.doFilter(FilterChainProxy.java:374)
	at org.springframework.security.web.authentication.AnonymousAuthenticationFilter.doFilter(AnonymousAuthenticationFilter.java:100)
	at org.springframework.security.web.FilterChainProxy$VirtualFilterChain.doFilter(FilterChainProxy.java:374)
	at org.springframework.security.web.servletapi.SecurityContextHolderAwareRequestFilter.doFilter(SecurityContextHolderAwareRequestFilter.java:179)
	at org.springframework.security.web.FilterChainProxy$VirtualFilterChain.doFilter(FilterChainProxy.java:374)
	at org.springframework.security.web.savedrequest.RequestCacheAwareFilter.doFilter(RequestCacheAwareFilter.java:63)
	at org.springframework.security.web.FilterChainProxy$VirtualFilterChain.doFilter(FilterChainProxy.java:374)
	at org.springframework.security.web.authentication.AbstractAuthenticationProcessingFilter.doFilter(AbstractAuthenticationProcessingFilter.java:227)
	at org.springframework.security.web.authentication.AbstractAuthenticationProcessingFilter.doFilter(AbstractAuthenticationProcessingFilter.java:221)
	at org.springframework.security.web.FilterChainProxy$VirtualFilterChain.doFilter(FilterChainProxy.java:374)
	at org.springframework.security.web.authentication.logout.LogoutFilter.doFilter(LogoutFilter.java:107)
	at org.springframework.security.web.authentication.logout.LogoutFilter.doFilter(LogoutFilter.java:93)
	at org.springframework.security.web.FilterChainProxy$VirtualFilterChain.doFilter(FilterChainProxy.java:374)
	at org.springframework.security.web.csrf.CsrfFilter.doFilterInternal(CsrfFilter.java:131)
	at org.springframework.web.filter.OncePerRequestFilter.doFilter(OncePerRequestFilter.java:116)
	at org.springframework.security.web.FilterChainProxy$VirtualFilterChain.doFilter(FilterChainProxy.java:374)
	at org.springframework.security.web.header.HeaderWriterFilter.doHeadersAfter(HeaderWriterFilter.java:90)
	at org.springframework.security.web.header.HeaderWriterFilter.doFilterInternal(HeaderWriterFilter.java:75)
	at org.springframework.web.filter.OncePerRequestFilter.doFilter(OncePerRequestFilter.java:116)
	at org.springframework.security.web.FilterChainProxy$VirtualFilterChain.doFilter(FilterChainProxy.java:374)
	at org.springframework.security.web.context.SecurityContextHolderFilter.doFilter(SecurityContextHolderFilter.java:82)
	at org.springframework.security.web.context.SecurityContextHolderFilter.doFilter(SecurityContextHolderFilter.java:69)
	at org.springframework.security.web.FilterChainProxy$VirtualFilterChain.doFilter(FilterChainProxy.java:374)
	at org.springframework.security.web.context.request.async.WebAsyncManagerIntegrationFilter.doFilterInternal(WebAsyncManagerIntegrationFilter.java:62)
	at org.springframework.web.filter.OncePerRequestFilter.doFilter(OncePerRequestFilter.java:116)
	at org.springframework.security.web.FilterChainProxy$VirtualFilterChain.doFilter(FilterChainProxy.java:374)
	at org.springframework.security.web.session.DisableEncodeUrlFilter.doFilterInternal(DisableEncodeUrlFilter.java:42)
	at org.springframework.web.filter.OncePerRequestFilter.doFilter(OncePerRequestFilter.java:116)
	at org.springframework.security.web.FilterChainProxy$VirtualFilterChain.doFilter(FilterChainProxy.java:374)
	at org.springframework.security.web.FilterChainProxy.doFilterInternal(FilterChainProxy.java:233)
	at org.springframework.security.web.FilterChainProxy.doFilter(FilterChainProxy.java:191)
	at org.springframework.web.filter.CompositeFilter$VirtualFilterChain.doFilter(CompositeFilter.java:113)
	at org.springframework.web.servlet.handler.HandlerMappingIntrospector.lambda$createCacheFilter$3(HandlerMappingIntrospector.java:195)
	at org.springframework.web.filter.CompositeFilter$VirtualFilterChain.doFilter(CompositeFilter.java:113)
	at org.springframework.web.filter.CompositeFilter.doFilter(CompositeFilter.java:74)
	at org.springframework.security.config.annotation.web.configuration.WebMvcSecurityConfiguration$CompositeFilterChainProxy.doFilter(WebMvcSecurityConfiguration.java:230)
	at org.springframework.web.filter.DelegatingFilterProxy.invokeDelegate(DelegatingFilterProxy.java:352)
	at org.springframework.web.filter.DelegatingFilterProxy.doFilter(DelegatingFilterProxy.java:268)
	at org.apache.catalina.core.ApplicationFilterChain.internalDoFilter(ApplicationFilterChain.java:164)
	at org.apache.catalina.core.ApplicationFilterChain.doFilter(ApplicationFilterChain.java:140)
	at org.springframework.web.filter.RequestContextFilter.doFilterInternal(RequestContextFilter.java:100)
	at org.springframework.web.filter.OncePerRequestFilter.doFilter(OncePerRequestFilter.java:116)
	at org.apache.catalina.core.ApplicationFilterChain.internalDoFilter(ApplicationFilterChain.java:164)
	at org.apache.catalina.core.ApplicationFilterChain.doFilter(ApplicationFilterChain.java:140)
	at org.springframework.web.filter.FormContentFilter.doFilterInternal(FormContentFilter.java:93)
	at org.springframework.web.filter.OncePerRequestFilter.doFilter(OncePerRequestFilter.java:116)
	at org.apache.catalina.core.ApplicationFilterChain.internalDoFilter(ApplicationFilterChain.java:164)
	at org.apache.catalina.core.ApplicationFilterChain.doFilter(ApplicationFilterChain.java:140)
	at org.springframework.web.filter.CharacterEncodingFilter.doFilterInternal(CharacterEncodingFilter.java:201)
	at org.springframework.web.filter.OncePerRequestFilter.doFilter(OncePerRequestFilter.java:116)
	at org.apache.catalina.core.ApplicationFilterChain.internalDoFilter(ApplicationFilterChain.java:164)
	at org.apache.catalina.core.ApplicationFilterChain.doFilter(ApplicationFilterChain.java:140)
	at org.apache.catalina.core.StandardWrapperValve.invoke(StandardWrapperValve.java:167)
	at org.apache.catalina.core.StandardContextValve.invoke(StandardContextValve.java:90)
	at org.apache.catalina.authenticator.AuthenticatorBase.invoke(AuthenticatorBase.java:483)
	at org.apache.catalina.core.StandardHostValve.invoke(StandardHostValve.java:115)
	at org.apache.catalina.valves.ErrorReportValve.invoke(ErrorReportValve.java:93)
	at org.apache.catalina.core.StandardEngineValve.invoke(StandardEngineValve.java:74)
	at org.apache.catalina.connector.CoyoteAdapter.service(CoyoteAdapter.java:344)
	at org.apache.coyote.http11.Http11Processor.service(Http11Processor.java:384)
	at org.apache.coyote.AbstractProcessorLight.process(AbstractProcessorLight.java:63)
	at org.apache.coyote.AbstractProtocol$ConnectionHandler.process(AbstractProtocol.java:904)
	at org.apache.tomcat.util.net.NioEndpoint$SocketProcessor.doRun(NioEndpoint.java:1741)
	at org.apache.tomcat.util.net.SocketProcessorBase.run(SocketProcessorBase.java:52)
	at org.apache.tomcat.util.threads.ThreadPoolExecutor.runWorker(ThreadPoolExecutor.java:1190)
	at org.apache.tomcat.util.threads.ThreadPoolExecutor$Worker.run(ThreadPoolExecutor.java:659)
	at org.apache.tomcat.util.threads.TaskThread$WrappingRunnable.run(TaskThread.java:63)
	at java.base/java.lang.Thread.run(Thread.java:840)
2025-05-02 12:54:10 [File Watcher] INFO  o.s.b.d.a.LocalDevToolsAutoConfiguration$RestartingClassPathChangeChangedEventListener - Restarting due to 2 class path changes (0 additions, 0 deletions, 2 modifications)
2025-05-02 12:54:10 [Thread-15] INFO  o.a.coyote.http11.Http11NioProtocol - Stopping ProtocolHandler ["http-nio-8080"]
2025-05-02 12:54:10 [Thread-15] INFO  o.s.o.j.LocalContainerEntityManagerFactoryBean - Closing JPA EntityManagerFactory for persistence unit 'default'
2025-05-02 12:54:10 [Thread-15] INFO  com.zaxxer.hikari.HikariDataSource - HikariPool-4 - Shutdown initiated...
2025-05-02 12:54:10 [Thread-15] INFO  com.zaxxer.hikari.HikariDataSource - HikariPool-4 - Shutdown completed.
2025-05-02 12:54:10 [restartedMain] INFO  c.d.w.DroneInventorySystemApplication - Starting DroneInventorySystemApplication using Java 17.0.10 with PID 773 (/Users/KurokiKazuma/Workspace/Digital-OJT/DroneInventorySystem/target/classes started by KurokiKazuma in /Users/KurokiKazuma/Workspace/Digital-OJT/DroneInventorySystem)
2025-05-02 12:54:10 [restartedMain] INFO  c.d.w.DroneInventorySystemApplication - The following 1 profile is active: "develop"
2025-05-02 12:54:11 [restartedMain] INFO  o.s.d.r.c.RepositoryConfigurationDelegate - Bootstrapping Spring Data JPA repositories in DEFAULT mode.
2025-05-02 12:54:11 [restartedMain] INFO  o.s.d.r.c.RepositoryConfigurationDelegate - Finished Spring Data repository scanning in 17 ms. Found 4 JPA repository interfaces.
2025-05-02 12:54:11 [restartedMain] INFO  o.s.b.w.e.tomcat.TomcatWebServer - Tomcat initialized with port 8080 (http)
2025-05-02 12:54:11 [restartedMain] INFO  o.a.coyote.http11.Http11NioProtocol - Initializing ProtocolHandler ["http-nio-8080"]
2025-05-02 12:54:11 [restartedMain] INFO  o.a.catalina.core.StandardService - Starting service [Tomcat]
2025-05-02 12:54:11 [restartedMain] INFO  o.a.catalina.core.StandardEngine - Starting Servlet engine: [Apache Tomcat/10.1.28]
2025-05-02 12:54:11 [restartedMain] INFO  o.a.c.c.C.[Tomcat].[localhost].[/] - Initializing Spring embedded WebApplicationContext
2025-05-02 12:54:11 [restartedMain] INFO  o.s.b.w.s.c.ServletWebServerApplicationContext - Root WebApplicationContext: initialization completed in 399 ms
2025-05-02 12:54:11 [restartedMain] INFO  com.zaxxer.hikari.HikariDataSource - HikariPool-5 - Starting...
2025-05-02 12:54:11 [restartedMain] INFO  com.zaxxer.hikari.pool.HikariPool - HikariPool-5 - Added connection com.mysql.cj.jdbc.ConnectionImpl@77d37673
2025-05-02 12:54:11 [restartedMain] INFO  com.zaxxer.hikari.HikariDataSource - HikariPool-5 - Start completed.
2025-05-02 12:54:11 [restartedMain] INFO  o.s.b.a.h.H2ConsoleAutoConfiguration - H2 console available at '/h2-console'. Database available at 'jdbc:mysql://localhost:3306/stock_mng'
2025-05-02 12:54:11 [restartedMain] INFO  o.s.o.j.p.SpringPersistenceUnitInfo - No LoadTimeWeaver setup: ignoring JPA class transformer
2025-05-02 12:54:11 [restartedMain] INFO  o.s.o.j.LocalContainerEntityManagerFactoryBean - Initialized JPA EntityManagerFactory for persistence unit 'default'
2025-05-02 12:54:11 [restartedMain] WARN  o.s.b.a.o.j.JpaBaseConfiguration$JpaWebConfiguration - spring.jpa.open-in-view is enabled by default. Therefore, database queries may be performed during view rendering. Explicitly configure spring.jpa.open-in-view to disable this warning
2025-05-02 12:54:11 [restartedMain] WARN  o.s.b.a.s.s.UserDetailsServiceAutoConfiguration - 

Using generated security password: 6b2537da-06db-41e8-8783-3d822e2f19cf

This generated password is for development use only. Your security configuration must be updated before running your application in production.

2025-05-02 12:54:11 [restartedMain] INFO  o.s.s.web.DefaultSecurityFilterChain - Will secure any request with [org.springframework.security.web.session.DisableEncodeUrlFilter@ee61624, org.springframework.security.web.context.request.async.WebAsyncManagerIntegrationFilter@3bc4c9f2, org.springframework.security.web.context.SecurityContextHolderFilter@3c2c0d8a, org.springframework.security.web.header.HeaderWriterFilter@18fa161c, org.springframework.security.web.csrf.CsrfFilter@7f83cc02, org.springframework.security.web.authentication.logout.LogoutFilter@5335f34c, org.springframework.security.web.authentication.UsernamePasswordAuthenticationFilter@7a9b85d, org.springframework.security.web.savedrequest.RequestCacheAwareFilter@5d2e25d1, org.springframework.security.web.servletapi.SecurityContextHolderAwareRequestFilter@6b87e9ee, org.springframework.security.web.authentication.AnonymousAuthenticationFilter@4717e255, org.springframework.security.web.access.ExceptionTranslationFilter@7cd948c2]
2025-05-02 12:54:11 [restartedMain] INFO  o.s.b.d.a.OptionalLiveReloadServer - LiveReload server is running on port 35729
2025-05-02 12:54:11 [restartedMain] INFO  o.a.coyote.http11.Http11NioProtocol - Starting ProtocolHandler ["http-nio-8080"]
2025-05-02 12:54:11 [restartedMain] INFO  o.s.b.w.e.tomcat.TomcatWebServer - Tomcat started on port 8080 (http) with context path ''
2025-05-02 12:54:11 [restartedMain] INFO  c.d.w.DroneInventorySystemApplication - Started DroneInventorySystemApplication in 0.968 seconds (process running for 959.742)
2025-05-02 12:54:11 [restartedMain] INFO  o.s.b.d.a.ConditionEvaluationDeltaLoggingListener - Condition evaluation unchanged
2025-05-02 12:54:30 [File Watcher] INFO  o.s.b.d.a.LocalDevToolsAutoConfiguration$RestartingClassPathChangeChangedEventListener - Restarting due to 1 class path change (0 additions, 0 deletions, 1 modification)
2025-05-02 12:54:30 [Thread-19] INFO  o.a.coyote.http11.Http11NioProtocol - Stopping ProtocolHandler ["http-nio-8080"]
2025-05-02 12:54:30 [Thread-19] INFO  o.s.o.j.LocalContainerEntityManagerFactoryBean - Closing JPA EntityManagerFactory for persistence unit 'default'
2025-05-02 12:54:30 [Thread-19] INFO  com.zaxxer.hikari.HikariDataSource - HikariPool-5 - Shutdown initiated...
2025-05-02 12:54:30 [Thread-19] INFO  com.zaxxer.hikari.HikariDataSource - HikariPool-5 - Shutdown completed.
2025-05-02 12:54:30 [restartedMain] INFO  c.d.w.DroneInventorySystemApplication - Starting DroneInventorySystemApplication using Java 17.0.10 with PID 773 (/Users/KurokiKazuma/Workspace/Digital-OJT/DroneInventorySystem/target/classes started by KurokiKazuma in /Users/KurokiKazuma/Workspace/Digital-OJT/DroneInventorySystem)
2025-05-02 12:54:30 [restartedMain] INFO  c.d.w.DroneInventorySystemApplication - The following 1 profile is active: "develop"
2025-05-02 12:54:30 [restartedMain] INFO  o.s.d.r.c.RepositoryConfigurationDelegate - Bootstrapping Spring Data JPA repositories in DEFAULT mode.
2025-05-02 12:54:30 [restartedMain] INFO  o.s.d.r.c.RepositoryConfigurationDelegate - Finished Spring Data repository scanning in 14 ms. Found 4 JPA repository interfaces.
2025-05-02 12:54:30 [restartedMain] INFO  o.s.b.w.e.tomcat.TomcatWebServer - Tomcat initialized with port 8080 (http)
2025-05-02 12:54:30 [restartedMain] INFO  o.a.coyote.http11.Http11NioProtocol - Initializing ProtocolHandler ["http-nio-8080"]
2025-05-02 12:54:30 [restartedMain] INFO  o.a.catalina.core.StandardService - Starting service [Tomcat]
2025-05-02 12:54:30 [restartedMain] INFO  o.a.catalina.core.StandardEngine - Starting Servlet engine: [Apache Tomcat/10.1.28]
2025-05-02 12:54:30 [restartedMain] INFO  o.a.c.c.C.[Tomcat].[localhost].[/] - Initializing Spring embedded WebApplicationContext
2025-05-02 12:54:30 [restartedMain] INFO  o.s.b.w.s.c.ServletWebServerApplicationContext - Root WebApplicationContext: initialization completed in 310 ms
2025-05-02 12:54:30 [restartedMain] INFO  com.zaxxer.hikari.HikariDataSource - HikariPool-6 - Starting...
2025-05-02 12:54:30 [restartedMain] INFO  com.zaxxer.hikari.pool.HikariPool - HikariPool-6 - Added connection com.mysql.cj.jdbc.ConnectionImpl@4f936799
2025-05-02 12:54:30 [restartedMain] INFO  com.zaxxer.hikari.HikariDataSource - HikariPool-6 - Start completed.
2025-05-02 12:54:30 [restartedMain] INFO  o.s.b.a.h.H2ConsoleAutoConfiguration - H2 console available at '/h2-console'. Database available at 'jdbc:mysql://localhost:3306/stock_mng'
2025-05-02 12:54:30 [restartedMain] INFO  o.s.o.j.p.SpringPersistenceUnitInfo - No LoadTimeWeaver setup: ignoring JPA class transformer
2025-05-02 12:54:30 [restartedMain] INFO  o.s.o.j.LocalContainerEntityManagerFactoryBean - Initialized JPA EntityManagerFactory for persistence unit 'default'
2025-05-02 12:54:31 [restartedMain] WARN  o.s.b.a.o.j.JpaBaseConfiguration$JpaWebConfiguration - spring.jpa.open-in-view is enabled by default. Therefore, database queries may be performed during view rendering. Explicitly configure spring.jpa.open-in-view to disable this warning
2025-05-02 12:54:31 [restartedMain] WARN  o.s.b.a.s.s.UserDetailsServiceAutoConfiguration - 

Using generated security password: 3a72830f-be7e-48d1-9442-bb1be9a8e830

This generated password is for development use only. Your security configuration must be updated before running your application in production.

2025-05-02 12:54:31 [restartedMain] INFO  o.s.s.web.DefaultSecurityFilterChain - Will secure any request with [org.springframework.security.web.session.DisableEncodeUrlFilter@7286bfb4, org.springframework.security.web.context.request.async.WebAsyncManagerIntegrationFilter@c1d946e, org.springframework.security.web.context.SecurityContextHolderFilter@55e701d4, org.springframework.security.web.header.HeaderWriterFilter@607ed312, org.springframework.security.web.csrf.CsrfFilter@67726cfb, org.springframework.security.web.authentication.logout.LogoutFilter@b674463, org.springframework.security.web.authentication.UsernamePasswordAuthenticationFilter@1fa490ba, org.springframework.security.web.savedrequest.RequestCacheAwareFilter@2106aa27, org.springframework.security.web.servletapi.SecurityContextHolderAwareRequestFilter@7013ab99, org.springframework.security.web.authentication.AnonymousAuthenticationFilter@3de89dd2, org.springframework.security.web.access.ExceptionTranslationFilter@a29cf]
2025-05-02 12:54:31 [restartedMain] INFO  o.s.b.d.a.OptionalLiveReloadServer - LiveReload server is running on port 35729
2025-05-02 12:54:31 [restartedMain] INFO  o.a.coyote.http11.Http11NioProtocol - Starting ProtocolHandler ["http-nio-8080"]
2025-05-02 12:54:31 [restartedMain] INFO  o.s.b.w.e.tomcat.TomcatWebServer - Tomcat started on port 8080 (http) with context path ''
2025-05-02 12:54:31 [restartedMain] INFO  c.d.w.DroneInventorySystemApplication - Started DroneInventorySystemApplication in 0.834 seconds (process running for 979.32)
2025-05-02 12:54:31 [restartedMain] INFO  o.s.b.d.a.ConditionEvaluationDeltaLoggingListener - Condition evaluation unchanged
2025-05-02 12:55:12 [File Watcher] INFO  o.s.b.d.a.LocalDevToolsAutoConfiguration$RestartingClassPathChangeChangedEventListener - Restarting due to 1 class path change (0 additions, 0 deletions, 1 modification)
2025-05-02 12:55:12 [Thread-23] INFO  o.a.coyote.http11.Http11NioProtocol - Stopping ProtocolHandler ["http-nio-8080"]
2025-05-02 12:55:12 [Thread-23] INFO  o.s.o.j.LocalContainerEntityManagerFactoryBean - Closing JPA EntityManagerFactory for persistence unit 'default'
2025-05-02 12:55:12 [Thread-23] INFO  com.zaxxer.hikari.HikariDataSource - HikariPool-6 - Shutdown initiated...
2025-05-02 12:55:12 [Thread-23] INFO  com.zaxxer.hikari.HikariDataSource - HikariPool-6 - Shutdown completed.
2025-05-02 12:55:12 [restartedMain] INFO  c.d.w.DroneInventorySystemApplication - Starting DroneInventorySystemApplication using Java 17.0.10 with PID 773 (/Users/KurokiKazuma/Workspace/Digital-OJT/DroneInventorySystem/target/classes started by KurokiKazuma in /Users/KurokiKazuma/Workspace/Digital-OJT/DroneInventorySystem)
2025-05-02 12:55:12 [restartedMain] INFO  c.d.w.DroneInventorySystemApplication - The following 1 profile is active: "develop"
2025-05-02 12:55:12 [restartedMain] INFO  o.s.d.r.c.RepositoryConfigurationDelegate - Bootstrapping Spring Data JPA repositories in DEFAULT mode.
2025-05-02 12:55:12 [restartedMain] INFO  o.s.d.r.c.RepositoryConfigurationDelegate - Finished Spring Data repository scanning in 15 ms. Found 4 JPA repository interfaces.
2025-05-02 12:55:12 [restartedMain] INFO  o.s.b.w.e.tomcat.TomcatWebServer - Tomcat initialized with port 8080 (http)
2025-05-02 12:55:12 [restartedMain] INFO  o.a.coyote.http11.Http11NioProtocol - Initializing ProtocolHandler ["http-nio-8080"]
2025-05-02 12:55:12 [restartedMain] INFO  o.a.catalina.core.StandardService - Starting service [Tomcat]
2025-05-02 12:55:12 [restartedMain] INFO  o.a.catalina.core.StandardEngine - Starting Servlet engine: [Apache Tomcat/10.1.28]
2025-05-02 12:55:12 [restartedMain] INFO  o.a.c.c.C.[Tomcat].[localhost].[/] - Initializing Spring embedded WebApplicationContext
2025-05-02 12:55:12 [restartedMain] INFO  o.s.b.w.s.c.ServletWebServerApplicationContext - Root WebApplicationContext: initialization completed in 318 ms
2025-05-02 12:55:12 [restartedMain] INFO  com.zaxxer.hikari.HikariDataSource - HikariPool-7 - Starting...
2025-05-02 12:55:12 [restartedMain] INFO  com.zaxxer.hikari.pool.HikariPool - HikariPool-7 - Added connection com.mysql.cj.jdbc.ConnectionImpl@208be261
2025-05-02 12:55:12 [restartedMain] INFO  com.zaxxer.hikari.HikariDataSource - HikariPool-7 - Start completed.
2025-05-02 12:55:12 [restartedMain] INFO  o.s.b.a.h.H2ConsoleAutoConfiguration - H2 console available at '/h2-console'. Database available at 'jdbc:mysql://localhost:3306/stock_mng'
2025-05-02 12:55:12 [restartedMain] INFO  o.s.o.j.p.SpringPersistenceUnitInfo - No LoadTimeWeaver setup: ignoring JPA class transformer
2025-05-02 12:55:12 [restartedMain] INFO  o.s.o.j.LocalContainerEntityManagerFactoryBean - Initialized JPA EntityManagerFactory for persistence unit 'default'
2025-05-02 12:55:12 [restartedMain] WARN  o.s.b.a.o.j.JpaBaseConfiguration$JpaWebConfiguration - spring.jpa.open-in-view is enabled by default. Therefore, database queries may be performed during view rendering. Explicitly configure spring.jpa.open-in-view to disable this warning
2025-05-02 12:55:13 [restartedMain] WARN  o.s.b.a.s.s.UserDetailsServiceAutoConfiguration - 

Using generated security password: 64ba6c57-c4f9-4888-8f1d-84d1613a3a92

This generated password is for development use only. Your security configuration must be updated before running your application in production.

2025-05-02 12:55:13 [restartedMain] INFO  o.s.s.web.DefaultSecurityFilterChain - Will secure any request with [org.springframework.security.web.session.DisableEncodeUrlFilter@481011d8, org.springframework.security.web.context.request.async.WebAsyncManagerIntegrationFilter@2dad8f9d, org.springframework.security.web.context.SecurityContextHolderFilter@4dc8c752, org.springframework.security.web.header.HeaderWriterFilter@cfd114, org.springframework.security.web.csrf.CsrfFilter@c200cc4, org.springframework.security.web.authentication.logout.LogoutFilter@4edda229, org.springframework.security.web.authentication.UsernamePasswordAuthenticationFilter@1a2b255d, org.springframework.security.web.savedrequest.RequestCacheAwareFilter@4182b403, org.springframework.security.web.servletapi.SecurityContextHolderAwareRequestFilter@3b9d3e8e, org.springframework.security.web.authentication.AnonymousAuthenticationFilter@ec2aceb, org.springframework.security.web.access.ExceptionTranslationFilter@75fa74a]
2025-05-02 12:55:13 [restartedMain] INFO  o.s.b.d.a.OptionalLiveReloadServer - LiveReload server is running on port 35729
2025-05-02 12:55:13 [restartedMain] INFO  o.a.coyote.http11.Http11NioProtocol - Starting ProtocolHandler ["http-nio-8080"]
2025-05-02 12:55:13 [restartedMain] INFO  o.s.b.w.e.tomcat.TomcatWebServer - Tomcat started on port 8080 (http) with context path ''
2025-05-02 12:55:13 [restartedMain] INFO  c.d.w.DroneInventorySystemApplication - Started DroneInventorySystemApplication in 0.911 seconds (process running for 1021.266)
2025-05-02 12:55:13 [restartedMain] INFO  o.s.b.d.a.ConditionEvaluationDeltaLoggingListener - Condition evaluation unchanged
2025-05-02 12:55:15 [File Watcher] INFO  o.s.b.d.a.LocalDevToolsAutoConfiguration$RestartingClassPathChangeChangedEventListener - Restarting due to 2 class path changes (0 additions, 0 deletions, 2 modifications)
2025-05-02 12:55:15 [Thread-27] INFO  o.a.coyote.http11.Http11NioProtocol - Stopping ProtocolHandler ["http-nio-8080"]
2025-05-02 12:55:15 [Thread-27] INFO  o.s.o.j.LocalContainerEntityManagerFactoryBean - Closing JPA EntityManagerFactory for persistence unit 'default'
2025-05-02 12:55:15 [Thread-27] INFO  com.zaxxer.hikari.HikariDataSource - HikariPool-7 - Shutdown initiated...
2025-05-02 12:55:15 [Thread-27] INFO  com.zaxxer.hikari.HikariDataSource - HikariPool-7 - Shutdown completed.
2025-05-02 12:55:15 [restartedMain] INFO  c.d.w.DroneInventorySystemApplication - Starting DroneInventorySystemApplication using Java 17.0.10 with PID 773 (/Users/KurokiKazuma/Workspace/Digital-OJT/DroneInventorySystem/target/classes started by KurokiKazuma in /Users/KurokiKazuma/Workspace/Digital-OJT/DroneInventorySystem)
2025-05-02 12:55:15 [restartedMain] INFO  c.d.w.DroneInventorySystemApplication - The following 1 profile is active: "develop"
2025-05-02 12:55:15 [restartedMain] INFO  o.s.d.r.c.RepositoryConfigurationDelegate - Bootstrapping Spring Data JPA repositories in DEFAULT mode.
2025-05-02 12:55:15 [restartedMain] INFO  o.s.d.r.c.RepositoryConfigurationDelegate - Finished Spring Data repository scanning in 18 ms. Found 4 JPA repository interfaces.
2025-05-02 12:55:16 [restartedMain] INFO  o.s.b.w.e.tomcat.TomcatWebServer - Tomcat initialized with port 8080 (http)
2025-05-02 12:55:16 [restartedMain] INFO  o.a.coyote.http11.Http11NioProtocol - Initializing ProtocolHandler ["http-nio-8080"]
2025-05-02 12:55:16 [restartedMain] INFO  o.a.catalina.core.StandardService - Starting service [Tomcat]
2025-05-02 12:55:16 [restartedMain] INFO  o.a.catalina.core.StandardEngine - Starting Servlet engine: [Apache Tomcat/10.1.28]
2025-05-02 12:55:16 [restartedMain] INFO  o.a.c.c.C.[Tomcat].[localhost].[/] - Initializing Spring embedded WebApplicationContext
2025-05-02 12:55:16 [restartedMain] INFO  o.s.b.w.s.c.ServletWebServerApplicationContext - Root WebApplicationContext: initialization completed in 287 ms
2025-05-02 12:55:16 [restartedMain] INFO  com.zaxxer.hikari.HikariDataSource - HikariPool-8 - Starting...
2025-05-02 12:55:16 [restartedMain] INFO  com.zaxxer.hikari.pool.HikariPool - HikariPool-8 - Added connection com.mysql.cj.jdbc.ConnectionImpl@32486c57
2025-05-02 12:55:16 [restartedMain] INFO  com.zaxxer.hikari.HikariDataSource - HikariPool-8 - Start completed.
2025-05-02 12:55:16 [restartedMain] INFO  o.s.b.a.h.H2ConsoleAutoConfiguration - H2 console available at '/h2-console'. Database available at 'jdbc:mysql://localhost:3306/stock_mng'
2025-05-02 12:55:16 [restartedMain] INFO  o.s.o.j.p.SpringPersistenceUnitInfo - No LoadTimeWeaver setup: ignoring JPA class transformer
2025-05-02 12:55:16 [restartedMain] INFO  o.s.o.j.LocalContainerEntityManagerFactoryBean - Initialized JPA EntityManagerFactory for persistence unit 'default'
2025-05-02 12:55:16 [restartedMain] WARN  o.s.b.a.o.j.JpaBaseConfiguration$JpaWebConfiguration - spring.jpa.open-in-view is enabled by default. Therefore, database queries may be performed during view rendering. Explicitly configure spring.jpa.open-in-view to disable this warning
2025-05-02 12:55:16 [restartedMain] WARN  o.s.b.a.s.s.UserDetailsServiceAutoConfiguration - 

Using generated security password: 26f03752-9316-4d86-9c34-4f14ac95d509

This generated password is for development use only. Your security configuration must be updated before running your application in production.

2025-05-02 12:55:16 [restartedMain] INFO  o.s.s.web.DefaultSecurityFilterChain - Will secure any request with [org.springframework.security.web.session.DisableEncodeUrlFilter@6a4a8823, org.springframework.security.web.context.request.async.WebAsyncManagerIntegrationFilter@4d10947e, org.springframework.security.web.context.SecurityContextHolderFilter@192ffdb7, org.springframework.security.web.header.HeaderWriterFilter@195eddfa, org.springframework.security.web.csrf.CsrfFilter@6275bc6e, org.springframework.security.web.authentication.logout.LogoutFilter@343a31c9, org.springframework.security.web.authentication.UsernamePasswordAuthenticationFilter@570ed44a, org.springframework.security.web.savedrequest.RequestCacheAwareFilter@5676b430, org.springframework.security.web.servletapi.SecurityContextHolderAwareRequestFilter@3dc00737, org.springframework.security.web.authentication.AnonymousAuthenticationFilter@2841506c, org.springframework.security.web.access.ExceptionTranslationFilter@f3c8c2d]
2025-05-02 12:55:16 [restartedMain] INFO  o.s.b.d.a.OptionalLiveReloadServer - LiveReload server is running on port 35729
2025-05-02 12:55:16 [restartedMain] INFO  o.a.coyote.http11.Http11NioProtocol - Starting ProtocolHandler ["http-nio-8080"]
2025-05-02 12:55:16 [restartedMain] INFO  o.s.b.w.e.tomcat.TomcatWebServer - Tomcat started on port 8080 (http) with context path ''
2025-05-02 12:55:16 [restartedMain] INFO  c.d.w.DroneInventorySystemApplication - Started DroneInventorySystemApplication in 0.794 seconds (process running for 1024.578)
2025-05-02 12:55:16 [restartedMain] INFO  o.s.b.d.a.ConditionEvaluationDeltaLoggingListener - Condition evaluation unchanged
2025-05-02 12:56:28 [http-nio-8080-exec-1] INFO  o.a.c.c.C.[Tomcat].[localhost].[/] - Initializing Spring DispatcherServlet 'dispatcherServlet'
2025-05-02 12:56:28 [http-nio-8080-exec-1] INFO  o.s.web.servlet.DispatcherServlet - Initializing Servlet 'dispatcherServlet'
2025-05-02 12:56:28 [http-nio-8080-exec-1] INFO  o.s.web.servlet.DispatcherServlet - Completed initialization in 1 ms
2025-05-02 12:56:28 [http-nio-8080-exec-1] INFO  APP - 【INFO】時間: 1746158188350 | 処理対象: 在庫一覧画面 | 処理内容: 検索処理 | 処理結果: 開始
2025-05-02 12:56:28 [http-nio-8080-exec-1] ERROR APP - 【ERROR】時間: 1746158188356 | 処理対象: 在庫一覧画面 | 処理内容: 検索処理 | 処理結果: エラー | エラー内容: 在庫数には数値を入力してください。
2025-05-02 12:56:30 [http-nio-8080-exec-1] INFO  APP - 【INFO】時間: 1746158190980 | 処理対象: 在庫センター情報画面 | 処理内容: 初期表示 | 処理結果: 開始
2025-05-02 12:56:30 [http-nio-8080-exec-1] INFO  APP - 【INFO】時間: 1746158190991 | 処理対象: 在庫センター情報画面 | 処理内容: 初期表示 | 処理結果: 成功
2025-05-02 12:56:31 [http-nio-8080-exec-3] INFO  APP - 【INFO】時間: 1746158191699 | 処理対象: 在庫一覧画面 | 処理内容: 初期表示 | 処理結果: 開始
2025-05-02 12:56:31 [http-nio-8080-exec-3] INFO  APP - 【INFO】時間: 1746158191725 | 処理対象: 在庫一覧画面 | 処理内容: 初期表示 | 処理結果: 成功
2025-05-02 12:56:34 [http-nio-8080-exec-5] INFO  APP - 【INFO】時間: 1746158194603 | 処理対象: 在庫一覧画面 | 処理内容: 検索処理 | 処理結果: 開始
2025-05-02 12:56:34 [http-nio-8080-exec-5] ERROR APP - 【ERROR】時間: 1746158194610 | 処理対象: 在庫一覧画面 | 処理内容: 検索処理 | 処理結果: エラー | エラー内容: 在庫数には数値を入力してください。
2025-05-02 12:56:40 [http-nio-8080-exec-4] INFO  APP - 【INFO】時間: 1746158200942 | 処理対象: 在庫一覧画面 | 処理内容: 検索処理 | 処理結果: 開始
2025-05-02 12:56:40 [http-nio-8080-exec-4] INFO  APP - 【INFO】時間: 1746158200957 | 処理対象: 在庫一覧画面 | 処理内容: 検索処理 | 処理結果: 成功
2025-05-02 12:56:44 [http-nio-8080-exec-9] INFO  APP - 【INFO】時間: 1746158204832 | 処理対象: 在庫一覧画面 | 処理内容: 検索処理 | 処理結果: 開始
2025-05-02 12:56:44 [http-nio-8080-exec-9] ERROR APP - 【ERROR】時間: 1746158204840 | 処理対象: 在庫一覧画面 | 処理内容: 検索処理 | 処理結果: エラー | エラー内容: 在庫数には数値を入力してください。
2025-05-02 12:56:49 [http-nio-8080-exec-4] INFO  APP - 【INFO】時間: 1746158209616 | 処理対象: 在庫一覧画面 | 処理内容: 検索処理 | 処理結果: 開始
2025-05-02 12:56:49 [http-nio-8080-exec-4] ERROR APP - 【ERROR】時間: 1746158209623 | 処理対象: 在庫一覧画面 | 処理内容: 検索処理 | 処理結果: エラー | エラー内容: 在庫数の数値の大小関係は正しく入力してください。
2025-05-02 12:56:55 [http-nio-8080-exec-5] INFO  APP - 【INFO】時間: 1746158215045 | 処理対象: 在庫一覧画面 | 処理内容: 検索処理 | 処理結果: 開始
2025-05-02 12:56:55 [http-nio-8080-exec-5] ERROR APP - 【ERROR】時間: 1746158215053 | 処理対象: 在庫一覧画面 | 処理内容: 検索処理 | 処理結果: エラー | エラー内容: 在庫数には数値を入力してください。
2025-05-02 12:56:57 [http-nio-8080-exec-1] INFO  APP - 【INFO】時間: 1746158217748 | 処理対象: 在庫一覧画面 | 処理内容: 検索処理 | 処理結果: 開始
2025-05-02 12:56:57 [http-nio-8080-exec-1] INFO  APP - 【INFO】時間: 1746158217766 | 処理対象: 在庫一覧画面 | 処理内容: 検索処理 | 処理結果: 成功
2025-05-02 12:57:01 [http-nio-8080-exec-10] INFO  APP - 【INFO】時間: 1746158221488 | 処理対象: 在庫一覧画面 | 処理内容: 検索処理 | 処理結果: 開始
2025-05-02 12:57:01 [http-nio-8080-exec-10] INFO  APP - 【INFO】時間: 1746158221500 | 処理対象: 在庫一覧画面 | 処理内容: 検索処理 | 処理結果: 成功
2025-05-02 12:57:02 [http-nio-8080-exec-1] INFO  APP - 【INFO】時間: 1746158222868 | 処理対象: 在庫一覧画面 | 処理内容: 初期表示 | 処理結果: 開始
2025-05-02 12:57:02 [http-nio-8080-exec-1] INFO  APP - 【INFO】時間: 1746158222889 | 処理対象: 在庫一覧画面 | 処理内容: 初期表示 | 処理結果: 成功
2025-05-02 12:57:05 [http-nio-8080-exec-10] INFO  APP - 【INFO】時間: 1746158225749 | 処理対象: 在庫一覧画面 | 処理内容: 検索処理 | 処理結果: 開始
2025-05-02 12:57:05 [http-nio-8080-exec-10] ERROR APP - 【ERROR】時間: 1746158225757 | 処理対象: 在庫一覧画面 | 処理内容: 検索処理 | 処理結果: エラー | エラー内容: すべてのフィールドが空です。少なくとも1つのフィールドに値を入力してください。
2025-05-02 13:00:35 [http-nio-8080-exec-9] INFO  APP - 【INFO】時間: 1746158435775 | 処理対象: 在庫一覧画面 | 処理内容: 検索処理 | 処理結果: 開始
2025-05-02 13:00:35 [http-nio-8080-exec-9] ERROR APP - 【ERROR】時間: 1746158435778 | 処理対象: 在庫一覧画面 | 処理内容: 検索処理 | 処理結果: エラー | エラー内容: 部品名は20文字以内で入力してください。
2025-05-02 13:00:40 [http-nio-8080-exec-4] INFO  APP - 【INFO】時間: 1746158440081 | 処理対象: 在庫一覧画面 | 処理内容: 検索処理 | 処理結果: 開始
2025-05-02 13:00:40 [http-nio-8080-exec-4] ERROR APP - 【ERROR】時間: 1746158440088 | 処理対象: 在庫一覧画面 | 処理内容: 検索処理 | 処理結果: エラー | エラー内容: 部品名は20文字以内で入力してください。
2025-05-02 13:00:53 [http-nio-8080-exec-10] INFO  APP - 【INFO】時間: 1746158453532 | 処理対象: 在庫一覧画面 | 処理内容: 検索処理 | 処理結果: 開始
2025-05-02 13:00:53 [http-nio-8080-exec-10] ERROR APP - 【ERROR】時間: 1746158453537 | 処理対象: 在庫一覧画面 | 処理内容: 検索処理 | 処理結果: エラー | エラー内容: 不正な入力を検知しました。
2025-05-02 13:00:55 [http-nio-8080-exec-2] INFO  APP - 【INFO】時間: 1746158455968 | 処理対象: 在庫一覧画面 | 処理内容: 検索処理 | 処理結果: 開始
2025-05-02 13:00:55 [http-nio-8080-exec-2] ERROR APP - 【ERROR】時間: 1746158455978 | 処理対象: 在庫一覧画面 | 処理内容: 検索処理 | 処理結果: エラー | エラー内容: 在庫数には数値を入力してください。
2025-05-02 13:01:00 [http-nio-8080-exec-5] INFO  APP - 【INFO】時間: 1746158460572 | 処理対象: 在庫一覧画面 | 処理内容: 検索処理 | 処理結果: 開始
2025-05-02 13:01:00 [http-nio-8080-exec-5] ERROR APP - 【ERROR】時間: 1746158460580 | 処理対象: 在庫一覧画面 | 処理内容: 検索処理 | 処理結果: エラー | エラー内容: 在庫数には数値を入力してください。
2025-05-02 13:01:04 [http-nio-8080-exec-4] INFO  APP - 【INFO】時間: 1746158464593 | 処理対象: 在庫一覧画面 | 処理内容: 検索処理 | 処理結果: 開始
2025-05-02 13:01:04 [http-nio-8080-exec-4] ERROR APP - 【ERROR】時間: 1746158464603 | 処理対象: 在庫一覧画面 | 処理内容: 検索処理 | 処理結果: エラー | エラー内容: 在庫数の数値の大小関係は正しく入力してください。
2025-05-02 13:01:11 [http-nio-8080-exec-7] INFO  APP - 【INFO】時間: 1746158471099 | 処理対象: 在庫一覧画面 | 処理内容: 検索処理 | 処理結果: 開始
2025-05-02 13:01:11 [http-nio-8080-exec-7] INFO  APP - 【INFO】時間: 1746158471109 | 処理対象: 在庫一覧画面 | 処理内容: 検索処理 | 処理結果: 成功
2025-05-02 13:01:12 [http-nio-8080-exec-3] INFO  APP - 【INFO】時間: 1746158472923 | 処理対象: 在庫一覧画面 | 処理内容: 初期表示 | 処理結果: 開始
2025-05-02 13:01:12 [http-nio-8080-exec-3] INFO  APP - 【INFO】時間: 1746158472947 | 処理対象: 在庫一覧画面 | 処理内容: 初期表示 | 処理結果: 成功
2025-05-02 13:22:25 [File Watcher] INFO  o.s.b.d.a.LocalDevToolsAutoConfiguration$RestartingClassPathChangeChangedEventListener - Restarting due to 1 class path change (0 additions, 0 deletions, 1 modification)
2025-05-02 13:22:25 [Thread-31] INFO  o.a.coyote.http11.Http11NioProtocol - Stopping ProtocolHandler ["http-nio-8080"]
2025-05-02 13:22:25 [Thread-31] INFO  o.s.o.j.LocalContainerEntityManagerFactoryBean - Closing JPA EntityManagerFactory for persistence unit 'default'
2025-05-02 13:22:25 [Thread-31] INFO  com.zaxxer.hikari.HikariDataSource - HikariPool-8 - Shutdown initiated...
2025-05-02 13:22:25 [Thread-31] INFO  com.zaxxer.hikari.HikariDataSource - HikariPool-8 - Shutdown completed.
2025-05-02 13:22:25 [restartedMain] INFO  c.d.w.DroneInventorySystemApplication - Starting DroneInventorySystemApplication using Java 17.0.10 with PID 773 (/Users/KurokiKazuma/Workspace/Digital-OJT/DroneInventorySystem/target/classes started by KurokiKazuma in /Users/KurokiKazuma/Workspace/Digital-OJT/DroneInventorySystem)
2025-05-02 13:22:25 [restartedMain] INFO  c.d.w.DroneInventorySystemApplication - The following 1 profile is active: "develop"
2025-05-02 13:22:25 [restartedMain] INFO  o.s.d.r.c.RepositoryConfigurationDelegate - Bootstrapping Spring Data JPA repositories in DEFAULT mode.
2025-05-02 13:22:25 [restartedMain] INFO  o.s.d.r.c.RepositoryConfigurationDelegate - Finished Spring Data repository scanning in 14 ms. Found 4 JPA repository interfaces.
2025-05-02 13:22:25 [restartedMain] INFO  o.s.b.w.e.tomcat.TomcatWebServer - Tomcat initialized with port 8080 (http)
2025-05-02 13:22:25 [restartedMain] INFO  o.a.coyote.http11.Http11NioProtocol - Initializing ProtocolHandler ["http-nio-8080"]
2025-05-02 13:22:25 [restartedMain] INFO  o.a.catalina.core.StandardService - Starting service [Tomcat]
2025-05-02 13:22:25 [restartedMain] INFO  o.a.catalina.core.StandardEngine - Starting Servlet engine: [Apache Tomcat/10.1.28]
2025-05-02 13:22:25 [restartedMain] INFO  o.a.c.c.C.[Tomcat].[localhost].[/] - Initializing Spring embedded WebApplicationContext
2025-05-02 13:22:25 [restartedMain] INFO  o.s.b.w.s.c.ServletWebServerApplicationContext - Root WebApplicationContext: initialization completed in 390 ms
2025-05-02 13:22:25 [restartedMain] INFO  com.zaxxer.hikari.HikariDataSource - HikariPool-9 - Starting...
2025-05-02 13:22:25 [restartedMain] INFO  com.zaxxer.hikari.pool.HikariPool - HikariPool-9 - Added connection com.mysql.cj.jdbc.ConnectionImpl@6be9addd
2025-05-02 13:22:25 [restartedMain] INFO  com.zaxxer.hikari.HikariDataSource - HikariPool-9 - Start completed.
2025-05-02 13:22:25 [restartedMain] INFO  o.s.b.a.h.H2ConsoleAutoConfiguration - H2 console available at '/h2-console'. Database available at 'jdbc:mysql://localhost:3306/stock_mng'
2025-05-02 13:22:25 [restartedMain] INFO  o.s.o.j.p.SpringPersistenceUnitInfo - No LoadTimeWeaver setup: ignoring JPA class transformer
2025-05-02 13:22:25 [restartedMain] INFO  o.s.o.j.LocalContainerEntityManagerFactoryBean - Initialized JPA EntityManagerFactory for persistence unit 'default'
2025-05-02 13:22:25 [restartedMain] WARN  o.s.b.a.o.j.JpaBaseConfiguration$JpaWebConfiguration - spring.jpa.open-in-view is enabled by default. Therefore, database queries may be performed during view rendering. Explicitly configure spring.jpa.open-in-view to disable this warning
2025-05-02 13:22:25 [restartedMain] WARN  o.s.b.a.s.s.UserDetailsServiceAutoConfiguration - 

Using generated security password: 503fd4c2-39e7-4823-bb79-aa534207ec00

This generated password is for development use only. Your security configuration must be updated before running your application in production.

2025-05-02 13:22:26 [restartedMain] INFO  o.s.s.web.DefaultSecurityFilterChain - Will secure any request with [org.springframework.security.web.session.DisableEncodeUrlFilter@17a256c9, org.springframework.security.web.context.request.async.WebAsyncManagerIntegrationFilter@423ffe93, org.springframework.security.web.context.SecurityContextHolderFilter@7eb1a932, org.springframework.security.web.header.HeaderWriterFilter@201625e0, org.springframework.security.web.csrf.CsrfFilter@5bb2eaa2, org.springframework.security.web.authentication.logout.LogoutFilter@467e0a00, org.springframework.security.web.authentication.UsernamePasswordAuthenticationFilter@6f43f38d, org.springframework.security.web.savedrequest.RequestCacheAwareFilter@329aabbc, org.springframework.security.web.servletapi.SecurityContextHolderAwareRequestFilter@437d5d27, org.springframework.security.web.authentication.AnonymousAuthenticationFilter@74a7c2de, org.springframework.security.web.access.ExceptionTranslationFilter@692316ae]
2025-05-02 13:22:26 [restartedMain] INFO  o.s.b.d.a.OptionalLiveReloadServer - LiveReload server is running on port 35729
2025-05-02 13:22:26 [restartedMain] INFO  o.a.coyote.http11.Http11NioProtocol - Starting ProtocolHandler ["http-nio-8080"]
2025-05-02 13:22:26 [restartedMain] INFO  o.s.b.w.e.tomcat.TomcatWebServer - Tomcat started on port 8080 (http) with context path ''
2025-05-02 13:22:26 [restartedMain] INFO  c.d.w.DroneInventorySystemApplication - Started DroneInventorySystemApplication in 0.928 seconds (process running for 2654.222)
2025-05-02 13:22:26 [restartedMain] INFO  o.s.b.d.a.ConditionEvaluationDeltaLoggingListener - Condition evaluation unchanged
2025-05-02 13:24:25 [File Watcher] INFO  o.s.b.d.a.LocalDevToolsAutoConfiguration$RestartingClassPathChangeChangedEventListener - Restarting due to 1 class path change (0 additions, 0 deletions, 1 modification)
2025-05-02 13:24:25 [Thread-35] INFO  o.a.coyote.http11.Http11NioProtocol - Stopping ProtocolHandler ["http-nio-8080"]
2025-05-02 13:24:25 [Thread-35] INFO  o.s.o.j.LocalContainerEntityManagerFactoryBean - Closing JPA EntityManagerFactory for persistence unit 'default'
2025-05-02 13:24:25 [Thread-35] INFO  com.zaxxer.hikari.HikariDataSource - HikariPool-9 - Shutdown initiated...
2025-05-02 13:24:25 [Thread-35] INFO  com.zaxxer.hikari.HikariDataSource - HikariPool-9 - Shutdown completed.
2025-05-02 13:24:25 [restartedMain] INFO  c.d.w.DroneInventorySystemApplication - Starting DroneInventorySystemApplication using Java 17.0.10 with PID 773 (/Users/KurokiKazuma/Workspace/Digital-OJT/DroneInventorySystem/target/classes started by KurokiKazuma in /Users/KurokiKazuma/Workspace/Digital-OJT/DroneInventorySystem)
2025-05-02 13:24:25 [restartedMain] INFO  c.d.w.DroneInventorySystemApplication - The following 1 profile is active: "develop"
2025-05-02 13:24:25 [restartedMain] INFO  o.s.d.r.c.RepositoryConfigurationDelegate - Bootstrapping Spring Data JPA repositories in DEFAULT mode.
2025-05-02 13:24:25 [restartedMain] INFO  o.s.d.r.c.RepositoryConfigurationDelegate - Finished Spring Data repository scanning in 20 ms. Found 4 JPA repository interfaces.
2025-05-02 13:24:25 [restartedMain] INFO  o.s.b.w.e.tomcat.TomcatWebServer - Tomcat initialized with port 8080 (http)
2025-05-02 13:24:25 [restartedMain] INFO  o.a.coyote.http11.Http11NioProtocol - Initializing ProtocolHandler ["http-nio-8080"]
2025-05-02 13:24:25 [restartedMain] INFO  o.a.catalina.core.StandardService - Starting service [Tomcat]
2025-05-02 13:24:25 [restartedMain] INFO  o.a.catalina.core.StandardEngine - Starting Servlet engine: [Apache Tomcat/10.1.28]
2025-05-02 13:24:25 [restartedMain] INFO  o.a.c.c.C.[Tomcat].[localhost].[/] - Initializing Spring embedded WebApplicationContext
2025-05-02 13:24:25 [restartedMain] INFO  o.s.b.w.s.c.ServletWebServerApplicationContext - Root WebApplicationContext: initialization completed in 408 ms
2025-05-02 13:24:25 [restartedMain] INFO  com.zaxxer.hikari.HikariDataSource - HikariPool-10 - Starting...
2025-05-02 13:24:25 [restartedMain] INFO  com.zaxxer.hikari.pool.HikariPool - HikariPool-10 - Added connection com.mysql.cj.jdbc.ConnectionImpl@5d8e5573
2025-05-02 13:24:25 [restartedMain] INFO  com.zaxxer.hikari.HikariDataSource - HikariPool-10 - Start completed.
2025-05-02 13:24:25 [restartedMain] INFO  o.s.b.a.h.H2ConsoleAutoConfiguration - H2 console available at '/h2-console'. Database available at 'jdbc:mysql://localhost:3306/stock_mng'
2025-05-02 13:24:25 [restartedMain] INFO  o.s.o.j.p.SpringPersistenceUnitInfo - No LoadTimeWeaver setup: ignoring JPA class transformer
2025-05-02 13:24:26 [restartedMain] INFO  o.s.o.j.LocalContainerEntityManagerFactoryBean - Initialized JPA EntityManagerFactory for persistence unit 'default'
2025-05-02 13:24:26 [restartedMain] WARN  o.s.b.a.o.j.JpaBaseConfiguration$JpaWebConfiguration - spring.jpa.open-in-view is enabled by default. Therefore, database queries may be performed during view rendering. Explicitly configure spring.jpa.open-in-view to disable this warning
2025-05-02 13:24:26 [restartedMain] WARN  o.s.b.a.s.s.UserDetailsServiceAutoConfiguration - 

Using generated security password: fd2f04a1-911c-4e48-a820-b923f91daa5a

This generated password is for development use only. Your security configuration must be updated before running your application in production.

2025-05-02 13:24:26 [restartedMain] INFO  o.s.s.web.DefaultSecurityFilterChain - Will secure any request with [org.springframework.security.web.session.DisableEncodeUrlFilter@27501624, org.springframework.security.web.context.request.async.WebAsyncManagerIntegrationFilter@2fb68c96, org.springframework.security.web.context.SecurityContextHolderFilter@72ec2aa0, org.springframework.security.web.header.HeaderWriterFilter@79dac7ee, org.springframework.security.web.csrf.CsrfFilter@14063686, org.springframework.security.web.authentication.logout.LogoutFilter@5a18ba90, org.springframework.security.web.authentication.UsernamePasswordAuthenticationFilter@68057ab5, org.springframework.security.web.savedrequest.RequestCacheAwareFilter@577b907d, org.springframework.security.web.servletapi.SecurityContextHolderAwareRequestFilter@6d8bf482, org.springframework.security.web.authentication.AnonymousAuthenticationFilter@30e57fca, org.springframework.security.web.access.ExceptionTranslationFilter@42ef04b4]
2025-05-02 13:24:26 [restartedMain] INFO  o.s.b.d.a.OptionalLiveReloadServer - LiveReload server is running on port 35729
2025-05-02 13:24:26 [restartedMain] INFO  o.a.coyote.http11.Http11NioProtocol - Starting ProtocolHandler ["http-nio-8080"]
2025-05-02 13:24:26 [restartedMain] INFO  o.s.b.w.e.tomcat.TomcatWebServer - Tomcat started on port 8080 (http) with context path ''
2025-05-02 13:24:26 [restartedMain] INFO  c.d.w.DroneInventorySystemApplication - Started DroneInventorySystemApplication in 0.976 seconds (process running for 2774.427)
2025-05-02 13:24:26 [restartedMain] INFO  o.s.b.d.a.ConditionEvaluationDeltaLoggingListener - Condition evaluation unchanged
2025-05-02 13:24:38 [File Watcher] INFO  o.s.b.d.a.LocalDevToolsAutoConfiguration$RestartingClassPathChangeChangedEventListener - Restarting due to 1 class path change (0 additions, 0 deletions, 1 modification)
2025-05-02 13:24:38 [Thread-39] INFO  o.a.coyote.http11.Http11NioProtocol - Stopping ProtocolHandler ["http-nio-8080"]
2025-05-02 13:24:38 [Thread-39] INFO  o.s.o.j.LocalContainerEntityManagerFactoryBean - Closing JPA EntityManagerFactory for persistence unit 'default'
2025-05-02 13:24:38 [Thread-39] INFO  com.zaxxer.hikari.HikariDataSource - HikariPool-10 - Shutdown initiated...
2025-05-02 13:24:38 [Thread-39] INFO  com.zaxxer.hikari.HikariDataSource - HikariPool-10 - Shutdown completed.
2025-05-02 13:24:39 [restartedMain] INFO  c.d.w.DroneInventorySystemApplication - Starting DroneInventorySystemApplication using Java 17.0.10 with PID 773 (/Users/KurokiKazuma/Workspace/Digital-OJT/DroneInventorySystem/target/classes started by KurokiKazuma in /Users/KurokiKazuma/Workspace/Digital-OJT/DroneInventorySystem)
2025-05-02 13:24:39 [restartedMain] INFO  c.d.w.DroneInventorySystemApplication - The following 1 profile is active: "develop"
2025-05-02 13:24:39 [restartedMain] INFO  o.s.d.r.c.RepositoryConfigurationDelegate - Bootstrapping Spring Data JPA repositories in DEFAULT mode.
2025-05-02 13:24:39 [restartedMain] INFO  o.s.d.r.c.RepositoryConfigurationDelegate - Finished Spring Data repository scanning in 13 ms. Found 4 JPA repository interfaces.
2025-05-02 13:24:39 [restartedMain] INFO  o.s.b.w.e.tomcat.TomcatWebServer - Tomcat initialized with port 8080 (http)
2025-05-02 13:24:39 [restartedMain] INFO  o.a.coyote.http11.Http11NioProtocol - Initializing ProtocolHandler ["http-nio-8080"]
2025-05-02 13:24:39 [restartedMain] INFO  o.a.catalina.core.StandardService - Starting service [Tomcat]
2025-05-02 13:24:39 [restartedMain] INFO  o.a.catalina.core.StandardEngine - Starting Servlet engine: [Apache Tomcat/10.1.28]
2025-05-02 13:24:39 [restartedMain] INFO  o.a.c.c.C.[Tomcat].[localhost].[/] - Initializing Spring embedded WebApplicationContext
2025-05-02 13:24:39 [restartedMain] INFO  o.s.b.w.s.c.ServletWebServerApplicationContext - Root WebApplicationContext: initialization completed in 303 ms
2025-05-02 13:24:39 [restartedMain] INFO  com.zaxxer.hikari.HikariDataSource - HikariPool-11 - Starting...
2025-05-02 13:24:39 [restartedMain] INFO  com.zaxxer.hikari.pool.HikariPool - HikariPool-11 - Added connection com.mysql.cj.jdbc.ConnectionImpl@5a823e7e
2025-05-02 13:24:39 [restartedMain] INFO  com.zaxxer.hikari.HikariDataSource - HikariPool-11 - Start completed.
2025-05-02 13:24:39 [restartedMain] INFO  o.s.b.a.h.H2ConsoleAutoConfiguration - H2 console available at '/h2-console'. Database available at 'jdbc:mysql://localhost:3306/stock_mng'
2025-05-02 13:24:39 [restartedMain] INFO  o.s.o.j.p.SpringPersistenceUnitInfo - No LoadTimeWeaver setup: ignoring JPA class transformer
2025-05-02 13:24:39 [restartedMain] INFO  o.s.o.j.LocalContainerEntityManagerFactoryBean - Initialized JPA EntityManagerFactory for persistence unit 'default'
2025-05-02 13:24:39 [restartedMain] WARN  o.s.b.a.o.j.JpaBaseConfiguration$JpaWebConfiguration - spring.jpa.open-in-view is enabled by default. Therefore, database queries may be performed during view rendering. Explicitly configure spring.jpa.open-in-view to disable this warning
2025-05-02 13:24:39 [restartedMain] WARN  o.s.b.a.s.s.UserDetailsServiceAutoConfiguration - 

Using generated security password: 5c585325-b250-4f12-bf10-16f861dbc127

This generated password is for development use only. Your security configuration must be updated before running your application in production.

2025-05-02 13:24:39 [restartedMain] INFO  o.s.s.web.DefaultSecurityFilterChain - Will secure any request with [org.springframework.security.web.session.DisableEncodeUrlFilter@4731f6df, org.springframework.security.web.context.request.async.WebAsyncManagerIntegrationFilter@631c59c8, org.springframework.security.web.context.SecurityContextHolderFilter@3a30e355, org.springframework.security.web.header.HeaderWriterFilter@13438d7, org.springframework.security.web.csrf.CsrfFilter@e7a65b8, org.springframework.security.web.authentication.logout.LogoutFilter@67a8bc86, org.springframework.security.web.authentication.UsernamePasswordAuthenticationFilter@50954c1b, org.springframework.security.web.savedrequest.RequestCacheAwareFilter@673a160e, org.springframework.security.web.servletapi.SecurityContextHolderAwareRequestFilter@7aedabd5, org.springframework.security.web.authentication.AnonymousAuthenticationFilter@41f285a1, org.springframework.security.web.access.ExceptionTranslationFilter@1fd04347]
2025-05-02 13:24:39 [restartedMain] INFO  o.s.b.d.a.OptionalLiveReloadServer - LiveReload server is running on port 35729
2025-05-02 13:24:39 [restartedMain] INFO  o.a.coyote.http11.Http11NioProtocol - Starting ProtocolHandler ["http-nio-8080"]
2025-05-02 13:24:39 [restartedMain] INFO  o.s.b.w.e.tomcat.TomcatWebServer - Tomcat started on port 8080 (http) with context path ''
2025-05-02 13:24:39 [restartedMain] INFO  c.d.w.DroneInventorySystemApplication - Started DroneInventorySystemApplication in 0.794 seconds (process running for 2787.976)
2025-05-02 13:24:39 [restartedMain] INFO  o.s.b.d.a.ConditionEvaluationDeltaLoggingListener - Condition evaluation unchanged
2025-05-02 13:24:46 [File Watcher] INFO  o.s.b.d.a.LocalDevToolsAutoConfiguration$RestartingClassPathChangeChangedEventListener - Restarting due to 1 class path change (0 additions, 0 deletions, 1 modification)
2025-05-02 13:24:46 [Thread-43] INFO  o.a.coyote.http11.Http11NioProtocol - Stopping ProtocolHandler ["http-nio-8080"]
2025-05-02 13:24:46 [Thread-43] INFO  o.s.o.j.LocalContainerEntityManagerFactoryBean - Closing JPA EntityManagerFactory for persistence unit 'default'
2025-05-02 13:24:46 [Thread-43] INFO  com.zaxxer.hikari.HikariDataSource - HikariPool-11 - Shutdown initiated...
2025-05-02 13:24:46 [Thread-43] INFO  com.zaxxer.hikari.HikariDataSource - HikariPool-11 - Shutdown completed.
2025-05-02 13:24:46 [restartedMain] INFO  c.d.w.DroneInventorySystemApplication - Starting DroneInventorySystemApplication using Java 17.0.10 with PID 773 (/Users/KurokiKazuma/Workspace/Digital-OJT/DroneInventorySystem/target/classes started by KurokiKazuma in /Users/KurokiKazuma/Workspace/Digital-OJT/DroneInventorySystem)
2025-05-02 13:24:46 [restartedMain] INFO  c.d.w.DroneInventorySystemApplication - The following 1 profile is active: "develop"
2025-05-02 13:24:46 [restartedMain] INFO  o.s.d.r.c.RepositoryConfigurationDelegate - Bootstrapping Spring Data JPA repositories in DEFAULT mode.
2025-05-02 13:24:46 [restartedMain] INFO  o.s.d.r.c.RepositoryConfigurationDelegate - Finished Spring Data repository scanning in 14 ms. Found 4 JPA repository interfaces.
2025-05-02 13:24:46 [restartedMain] INFO  o.s.b.w.e.tomcat.TomcatWebServer - Tomcat initialized with port 8080 (http)
2025-05-02 13:24:46 [restartedMain] INFO  o.a.coyote.http11.Http11NioProtocol - Initializing ProtocolHandler ["http-nio-8080"]
2025-05-02 13:24:46 [restartedMain] INFO  o.a.catalina.core.StandardService - Starting service [Tomcat]
2025-05-02 13:24:46 [restartedMain] INFO  o.a.catalina.core.StandardEngine - Starting Servlet engine: [Apache Tomcat/10.1.28]
2025-05-02 13:24:46 [restartedMain] INFO  o.a.c.c.C.[Tomcat].[localhost].[/] - Initializing Spring embedded WebApplicationContext
2025-05-02 13:24:46 [restartedMain] INFO  o.s.b.w.s.c.ServletWebServerApplicationContext - Root WebApplicationContext: initialization completed in 292 ms
2025-05-02 13:24:46 [restartedMain] INFO  com.zaxxer.hikari.HikariDataSource - HikariPool-12 - Starting...
2025-05-02 13:24:46 [restartedMain] INFO  com.zaxxer.hikari.pool.HikariPool - HikariPool-12 - Added connection com.mysql.cj.jdbc.ConnectionImpl@386b80c7
2025-05-02 13:24:46 [restartedMain] INFO  com.zaxxer.hikari.HikariDataSource - HikariPool-12 - Start completed.
2025-05-02 13:24:46 [restartedMain] INFO  o.s.b.a.h.H2ConsoleAutoConfiguration - H2 console available at '/h2-console'. Database available at 'jdbc:mysql://localhost:3306/stock_mng'
2025-05-02 13:24:47 [restartedMain] INFO  o.s.o.j.p.SpringPersistenceUnitInfo - No LoadTimeWeaver setup: ignoring JPA class transformer
2025-05-02 13:24:47 [restartedMain] INFO  o.s.o.j.LocalContainerEntityManagerFactoryBean - Initialized JPA EntityManagerFactory for persistence unit 'default'
2025-05-02 13:24:47 [restartedMain] WARN  o.s.b.a.o.j.JpaBaseConfiguration$JpaWebConfiguration - spring.jpa.open-in-view is enabled by default. Therefore, database queries may be performed during view rendering. Explicitly configure spring.jpa.open-in-view to disable this warning
2025-05-02 13:24:47 [restartedMain] WARN  o.s.b.a.s.s.UserDetailsServiceAutoConfiguration - 

Using generated security password: 6da43dbf-43ba-41d3-aea5-4a347cdc7d24

This generated password is for development use only. Your security configuration must be updated before running your application in production.

2025-05-02 13:24:47 [restartedMain] INFO  o.s.s.web.DefaultSecurityFilterChain - Will secure any request with [org.springframework.security.web.session.DisableEncodeUrlFilter@356531f3, org.springframework.security.web.context.request.async.WebAsyncManagerIntegrationFilter@6688a69c, org.springframework.security.web.context.SecurityContextHolderFilter@34a057a, org.springframework.security.web.header.HeaderWriterFilter@70dd0c36, org.springframework.security.web.csrf.CsrfFilter@32d2ccc3, org.springframework.security.web.authentication.logout.LogoutFilter@2a77f4eb, org.springframework.security.web.authentication.UsernamePasswordAuthenticationFilter@5e7156f4, org.springframework.security.web.savedrequest.RequestCacheAwareFilter@275a7504, org.springframework.security.web.servletapi.SecurityContextHolderAwareRequestFilter@61e153ca, org.springframework.security.web.authentication.AnonymousAuthenticationFilter@73cdd60a, org.springframework.security.web.access.ExceptionTranslationFilter@56820ffa]
2025-05-02 13:24:47 [restartedMain] INFO  o.s.b.d.a.OptionalLiveReloadServer - LiveReload server is running on port 35729
2025-05-02 13:24:47 [restartedMain] INFO  o.a.coyote.http11.Http11NioProtocol - Starting ProtocolHandler ["http-nio-8080"]
2025-05-02 13:24:47 [restartedMain] INFO  o.s.b.w.e.tomcat.TomcatWebServer - Tomcat started on port 8080 (http) with context path ''
2025-05-02 13:24:47 [restartedMain] INFO  c.d.w.DroneInventorySystemApplication - Started DroneInventorySystemApplication in 0.933 seconds (process running for 2795.389)
2025-05-02 13:24:47 [restartedMain] INFO  o.s.b.d.a.ConditionEvaluationDeltaLoggingListener - Condition evaluation unchanged
2025-05-02 13:25:20 [File Watcher] INFO  o.s.b.d.a.LocalDevToolsAutoConfiguration$RestartingClassPathChangeChangedEventListener - Restarting due to 1 class path change (0 additions, 0 deletions, 1 modification)
2025-05-02 13:25:20 [Thread-47] INFO  o.a.coyote.http11.Http11NioProtocol - Stopping ProtocolHandler ["http-nio-8080"]
2025-05-02 13:25:20 [Thread-47] INFO  o.s.o.j.LocalContainerEntityManagerFactoryBean - Closing JPA EntityManagerFactory for persistence unit 'default'
2025-05-02 13:25:20 [Thread-47] INFO  com.zaxxer.hikari.HikariDataSource - HikariPool-12 - Shutdown initiated...
2025-05-02 13:25:20 [Thread-47] INFO  com.zaxxer.hikari.HikariDataSource - HikariPool-12 - Shutdown completed.
2025-05-02 13:25:20 [restartedMain] INFO  c.d.w.DroneInventorySystemApplication - Starting DroneInventorySystemApplication using Java 17.0.10 with PID 773 (/Users/KurokiKazuma/Workspace/Digital-OJT/DroneInventorySystem/target/classes started by KurokiKazuma in /Users/KurokiKazuma/Workspace/Digital-OJT/DroneInventorySystem)
2025-05-02 13:25:20 [restartedMain] INFO  c.d.w.DroneInventorySystemApplication - The following 1 profile is active: "develop"
2025-05-02 13:25:20 [restartedMain] INFO  o.s.d.r.c.RepositoryConfigurationDelegate - Bootstrapping Spring Data JPA repositories in DEFAULT mode.
2025-05-02 13:25:20 [restartedMain] INFO  o.s.d.r.c.RepositoryConfigurationDelegate - Finished Spring Data repository scanning in 12 ms. Found 4 JPA repository interfaces.
2025-05-02 13:25:20 [restartedMain] INFO  o.s.b.w.e.tomcat.TomcatWebServer - Tomcat initialized with port 8080 (http)
2025-05-02 13:25:20 [restartedMain] INFO  o.a.coyote.http11.Http11NioProtocol - Initializing ProtocolHandler ["http-nio-8080"]
2025-05-02 13:25:20 [restartedMain] INFO  o.a.catalina.core.StandardService - Starting service [Tomcat]
2025-05-02 13:25:20 [restartedMain] INFO  o.a.catalina.core.StandardEngine - Starting Servlet engine: [Apache Tomcat/10.1.28]
2025-05-02 13:25:20 [restartedMain] INFO  o.a.c.c.C.[Tomcat].[localhost].[/] - Initializing Spring embedded WebApplicationContext
2025-05-02 13:25:20 [restartedMain] INFO  o.s.b.w.s.c.ServletWebServerApplicationContext - Root WebApplicationContext: initialization completed in 279 ms
2025-05-02 13:25:20 [restartedMain] INFO  com.zaxxer.hikari.HikariDataSource - HikariPool-13 - Starting...
2025-05-02 13:25:20 [restartedMain] INFO  com.zaxxer.hikari.pool.HikariPool - HikariPool-13 - Added connection com.mysql.cj.jdbc.ConnectionImpl@680bc3a8
2025-05-02 13:25:20 [restartedMain] INFO  com.zaxxer.hikari.HikariDataSource - HikariPool-13 - Start completed.
2025-05-02 13:25:20 [restartedMain] INFO  o.s.b.a.h.H2ConsoleAutoConfiguration - H2 console available at '/h2-console'. Database available at 'jdbc:mysql://localhost:3306/stock_mng'
2025-05-02 13:25:20 [restartedMain] INFO  o.s.o.j.p.SpringPersistenceUnitInfo - No LoadTimeWeaver setup: ignoring JPA class transformer
2025-05-02 13:25:20 [restartedMain] INFO  o.s.o.j.LocalContainerEntityManagerFactoryBean - Initialized JPA EntityManagerFactory for persistence unit 'default'
2025-05-02 13:25:20 [restartedMain] WARN  o.s.b.a.o.j.JpaBaseConfiguration$JpaWebConfiguration - spring.jpa.open-in-view is enabled by default. Therefore, database queries may be performed during view rendering. Explicitly configure spring.jpa.open-in-view to disable this warning
2025-05-02 13:25:21 [restartedMain] WARN  o.s.b.a.s.s.UserDetailsServiceAutoConfiguration - 

Using generated security password: 18b8cab6-0c12-4a2b-b919-43d4e4893a89

This generated password is for development use only. Your security configuration must be updated before running your application in production.

2025-05-02 13:25:21 [restartedMain] INFO  o.s.s.web.DefaultSecurityFilterChain - Will secure any request with [org.springframework.security.web.session.DisableEncodeUrlFilter@37364321, org.springframework.security.web.context.request.async.WebAsyncManagerIntegrationFilter@6222d59c, org.springframework.security.web.context.SecurityContextHolderFilter@2659e6d7, org.springframework.security.web.header.HeaderWriterFilter@5cd8c7a4, org.springframework.security.web.csrf.CsrfFilter@4c28a2e2, org.springframework.security.web.authentication.logout.LogoutFilter@54cb27aa, org.springframework.security.web.authentication.UsernamePasswordAuthenticationFilter@8aa760, org.springframework.security.web.savedrequest.RequestCacheAwareFilter@2f6f7f4c, org.springframework.security.web.servletapi.SecurityContextHolderAwareRequestFilter@27b2072f, org.springframework.security.web.authentication.AnonymousAuthenticationFilter@6fd94805, org.springframework.security.web.access.ExceptionTranslationFilter@28940836]
2025-05-02 13:25:21 [restartedMain] INFO  o.s.b.d.a.OptionalLiveReloadServer - LiveReload server is running on port 35729
2025-05-02 13:25:21 [restartedMain] INFO  o.a.coyote.http11.Http11NioProtocol - Starting ProtocolHandler ["http-nio-8080"]
2025-05-02 13:25:21 [restartedMain] INFO  o.s.b.w.e.tomcat.TomcatWebServer - Tomcat started on port 8080 (http) with context path ''
2025-05-02 13:25:21 [restartedMain] INFO  c.d.w.DroneInventorySystemApplication - Started DroneInventorySystemApplication in 0.756 seconds (process running for 2829.123)
2025-05-02 13:25:21 [restartedMain] INFO  o.s.b.d.a.ConditionEvaluationDeltaLoggingListener - Condition evaluation unchanged
2025-05-02 13:25:36 [File Watcher] INFO  o.s.b.d.a.LocalDevToolsAutoConfiguration$RestartingClassPathChangeChangedEventListener - Restarting due to 1 class path change (0 additions, 0 deletions, 1 modification)
2025-05-02 13:25:36 [Thread-51] INFO  o.a.coyote.http11.Http11NioProtocol - Stopping ProtocolHandler ["http-nio-8080"]
2025-05-02 13:25:36 [Thread-51] INFO  o.s.o.j.LocalContainerEntityManagerFactoryBean - Closing JPA EntityManagerFactory for persistence unit 'default'
2025-05-02 13:25:36 [Thread-51] INFO  com.zaxxer.hikari.HikariDataSource - HikariPool-13 - Shutdown initiated...
2025-05-02 13:25:36 [Thread-51] INFO  com.zaxxer.hikari.HikariDataSource - HikariPool-13 - Shutdown completed.
2025-05-02 13:25:36 [restartedMain] INFO  c.d.w.DroneInventorySystemApplication - Starting DroneInventorySystemApplication using Java 17.0.10 with PID 773 (/Users/KurokiKazuma/Workspace/Digital-OJT/DroneInventorySystem/target/classes started by KurokiKazuma in /Users/KurokiKazuma/Workspace/Digital-OJT/DroneInventorySystem)
2025-05-02 13:25:36 [restartedMain] INFO  c.d.w.DroneInventorySystemApplication - The following 1 profile is active: "develop"
2025-05-02 13:25:37 [restartedMain] INFO  o.s.d.r.c.RepositoryConfigurationDelegate - Bootstrapping Spring Data JPA repositories in DEFAULT mode.
2025-05-02 13:25:37 [restartedMain] INFO  o.s.d.r.c.RepositoryConfigurationDelegate - Finished Spring Data repository scanning in 12 ms. Found 4 JPA repository interfaces.
2025-05-02 13:25:37 [restartedMain] INFO  o.s.b.w.e.tomcat.TomcatWebServer - Tomcat initialized with port 8080 (http)
2025-05-02 13:25:37 [restartedMain] INFO  o.a.coyote.http11.Http11NioProtocol - Initializing ProtocolHandler ["http-nio-8080"]
2025-05-02 13:25:37 [restartedMain] INFO  o.a.catalina.core.StandardService - Starting service [Tomcat]
2025-05-02 13:25:37 [restartedMain] INFO  o.a.catalina.core.StandardEngine - Starting Servlet engine: [Apache Tomcat/10.1.28]
2025-05-02 13:25:37 [restartedMain] INFO  o.a.c.c.C.[Tomcat].[localhost].[/] - Initializing Spring embedded WebApplicationContext
2025-05-02 13:25:37 [restartedMain] INFO  o.s.b.w.s.c.ServletWebServerApplicationContext - Root WebApplicationContext: initialization completed in 292 ms
2025-05-02 13:25:37 [restartedMain] INFO  com.zaxxer.hikari.HikariDataSource - HikariPool-14 - Starting...
2025-05-02 13:25:37 [restartedMain] INFO  com.zaxxer.hikari.pool.HikariPool - HikariPool-14 - Added connection com.mysql.cj.jdbc.ConnectionImpl@73874202
2025-05-02 13:25:37 [restartedMain] INFO  com.zaxxer.hikari.HikariDataSource - HikariPool-14 - Start completed.
2025-05-02 13:25:37 [restartedMain] INFO  o.s.b.a.h.H2ConsoleAutoConfiguration - H2 console available at '/h2-console'. Database available at 'jdbc:mysql://localhost:3306/stock_mng'
2025-05-02 13:25:37 [restartedMain] INFO  o.s.o.j.p.SpringPersistenceUnitInfo - No LoadTimeWeaver setup: ignoring JPA class transformer
2025-05-02 13:25:37 [restartedMain] INFO  o.s.o.j.LocalContainerEntityManagerFactoryBean - Initialized JPA EntityManagerFactory for persistence unit 'default'
2025-05-02 13:25:37 [restartedMain] WARN  o.s.b.a.o.j.JpaBaseConfiguration$JpaWebConfiguration - spring.jpa.open-in-view is enabled by default. Therefore, database queries may be performed during view rendering. Explicitly configure spring.jpa.open-in-view to disable this warning
2025-05-02 13:25:37 [restartedMain] WARN  o.s.b.a.s.s.UserDetailsServiceAutoConfiguration - 

Using generated security password: 9a61e387-3a4d-49d2-b65e-b7e0e1a26b20

This generated password is for development use only. Your security configuration must be updated before running your application in production.

2025-05-02 13:25:37 [restartedMain] INFO  o.s.s.web.DefaultSecurityFilterChain - Will secure any request with [org.springframework.security.web.session.DisableEncodeUrlFilter@3aca422f, org.springframework.security.web.context.request.async.WebAsyncManagerIntegrationFilter@3b34ffc8, org.springframework.security.web.context.SecurityContextHolderFilter@58dd0962, org.springframework.security.web.header.HeaderWriterFilter@7f5c0051, org.springframework.security.web.csrf.CsrfFilter@6aa5c380, org.springframework.security.web.authentication.logout.LogoutFilter@35b60222, org.springframework.security.web.authentication.UsernamePasswordAuthenticationFilter@2a48cd16, org.springframework.security.web.savedrequest.RequestCacheAwareFilter@1c20683a, org.springframework.security.web.servletapi.SecurityContextHolderAwareRequestFilter@1a515868, org.springframework.security.web.authentication.AnonymousAuthenticationFilter@3e964d9e, org.springframework.security.web.access.ExceptionTranslationFilter@1c534482]
2025-05-02 13:25:37 [restartedMain] INFO  o.s.b.d.a.OptionalLiveReloadServer - LiveReload server is running on port 35729
2025-05-02 13:25:37 [restartedMain] INFO  o.a.coyote.http11.Http11NioProtocol - Starting ProtocolHandler ["http-nio-8080"]
2025-05-02 13:25:37 [restartedMain] INFO  o.s.b.w.e.tomcat.TomcatWebServer - Tomcat started on port 8080 (http) with context path ''
2025-05-02 13:25:37 [restartedMain] INFO  c.d.w.DroneInventorySystemApplication - Started DroneInventorySystemApplication in 0.756 seconds (process running for 2845.595)
2025-05-02 13:25:37 [restartedMain] INFO  o.s.b.d.a.ConditionEvaluationDeltaLoggingListener - Condition evaluation unchanged
2025-05-02 13:29:50 [File Watcher] INFO  o.s.b.d.a.LocalDevToolsAutoConfiguration$RestartingClassPathChangeChangedEventListener - Restarting due to 1 class path change (0 additions, 0 deletions, 1 modification)
2025-05-02 13:29:50 [Thread-55] INFO  o.a.coyote.http11.Http11NioProtocol - Stopping ProtocolHandler ["http-nio-8080"]
2025-05-02 13:29:50 [Thread-55] INFO  o.s.o.j.LocalContainerEntityManagerFactoryBean - Closing JPA EntityManagerFactory for persistence unit 'default'
2025-05-02 13:29:50 [Thread-55] INFO  com.zaxxer.hikari.HikariDataSource - HikariPool-14 - Shutdown initiated...
2025-05-02 13:29:50 [Thread-55] INFO  com.zaxxer.hikari.HikariDataSource - HikariPool-14 - Shutdown completed.
2025-05-02 13:29:50 [restartedMain] INFO  c.d.w.DroneInventorySystemApplication - Starting DroneInventorySystemApplication using Java 17.0.10 with PID 773 (/Users/KurokiKazuma/Workspace/Digital-OJT/DroneInventorySystem/target/classes started by KurokiKazuma in /Users/KurokiKazuma/Workspace/Digital-OJT/DroneInventorySystem)
2025-05-02 13:29:50 [restartedMain] INFO  c.d.w.DroneInventorySystemApplication - The following 1 profile is active: "develop"
2025-05-02 13:29:51 [restartedMain] INFO  o.s.d.r.c.RepositoryConfigurationDelegate - Bootstrapping Spring Data JPA repositories in DEFAULT mode.
2025-05-02 13:29:51 [restartedMain] INFO  o.s.d.r.c.RepositoryConfigurationDelegate - Finished Spring Data repository scanning in 24 ms. Found 4 JPA repository interfaces.
2025-05-02 13:29:51 [restartedMain] INFO  o.s.b.w.e.tomcat.TomcatWebServer - Tomcat initialized with port 8080 (http)
2025-05-02 13:29:51 [restartedMain] INFO  o.a.coyote.http11.Http11NioProtocol - Initializing ProtocolHandler ["http-nio-8080"]
2025-05-02 13:29:51 [restartedMain] INFO  o.a.catalina.core.StandardService - Starting service [Tomcat]
2025-05-02 13:29:51 [restartedMain] INFO  o.a.catalina.core.StandardEngine - Starting Servlet engine: [Apache Tomcat/10.1.28]
2025-05-02 13:29:51 [restartedMain] INFO  o.a.c.c.C.[Tomcat].[localhost].[/] - Initializing Spring embedded WebApplicationContext
2025-05-02 13:29:51 [restartedMain] INFO  o.s.b.w.s.c.ServletWebServerApplicationContext - Root WebApplicationContext: initialization completed in 328 ms
2025-05-02 13:29:51 [restartedMain] INFO  com.zaxxer.hikari.HikariDataSource - HikariPool-15 - Starting...
2025-05-02 13:29:51 [restartedMain] INFO  com.zaxxer.hikari.pool.HikariPool - HikariPool-15 - Added connection com.mysql.cj.jdbc.ConnectionImpl@751cfd5a
2025-05-02 13:29:51 [restartedMain] INFO  com.zaxxer.hikari.HikariDataSource - HikariPool-15 - Start completed.
2025-05-02 13:29:51 [restartedMain] INFO  o.s.b.a.h.H2ConsoleAutoConfiguration - H2 console available at '/h2-console'. Database available at 'jdbc:mysql://localhost:3306/stock_mng'
2025-05-02 13:29:51 [restartedMain] INFO  o.s.o.j.p.SpringPersistenceUnitInfo - No LoadTimeWeaver setup: ignoring JPA class transformer
2025-05-02 13:29:51 [restartedMain] INFO  o.s.o.j.LocalContainerEntityManagerFactoryBean - Initialized JPA EntityManagerFactory for persistence unit 'default'
2025-05-02 13:29:51 [restartedMain] WARN  o.s.b.a.o.j.JpaBaseConfiguration$JpaWebConfiguration - spring.jpa.open-in-view is enabled by default. Therefore, database queries may be performed during view rendering. Explicitly configure spring.jpa.open-in-view to disable this warning
2025-05-02 13:29:51 [restartedMain] WARN  o.s.b.a.s.s.UserDetailsServiceAutoConfiguration - 

Using generated security password: 4521c497-69e4-4311-a5dc-ce4a1e4d638e

This generated password is for development use only. Your security configuration must be updated before running your application in production.

2025-05-02 13:29:51 [restartedMain] INFO  o.s.s.web.DefaultSecurityFilterChain - Will secure any request with [org.springframework.security.web.session.DisableEncodeUrlFilter@112da150, org.springframework.security.web.context.request.async.WebAsyncManagerIntegrationFilter@7ea0cc91, org.springframework.security.web.context.SecurityContextHolderFilter@6c137550, org.springframework.security.web.header.HeaderWriterFilter@6fec5211, org.springframework.security.web.csrf.CsrfFilter@68b90823, org.springframework.security.web.authentication.logout.LogoutFilter@119101a9, org.springframework.security.web.authentication.UsernamePasswordAuthenticationFilter@7bf8f6d4, org.springframework.security.web.savedrequest.RequestCacheAwareFilter@4c4b80e1, org.springframework.security.web.servletapi.SecurityContextHolderAwareRequestFilter@7bf22e29, org.springframework.security.web.authentication.AnonymousAuthenticationFilter@672516a5, org.springframework.security.web.access.ExceptionTranslationFilter@1cc56968]
2025-05-02 13:29:51 [restartedMain] INFO  o.s.b.d.a.OptionalLiveReloadServer - LiveReload server is running on port 35729
2025-05-02 13:29:51 [restartedMain] INFO  o.a.coyote.http11.Http11NioProtocol - Starting ProtocolHandler ["http-nio-8080"]
2025-05-02 13:29:51 [restartedMain] INFO  o.s.b.w.e.tomcat.TomcatWebServer - Tomcat started on port 8080 (http) with context path ''
2025-05-02 13:29:51 [restartedMain] INFO  c.d.w.DroneInventorySystemApplication - Started DroneInventorySystemApplication in 0.846 seconds (process running for 3099.661)
2025-05-02 13:29:51 [restartedMain] INFO  o.s.b.d.a.ConditionEvaluationDeltaLoggingListener - Condition evaluation unchanged
2025-05-02 13:29:55 [http-nio-8080-exec-1] INFO  o.a.c.c.C.[Tomcat].[localhost].[/] - Initializing Spring DispatcherServlet 'dispatcherServlet'
2025-05-02 13:29:55 [http-nio-8080-exec-1] INFO  o.s.web.servlet.DispatcherServlet - Initializing Servlet 'dispatcherServlet'
2025-05-02 13:29:55 [http-nio-8080-exec-1] INFO  o.s.web.servlet.DispatcherServlet - Completed initialization in 13 ms
2025-05-02 13:29:55 [http-nio-8080-exec-7] INFO  APP - 【INFO】時間: 1746160195719 | 処理対象: 在庫一覧画面 | 処理内容: 初期表示 | 処理結果: 開始
2025-05-02 13:29:55 [http-nio-8080-exec-7] INFO  APP - 【INFO】時間: 1746160195741 | 処理対象: 在庫一覧画面 | 処理内容: 初期表示 | 処理結果: 成功
2025-05-02 13:29:57 [http-nio-8080-exec-1] INFO  APP - 【INFO】時間: 1746160197630 | 処理対象: 在庫一覧画面 | 処理内容: 検索処理 | 処理結果: 開始
2025-05-02 13:29:57 [http-nio-8080-exec-1] ERROR APP - 【ERROR】時間: 1746160197638 | 処理対象: 在庫一覧画面 | 処理内容: 検索処理 | 処理結果: エラー | エラー内容: すべてのフィールドが空です。少なくとも1つのフィールドに値を入力してください。
2025-05-02 13:30:01 [http-nio-8080-exec-10] INFO  APP - 【INFO】時間: 1746160201118 | 処理対象: 在庫一覧画面 | 処理内容: 検索処理 | 処理結果: 開始
2025-05-02 13:30:01 [http-nio-8080-exec-10] INFO  APP - 【INFO】時間: 1746160201131 | 処理対象: 在庫一覧画面 | 処理内容: 検索処理 | 処理結果: 成功
2025-05-02 13:30:04 [http-nio-8080-exec-3] INFO  APP - 【INFO】時間: 1746160204071 | 処理対象: 在庫一覧画面 | 処理内容: 検索処理 | 処理結果: 開始
2025-05-02 13:30:04 [http-nio-8080-exec-3] INFO  APP - 【INFO】時間: 1746160204084 | 処理対象: 在庫一覧画面 | 処理内容: 検索処理 | 処理結果: 成功
2025-05-02 13:30:07 [http-nio-8080-exec-10] INFO  APP - 【INFO】時間: 1746160207076 | 処理対象: 在庫一覧画面 | 処理内容: 検索処理 | 処理結果: 開始
2025-05-02 13:30:07 [http-nio-8080-exec-10] ERROR APP - 【ERROR】時間: 1746160207083 | 処理対象: 在庫一覧画面 | 処理内容: 検索処理 | 処理結果: エラー | エラー内容: 不正な入力を検知しました。
2025-05-02 13:30:15 [http-nio-8080-exec-3] INFO  APP - 【INFO】時間: 1746160215564 | 処理対象: 在庫一覧画面 | 処理内容: 初期表示 | 処理結果: 開始
2025-05-02 13:30:15 [http-nio-8080-exec-3] INFO  APP - 【INFO】時間: 1746160215583 | 処理対象: 在庫一覧画面 | 処理内容: 初期表示 | 処理結果: 成功
2025-05-02 13:30:17 [http-nio-8080-exec-10] INFO  APP - 【INFO】時間: 1746160217789 | 処理対象: 在庫一覧画面 | 処理内容: 検索処理 | 処理結果: 開始
2025-05-02 13:30:17 [http-nio-8080-exec-10] INFO  APP - 【INFO】時間: 1746160217806 | 処理対象: 在庫一覧画面 | 処理内容: 検索処理 | 処理結果: 成功
2025-05-02 13:30:19 [http-nio-8080-exec-1] INFO  APP - 【INFO】時間: 1746160219416 | 処理対象: 在庫一覧画面 | 処理内容: 検索処理 | 処理結果: 開始
2025-05-02 13:30:19 [http-nio-8080-exec-1] ERROR APP - 【ERROR】時間: 1746160219420 | 処理対象: 在庫一覧画面 | 処理内容: 検索処理 | 処理結果: エラー | エラー内容: すべてのフィールドが空です。少なくとも1つのフィールドに値を入力してください。
2025-05-02 13:30:26 [http-nio-8080-exec-10] INFO  APP - 【INFO】時間: 1746160226053 | 処理対象: 在庫一覧画面 | 処理内容: 初期表示 | 処理結果: 開始
2025-05-02 13:30:26 [http-nio-8080-exec-10] INFO  APP - 【INFO】時間: 1746160226073 | 処理対象: 在庫一覧画面 | 処理内容: 初期表示 | 処理結果: 成功
2025-05-02 13:30:33 [http-nio-8080-exec-1] INFO  APP - 【INFO】時間: 1746160233552 | 処理対象: 在庫一覧画面 | 処理内容: 検索処理 | 処理結果: 開始
2025-05-02 13:30:33 [http-nio-8080-exec-1] ERROR APP - 【ERROR】時間: 1746160233560 | 処理対象: 在庫一覧画面 | 処理内容: 検索処理 | 処理結果: エラー | エラー内容: 不正な入力を検知しました。
2025-05-02 13:32:24 [http-nio-8080-exec-4] INFO  APP - 【INFO】時間: 1746160344822 | 処理対象: 在庫一覧画面 | 処理内容: 検索処理 | 処理結果: 開始
2025-05-02 13:32:24 [http-nio-8080-exec-4] ERROR APP - 【ERROR】時間: 1746160344832 | 処理対象: 在庫一覧画面 | 処理内容: 検索処理 | 処理結果: エラー | エラー内容: すべてのフィールドが空です。少なくとも1つのフィールドに値を入力してください。
2025-05-02 13:32:29 [http-nio-8080-exec-7] INFO  APP - 【INFO】時間: 1746160349530 | 処理対象: 在庫一覧画面 | 処理内容: 検索処理 | 処理結果: 開始
2025-05-02 13:32:29 [http-nio-8080-exec-7] ERROR APP - 【ERROR】時間: 1746160349539 | 処理対象: 在庫一覧画面 | 処理内容: 検索処理 | 処理結果: エラー | エラー内容: すべてのフィールドが空です。少なくとも1つのフィールドに値を入力してください。
2025-05-02 13:32:33 [http-nio-8080-exec-2] INFO  APP - 【INFO】時間: 1746160353288 | 処理対象: 在庫一覧画面 | 処理内容: 検索処理 | 処理結果: 開始
2025-05-02 13:32:33 [http-nio-8080-exec-2] INFO  APP - 【INFO】時間: 1746160353295 | 処理対象: 在庫一覧画面 | 処理内容: 検索処理 | 処理結果: 成功
2025-05-02 13:33:44 [File Watcher] INFO  o.s.b.d.a.LocalDevToolsAutoConfiguration$RestartingClassPathChangeChangedEventListener - Restarting due to 1 class path change (0 additions, 0 deletions, 1 modification)
2025-05-02 13:33:44 [Thread-59] INFO  o.a.coyote.http11.Http11NioProtocol - Stopping ProtocolHandler ["http-nio-8080"]
2025-05-02 13:33:44 [Thread-59] INFO  o.s.o.j.LocalContainerEntityManagerFactoryBean - Closing JPA EntityManagerFactory for persistence unit 'default'
2025-05-02 13:33:44 [Thread-59] INFO  com.zaxxer.hikari.HikariDataSource - HikariPool-15 - Shutdown initiated...
2025-05-02 13:33:44 [Thread-59] INFO  com.zaxxer.hikari.HikariDataSource - HikariPool-15 - Shutdown completed.
2025-05-02 13:33:45 [restartedMain] INFO  c.d.w.DroneInventorySystemApplication - Starting DroneInventorySystemApplication using Java 17.0.10 with PID 773 (/Users/KurokiKazuma/Workspace/Digital-OJT/DroneInventorySystem/target/classes started by KurokiKazuma in /Users/KurokiKazuma/Workspace/Digital-OJT/DroneInventorySystem)
2025-05-02 13:33:45 [restartedMain] INFO  c.d.w.DroneInventorySystemApplication - The following 1 profile is active: "develop"
2025-05-02 13:33:45 [restartedMain] INFO  o.s.d.r.c.RepositoryConfigurationDelegate - Bootstrapping Spring Data JPA repositories in DEFAULT mode.
2025-05-02 13:33:45 [restartedMain] INFO  o.s.d.r.c.RepositoryConfigurationDelegate - Finished Spring Data repository scanning in 13 ms. Found 4 JPA repository interfaces.
2025-05-02 13:33:45 [restartedMain] INFO  o.s.b.w.e.tomcat.TomcatWebServer - Tomcat initialized with port 8080 (http)
2025-05-02 13:33:45 [restartedMain] INFO  o.a.coyote.http11.Http11NioProtocol - Initializing ProtocolHandler ["http-nio-8080"]
2025-05-02 13:33:45 [restartedMain] INFO  o.a.catalina.core.StandardService - Starting service [Tomcat]
2025-05-02 13:33:45 [restartedMain] INFO  o.a.catalina.core.StandardEngine - Starting Servlet engine: [Apache Tomcat/10.1.28]
2025-05-02 13:33:45 [restartedMain] INFO  o.a.c.c.C.[Tomcat].[localhost].[/] - Initializing Spring embedded WebApplicationContext
2025-05-02 13:33:45 [restartedMain] INFO  o.s.b.w.s.c.ServletWebServerApplicationContext - Root WebApplicationContext: initialization completed in 296 ms
2025-05-02 13:33:45 [restartedMain] INFO  com.zaxxer.hikari.HikariDataSource - HikariPool-16 - Starting...
2025-05-02 13:33:45 [restartedMain] INFO  com.zaxxer.hikari.pool.HikariPool - HikariPool-16 - Added connection com.mysql.cj.jdbc.ConnectionImpl@78790939
2025-05-02 13:33:45 [restartedMain] INFO  com.zaxxer.hikari.HikariDataSource - HikariPool-16 - Start completed.
2025-05-02 13:33:45 [restartedMain] INFO  o.s.b.a.h.H2ConsoleAutoConfiguration - H2 console available at '/h2-console'. Database available at 'jdbc:mysql://localhost:3306/stock_mng'
2025-05-02 13:33:45 [restartedMain] INFO  o.s.o.j.p.SpringPersistenceUnitInfo - No LoadTimeWeaver setup: ignoring JPA class transformer
2025-05-02 13:33:45 [restartedMain] INFO  o.s.o.j.LocalContainerEntityManagerFactoryBean - Initialized JPA EntityManagerFactory for persistence unit 'default'
2025-05-02 13:33:45 [restartedMain] WARN  o.s.b.a.o.j.JpaBaseConfiguration$JpaWebConfiguration - spring.jpa.open-in-view is enabled by default. Therefore, database queries may be performed during view rendering. Explicitly configure spring.jpa.open-in-view to disable this warning
2025-05-02 13:33:45 [restartedMain] WARN  o.s.b.a.s.s.UserDetailsServiceAutoConfiguration - 

Using generated security password: 32c5ac47-9ed5-4f20-864b-cf69263a3373

This generated password is for development use only. Your security configuration must be updated before running your application in production.

2025-05-02 13:33:45 [restartedMain] INFO  o.s.s.web.DefaultSecurityFilterChain - Will secure any request with [org.springframework.security.web.session.DisableEncodeUrlFilter@6d0d8f8f, org.springframework.security.web.context.request.async.WebAsyncManagerIntegrationFilter@39d78da8, org.springframework.security.web.context.SecurityContextHolderFilter@1d0631f4, org.springframework.security.web.header.HeaderWriterFilter@15c16c3e, org.springframework.security.web.csrf.CsrfFilter@1884521f, org.springframework.security.web.authentication.logout.LogoutFilter@26aee5a, org.springframework.security.web.authentication.UsernamePasswordAuthenticationFilter@3d78f526, org.springframework.security.web.savedrequest.RequestCacheAwareFilter@27289ce1, org.springframework.security.web.servletapi.SecurityContextHolderAwareRequestFilter@53dd9e17, org.springframework.security.web.authentication.AnonymousAuthenticationFilter@6c1aacf6, org.springframework.security.web.access.ExceptionTranslationFilter@193db784]
2025-05-02 13:33:45 [restartedMain] INFO  o.s.b.d.a.OptionalLiveReloadServer - LiveReload server is running on port 35729
2025-05-02 13:33:45 [restartedMain] INFO  o.a.coyote.http11.Http11NioProtocol - Starting ProtocolHandler ["http-nio-8080"]
2025-05-02 13:33:45 [restartedMain] INFO  o.s.b.w.e.tomcat.TomcatWebServer - Tomcat started on port 8080 (http) with context path ''
2025-05-02 13:33:45 [restartedMain] INFO  c.d.w.DroneInventorySystemApplication - Started DroneInventorySystemApplication in 0.821 seconds (process running for 3333.792)
2025-05-02 13:33:45 [restartedMain] INFO  o.s.b.d.a.ConditionEvaluationDeltaLoggingListener - Condition evaluation unchanged
2025-05-02 13:37:36 [File Watcher] INFO  o.s.b.d.a.LocalDevToolsAutoConfiguration$RestartingClassPathChangeChangedEventListener - Restarting due to 1 class path change (0 additions, 0 deletions, 1 modification)
2025-05-02 13:37:36 [Thread-63] INFO  o.a.coyote.http11.Http11NioProtocol - Stopping ProtocolHandler ["http-nio-8080"]
2025-05-02 13:37:36 [Thread-63] INFO  o.s.o.j.LocalContainerEntityManagerFactoryBean - Closing JPA EntityManagerFactory for persistence unit 'default'
2025-05-02 13:37:36 [Thread-63] INFO  com.zaxxer.hikari.HikariDataSource - HikariPool-16 - Shutdown initiated...
2025-05-02 13:37:36 [Thread-63] INFO  com.zaxxer.hikari.HikariDataSource - HikariPool-16 - Shutdown completed.
2025-05-02 13:37:36 [restartedMain] INFO  c.d.w.DroneInventorySystemApplication - Starting DroneInventorySystemApplication using Java 17.0.10 with PID 773 (/Users/KurokiKazuma/Workspace/Digital-OJT/DroneInventorySystem/target/classes started by KurokiKazuma in /Users/KurokiKazuma/Workspace/Digital-OJT/DroneInventorySystem)
2025-05-02 13:37:36 [restartedMain] INFO  c.d.w.DroneInventorySystemApplication - The following 1 profile is active: "develop"
2025-05-02 13:37:36 [restartedMain] INFO  o.s.d.r.c.RepositoryConfigurationDelegate - Bootstrapping Spring Data JPA repositories in DEFAULT mode.
2025-05-02 13:37:36 [restartedMain] INFO  o.s.d.r.c.RepositoryConfigurationDelegate - Finished Spring Data repository scanning in 12 ms. Found 4 JPA repository interfaces.
2025-05-02 13:37:37 [restartedMain] INFO  o.s.b.w.e.tomcat.TomcatWebServer - Tomcat initialized with port 8080 (http)
2025-05-02 13:37:37 [restartedMain] INFO  o.a.coyote.http11.Http11NioProtocol - Initializing ProtocolHandler ["http-nio-8080"]
2025-05-02 13:37:37 [restartedMain] INFO  o.a.catalina.core.StandardService - Starting service [Tomcat]
2025-05-02 13:37:37 [restartedMain] INFO  o.a.catalina.core.StandardEngine - Starting Servlet engine: [Apache Tomcat/10.1.28]
2025-05-02 13:37:37 [restartedMain] INFO  o.a.c.c.C.[Tomcat].[localhost].[/] - Initializing Spring embedded WebApplicationContext
2025-05-02 13:37:37 [restartedMain] INFO  o.s.b.w.s.c.ServletWebServerApplicationContext - Root WebApplicationContext: initialization completed in 318 ms
2025-05-02 13:37:37 [restartedMain] INFO  com.zaxxer.hikari.HikariDataSource - HikariPool-17 - Starting...
2025-05-02 13:37:37 [restartedMain] INFO  com.zaxxer.hikari.pool.HikariPool - HikariPool-17 - Added connection com.mysql.cj.jdbc.ConnectionImpl@53a19823
2025-05-02 13:37:37 [restartedMain] INFO  com.zaxxer.hikari.HikariDataSource - HikariPool-17 - Start completed.
2025-05-02 13:37:37 [restartedMain] INFO  o.s.b.a.h.H2ConsoleAutoConfiguration - H2 console available at '/h2-console'. Database available at 'jdbc:mysql://localhost:3306/stock_mng'
2025-05-02 13:37:37 [restartedMain] INFO  o.s.o.j.p.SpringPersistenceUnitInfo - No LoadTimeWeaver setup: ignoring JPA class transformer
2025-05-02 13:37:37 [restartedMain] INFO  o.s.o.j.LocalContainerEntityManagerFactoryBean - Initialized JPA EntityManagerFactory for persistence unit 'default'
2025-05-02 13:37:37 [restartedMain] WARN  o.s.b.a.o.j.JpaBaseConfiguration$JpaWebConfiguration - spring.jpa.open-in-view is enabled by default. Therefore, database queries may be performed during view rendering. Explicitly configure spring.jpa.open-in-view to disable this warning
2025-05-02 13:37:37 [restartedMain] WARN  o.s.b.a.s.s.UserDetailsServiceAutoConfiguration - 

Using generated security password: de1b8c3e-7b95-437c-9139-db33e84465d6

This generated password is for development use only. Your security configuration must be updated before running your application in production.

2025-05-02 13:37:37 [restartedMain] INFO  o.s.s.web.DefaultSecurityFilterChain - Will secure any request with [org.springframework.security.web.session.DisableEncodeUrlFilter@2bb893d4, org.springframework.security.web.context.request.async.WebAsyncManagerIntegrationFilter@60ba6099, org.springframework.security.web.context.SecurityContextHolderFilter@35950823, org.springframework.security.web.header.HeaderWriterFilter@8e3e1cb, org.springframework.security.web.csrf.CsrfFilter@30578cdc, org.springframework.security.web.authentication.logout.LogoutFilter@5e38db58, org.springframework.security.web.authentication.UsernamePasswordAuthenticationFilter@25722ae5, org.springframework.security.web.savedrequest.RequestCacheAwareFilter@39285321, org.springframework.security.web.servletapi.SecurityContextHolderAwareRequestFilter@548b49e6, org.springframework.security.web.authentication.AnonymousAuthenticationFilter@784085cd, org.springframework.security.web.access.ExceptionTranslationFilter@77134ba1]
2025-05-02 13:37:37 [restartedMain] INFO  o.s.b.d.a.OptionalLiveReloadServer - LiveReload server is running on port 35729
2025-05-02 13:37:37 [restartedMain] INFO  o.a.coyote.http11.Http11NioProtocol - Starting ProtocolHandler ["http-nio-8080"]
2025-05-02 13:37:37 [restartedMain] INFO  o.s.b.w.e.tomcat.TomcatWebServer - Tomcat started on port 8080 (http) with context path ''
2025-05-02 13:37:37 [restartedMain] INFO  c.d.w.DroneInventorySystemApplication - Started DroneInventorySystemApplication in 0.803 seconds (process running for 3565.462)
2025-05-02 13:37:37 [restartedMain] INFO  o.s.b.d.a.ConditionEvaluationDeltaLoggingListener - Condition evaluation unchanged
2025-05-02 13:38:55 [File Watcher] INFO  o.s.b.d.a.LocalDevToolsAutoConfiguration$RestartingClassPathChangeChangedEventListener - Restarting due to 1 class path change (0 additions, 0 deletions, 1 modification)
2025-05-02 13:38:55 [Thread-67] INFO  o.a.coyote.http11.Http11NioProtocol - Stopping ProtocolHandler ["http-nio-8080"]
2025-05-02 13:38:55 [Thread-67] INFO  o.s.o.j.LocalContainerEntityManagerFactoryBean - Closing JPA EntityManagerFactory for persistence unit 'default'
2025-05-02 13:38:55 [Thread-67] INFO  com.zaxxer.hikari.HikariDataSource - HikariPool-17 - Shutdown initiated...
2025-05-02 13:38:55 [Thread-67] INFO  com.zaxxer.hikari.HikariDataSource - HikariPool-17 - Shutdown completed.
2025-05-02 13:38:55 [restartedMain] INFO  c.d.w.DroneInventorySystemApplication - Starting DroneInventorySystemApplication using Java 17.0.10 with PID 773 (/Users/KurokiKazuma/Workspace/Digital-OJT/DroneInventorySystem/target/classes started by KurokiKazuma in /Users/KurokiKazuma/Workspace/Digital-OJT/DroneInventorySystem)
2025-05-02 13:38:55 [restartedMain] INFO  c.d.w.DroneInventorySystemApplication - The following 1 profile is active: "develop"
2025-05-02 13:38:55 [restartedMain] INFO  o.s.d.r.c.RepositoryConfigurationDelegate - Bootstrapping Spring Data JPA repositories in DEFAULT mode.
2025-05-02 13:38:55 [restartedMain] INFO  o.s.d.r.c.RepositoryConfigurationDelegate - Finished Spring Data repository scanning in 14 ms. Found 4 JPA repository interfaces.
2025-05-02 13:38:55 [restartedMain] INFO  o.s.b.w.e.tomcat.TomcatWebServer - Tomcat initialized with port 8080 (http)
2025-05-02 13:38:55 [restartedMain] INFO  o.a.coyote.http11.Http11NioProtocol - Initializing ProtocolHandler ["http-nio-8080"]
2025-05-02 13:38:55 [restartedMain] INFO  o.a.catalina.core.StandardService - Starting service [Tomcat]
2025-05-02 13:38:55 [restartedMain] INFO  o.a.catalina.core.StandardEngine - Starting Servlet engine: [Apache Tomcat/10.1.28]
2025-05-02 13:38:55 [restartedMain] INFO  o.a.c.c.C.[Tomcat].[localhost].[/] - Initializing Spring embedded WebApplicationContext
2025-05-02 13:38:55 [restartedMain] INFO  o.s.b.w.s.c.ServletWebServerApplicationContext - Root WebApplicationContext: initialization completed in 296 ms
2025-05-02 13:38:55 [restartedMain] INFO  com.zaxxer.hikari.HikariDataSource - HikariPool-18 - Starting...
2025-05-02 13:38:55 [restartedMain] INFO  com.zaxxer.hikari.pool.HikariPool - HikariPool-18 - Added connection com.mysql.cj.jdbc.ConnectionImpl@24d0ba31
2025-05-02 13:38:55 [restartedMain] INFO  com.zaxxer.hikari.HikariDataSource - HikariPool-18 - Start completed.
2025-05-02 13:38:55 [restartedMain] INFO  o.s.b.a.h.H2ConsoleAutoConfiguration - H2 console available at '/h2-console'. Database available at 'jdbc:mysql://localhost:3306/stock_mng'
2025-05-02 13:38:55 [restartedMain] INFO  o.s.o.j.p.SpringPersistenceUnitInfo - No LoadTimeWeaver setup: ignoring JPA class transformer
2025-05-02 13:38:55 [restartedMain] INFO  o.s.o.j.LocalContainerEntityManagerFactoryBean - Initialized JPA EntityManagerFactory for persistence unit 'default'
2025-05-02 13:38:55 [restartedMain] WARN  o.s.b.a.o.j.JpaBaseConfiguration$JpaWebConfiguration - spring.jpa.open-in-view is enabled by default. Therefore, database queries may be performed during view rendering. Explicitly configure spring.jpa.open-in-view to disable this warning
2025-05-02 13:38:55 [restartedMain] WARN  o.s.b.a.s.s.UserDetailsServiceAutoConfiguration - 

Using generated security password: c190a9ac-9811-4093-b630-2df2c2546d7d

This generated password is for development use only. Your security configuration must be updated before running your application in production.

2025-05-02 13:38:55 [restartedMain] INFO  o.s.s.web.DefaultSecurityFilterChain - Will secure any request with [org.springframework.security.web.session.DisableEncodeUrlFilter@7c0edcca, org.springframework.security.web.context.request.async.WebAsyncManagerIntegrationFilter@311b8446, org.springframework.security.web.context.SecurityContextHolderFilter@2b0f818d, org.springframework.security.web.header.HeaderWriterFilter@31275808, org.springframework.security.web.csrf.CsrfFilter@6833f386, org.springframework.security.web.authentication.logout.LogoutFilter@3e7068c2, org.springframework.security.web.authentication.UsernamePasswordAuthenticationFilter@5d014d05, org.springframework.security.web.savedrequest.RequestCacheAwareFilter@5cd7e8a9, org.springframework.security.web.servletapi.SecurityContextHolderAwareRequestFilter@62486cdb, org.springframework.security.web.authentication.AnonymousAuthenticationFilter@c10dcdf, org.springframework.security.web.access.ExceptionTranslationFilter@6571ec6]
2025-05-02 13:38:55 [restartedMain] INFO  o.s.b.d.a.OptionalLiveReloadServer - LiveReload server is running on port 35729
2025-05-02 13:38:55 [restartedMain] INFO  o.a.coyote.http11.Http11NioProtocol - Starting ProtocolHandler ["http-nio-8080"]
2025-05-02 13:38:55 [restartedMain] INFO  o.s.b.w.e.tomcat.TomcatWebServer - Tomcat started on port 8080 (http) with context path ''
2025-05-02 13:38:55 [restartedMain] INFO  c.d.w.DroneInventorySystemApplication - Started DroneInventorySystemApplication in 0.781 seconds (process running for 3643.896)
2025-05-02 13:38:55 [restartedMain] INFO  o.s.b.d.a.ConditionEvaluationDeltaLoggingListener - Condition evaluation unchanged
2025-05-02 13:39:26 [File Watcher] INFO  o.s.b.d.a.LocalDevToolsAutoConfiguration$RestartingClassPathChangeChangedEventListener - Restarting due to 1 class path change (0 additions, 0 deletions, 1 modification)
2025-05-02 13:39:26 [Thread-71] INFO  o.a.coyote.http11.Http11NioProtocol - Stopping ProtocolHandler ["http-nio-8080"]
2025-05-02 13:39:26 [Thread-71] INFO  o.s.o.j.LocalContainerEntityManagerFactoryBean - Closing JPA EntityManagerFactory for persistence unit 'default'
2025-05-02 13:39:26 [Thread-71] INFO  com.zaxxer.hikari.HikariDataSource - HikariPool-18 - Shutdown initiated...
2025-05-02 13:39:26 [Thread-71] INFO  com.zaxxer.hikari.HikariDataSource - HikariPool-18 - Shutdown completed.
2025-05-02 13:39:26 [restartedMain] INFO  c.d.w.DroneInventorySystemApplication - Starting DroneInventorySystemApplication using Java 17.0.10 with PID 773 (/Users/KurokiKazuma/Workspace/Digital-OJT/DroneInventorySystem/target/classes started by KurokiKazuma in /Users/KurokiKazuma/Workspace/Digital-OJT/DroneInventorySystem)
2025-05-02 13:39:26 [restartedMain] INFO  c.d.w.DroneInventorySystemApplication - The following 1 profile is active: "develop"
2025-05-02 13:39:27 [restartedMain] INFO  o.s.d.r.c.RepositoryConfigurationDelegate - Bootstrapping Spring Data JPA repositories in DEFAULT mode.
2025-05-02 13:39:27 [restartedMain] INFO  o.s.d.r.c.RepositoryConfigurationDelegate - Finished Spring Data repository scanning in 16 ms. Found 4 JPA repository interfaces.
2025-05-02 13:39:27 [restartedMain] INFO  o.s.b.w.e.tomcat.TomcatWebServer - Tomcat initialized with port 8080 (http)
2025-05-02 13:39:27 [restartedMain] INFO  o.a.coyote.http11.Http11NioProtocol - Initializing ProtocolHandler ["http-nio-8080"]
2025-05-02 13:39:27 [restartedMain] INFO  o.a.catalina.core.StandardService - Starting service [Tomcat]
2025-05-02 13:39:27 [restartedMain] INFO  o.a.catalina.core.StandardEngine - Starting Servlet engine: [Apache Tomcat/10.1.28]
2025-05-02 13:39:27 [restartedMain] INFO  o.a.c.c.C.[Tomcat].[localhost].[/] - Initializing Spring embedded WebApplicationContext
2025-05-02 13:39:27 [restartedMain] INFO  o.s.b.w.s.c.ServletWebServerApplicationContext - Root WebApplicationContext: initialization completed in 306 ms
2025-05-02 13:39:27 [restartedMain] INFO  com.zaxxer.hikari.HikariDataSource - HikariPool-19 - Starting...
2025-05-02 13:39:27 [restartedMain] INFO  com.zaxxer.hikari.pool.HikariPool - HikariPool-19 - Added connection com.mysql.cj.jdbc.ConnectionImpl@419d0a54
2025-05-02 13:39:27 [restartedMain] INFO  com.zaxxer.hikari.HikariDataSource - HikariPool-19 - Start completed.
2025-05-02 13:39:27 [restartedMain] INFO  o.s.b.a.h.H2ConsoleAutoConfiguration - H2 console available at '/h2-console'. Database available at 'jdbc:mysql://localhost:3306/stock_mng'
2025-05-02 13:39:27 [restartedMain] INFO  o.s.o.j.p.SpringPersistenceUnitInfo - No LoadTimeWeaver setup: ignoring JPA class transformer
2025-05-02 13:39:27 [restartedMain] INFO  o.s.o.j.LocalContainerEntityManagerFactoryBean - Initialized JPA EntityManagerFactory for persistence unit 'default'
2025-05-02 13:39:27 [restartedMain] WARN  o.s.b.a.o.j.JpaBaseConfiguration$JpaWebConfiguration - spring.jpa.open-in-view is enabled by default. Therefore, database queries may be performed during view rendering. Explicitly configure spring.jpa.open-in-view to disable this warning
2025-05-02 13:39:27 [restartedMain] WARN  o.s.b.a.s.s.UserDetailsServiceAutoConfiguration - 

Using generated security password: a0825881-0ffb-49f0-85a7-131240fa8858

This generated password is for development use only. Your security configuration must be updated before running your application in production.

2025-05-02 13:39:27 [restartedMain] INFO  o.s.s.web.DefaultSecurityFilterChain - Will secure any request with [org.springframework.security.web.session.DisableEncodeUrlFilter@687df66b, org.springframework.security.web.context.request.async.WebAsyncManagerIntegrationFilter@4d8a9f1d, org.springframework.security.web.context.SecurityContextHolderFilter@8797ab1, org.springframework.security.web.header.HeaderWriterFilter@1430531f, org.springframework.security.web.csrf.CsrfFilter@2441c7fd, org.springframework.security.web.authentication.logout.LogoutFilter@60cf9468, org.springframework.security.web.authentication.UsernamePasswordAuthenticationFilter@2bfaac57, org.springframework.security.web.savedrequest.RequestCacheAwareFilter@222d2a6c, org.springframework.security.web.servletapi.SecurityContextHolderAwareRequestFilter@359edb58, org.springframework.security.web.authentication.AnonymousAuthenticationFilter@51fa2e10, org.springframework.security.web.access.ExceptionTranslationFilter@7d2d5120]
2025-05-02 13:39:27 [restartedMain] INFO  o.s.b.d.a.OptionalLiveReloadServer - LiveReload server is running on port 35729
2025-05-02 13:39:27 [restartedMain] INFO  o.a.coyote.http11.Http11NioProtocol - Starting ProtocolHandler ["http-nio-8080"]
2025-05-02 13:39:27 [restartedMain] INFO  o.s.b.w.e.tomcat.TomcatWebServer - Tomcat started on port 8080 (http) with context path ''
2025-05-02 13:39:27 [restartedMain] INFO  c.d.w.DroneInventorySystemApplication - Started DroneInventorySystemApplication in 0.825 seconds (process running for 3675.645)
2025-05-02 13:39:27 [restartedMain] INFO  o.s.b.d.a.ConditionEvaluationDeltaLoggingListener - Condition evaluation unchanged
2025-05-02 13:39:47 [File Watcher] INFO  o.s.b.d.a.LocalDevToolsAutoConfiguration$RestartingClassPathChangeChangedEventListener - Restarting due to 1 class path change (0 additions, 0 deletions, 1 modification)
2025-05-02 13:39:47 [Thread-75] INFO  o.a.coyote.http11.Http11NioProtocol - Stopping ProtocolHandler ["http-nio-8080"]
2025-05-02 13:39:47 [Thread-75] INFO  o.s.o.j.LocalContainerEntityManagerFactoryBean - Closing JPA EntityManagerFactory for persistence unit 'default'
2025-05-02 13:39:47 [Thread-75] INFO  com.zaxxer.hikari.HikariDataSource - HikariPool-19 - Shutdown initiated...
2025-05-02 13:39:47 [Thread-75] INFO  com.zaxxer.hikari.HikariDataSource - HikariPool-19 - Shutdown completed.
2025-05-02 13:39:47 [restartedMain] INFO  c.d.w.DroneInventorySystemApplication - Starting DroneInventorySystemApplication using Java 17.0.10 with PID 773 (/Users/KurokiKazuma/Workspace/Digital-OJT/DroneInventorySystem/target/classes started by KurokiKazuma in /Users/KurokiKazuma/Workspace/Digital-OJT/DroneInventorySystem)
2025-05-02 13:39:47 [restartedMain] INFO  c.d.w.DroneInventorySystemApplication - The following 1 profile is active: "develop"
2025-05-02 13:39:47 [restartedMain] INFO  o.s.d.r.c.RepositoryConfigurationDelegate - Bootstrapping Spring Data JPA repositories in DEFAULT mode.
2025-05-02 13:39:47 [restartedMain] INFO  o.s.d.r.c.RepositoryConfigurationDelegate - Finished Spring Data repository scanning in 13 ms. Found 4 JPA repository interfaces.
2025-05-02 13:39:47 [restartedMain] INFO  o.s.b.w.e.tomcat.TomcatWebServer - Tomcat initialized with port 8080 (http)
2025-05-02 13:39:47 [restartedMain] INFO  o.a.coyote.http11.Http11NioProtocol - Initializing ProtocolHandler ["http-nio-8080"]
2025-05-02 13:39:47 [restartedMain] INFO  o.a.catalina.core.StandardService - Starting service [Tomcat]
2025-05-02 13:39:47 [restartedMain] INFO  o.a.catalina.core.StandardEngine - Starting Servlet engine: [Apache Tomcat/10.1.28]
2025-05-02 13:39:47 [restartedMain] INFO  o.a.c.c.C.[Tomcat].[localhost].[/] - Initializing Spring embedded WebApplicationContext
2025-05-02 13:39:47 [restartedMain] INFO  o.s.b.w.s.c.ServletWebServerApplicationContext - Root WebApplicationContext: initialization completed in 310 ms
2025-05-02 13:39:47 [restartedMain] INFO  com.zaxxer.hikari.HikariDataSource - HikariPool-20 - Starting...
2025-05-02 13:39:47 [restartedMain] INFO  com.zaxxer.hikari.pool.HikariPool - HikariPool-20 - Added connection com.mysql.cj.jdbc.ConnectionImpl@143f87fe
2025-05-02 13:39:47 [restartedMain] INFO  com.zaxxer.hikari.HikariDataSource - HikariPool-20 - Start completed.
2025-05-02 13:39:47 [restartedMain] INFO  o.s.b.a.h.H2ConsoleAutoConfiguration - H2 console available at '/h2-console'. Database available at 'jdbc:mysql://localhost:3306/stock_mng'
2025-05-02 13:39:47 [restartedMain] INFO  o.s.o.j.p.SpringPersistenceUnitInfo - No LoadTimeWeaver setup: ignoring JPA class transformer
2025-05-02 13:39:48 [restartedMain] INFO  o.s.o.j.LocalContainerEntityManagerFactoryBean - Initialized JPA EntityManagerFactory for persistence unit 'default'
2025-05-02 13:39:48 [restartedMain] WARN  o.s.b.a.o.j.JpaBaseConfiguration$JpaWebConfiguration - spring.jpa.open-in-view is enabled by default. Therefore, database queries may be performed during view rendering. Explicitly configure spring.jpa.open-in-view to disable this warning
2025-05-02 13:39:48 [restartedMain] WARN  o.s.b.a.s.s.UserDetailsServiceAutoConfiguration - 

Using generated security password: 83bf8a8f-1388-4448-979b-2d19b4d98c18

This generated password is for development use only. Your security configuration must be updated before running your application in production.

2025-05-02 13:39:48 [restartedMain] INFO  o.s.s.web.DefaultSecurityFilterChain - Will secure any request with [org.springframework.security.web.session.DisableEncodeUrlFilter@2609a5f7, org.springframework.security.web.context.request.async.WebAsyncManagerIntegrationFilter@491dd6f9, org.springframework.security.web.context.SecurityContextHolderFilter@58e3f195, org.springframework.security.web.header.HeaderWriterFilter@3f3532d2, org.springframework.security.web.csrf.CsrfFilter@e542e9e, org.springframework.security.web.authentication.logout.LogoutFilter@60713664, org.springframework.security.web.authentication.UsernamePasswordAuthenticationFilter@77ac3cff, org.springframework.security.web.savedrequest.RequestCacheAwareFilter@77ec14c9, org.springframework.security.web.servletapi.SecurityContextHolderAwareRequestFilter@31ec131e, org.springframework.security.web.authentication.AnonymousAuthenticationFilter@20b60ba8, org.springframework.security.web.access.ExceptionTranslationFilter@29fdf775]
2025-05-02 13:39:48 [restartedMain] INFO  o.s.b.d.a.OptionalLiveReloadServer - LiveReload server is running on port 35729
2025-05-02 13:39:48 [restartedMain] INFO  o.a.coyote.http11.Http11NioProtocol - Starting ProtocolHandler ["http-nio-8080"]
2025-05-02 13:39:48 [restartedMain] INFO  o.s.b.w.e.tomcat.TomcatWebServer - Tomcat started on port 8080 (http) with context path ''
2025-05-02 13:39:48 [restartedMain] INFO  c.d.w.DroneInventorySystemApplication - Started DroneInventorySystemApplication in 0.835 seconds (process running for 3696.271)
2025-05-02 13:39:48 [restartedMain] INFO  o.s.b.d.a.ConditionEvaluationDeltaLoggingListener - Condition evaluation unchanged
2025-05-02 13:39:58 [File Watcher] INFO  o.s.b.d.a.LocalDevToolsAutoConfiguration$RestartingClassPathChangeChangedEventListener - Restarting due to 1 class path change (0 additions, 0 deletions, 1 modification)
2025-05-02 13:39:58 [Thread-79] INFO  o.a.coyote.http11.Http11NioProtocol - Stopping ProtocolHandler ["http-nio-8080"]
2025-05-02 13:39:58 [Thread-79] INFO  o.s.o.j.LocalContainerEntityManagerFactoryBean - Closing JPA EntityManagerFactory for persistence unit 'default'
2025-05-02 13:39:58 [Thread-79] INFO  com.zaxxer.hikari.HikariDataSource - HikariPool-20 - Shutdown initiated...
2025-05-02 13:39:58 [Thread-79] INFO  com.zaxxer.hikari.HikariDataSource - HikariPool-20 - Shutdown completed.
2025-05-02 13:39:59 [restartedMain] INFO  c.d.w.DroneInventorySystemApplication - Starting DroneInventorySystemApplication using Java 17.0.10 with PID 773 (/Users/KurokiKazuma/Workspace/Digital-OJT/DroneInventorySystem/target/classes started by KurokiKazuma in /Users/KurokiKazuma/Workspace/Digital-OJT/DroneInventorySystem)
2025-05-02 13:39:59 [restartedMain] INFO  c.d.w.DroneInventorySystemApplication - The following 1 profile is active: "develop"
2025-05-02 13:39:59 [restartedMain] INFO  o.s.d.r.c.RepositoryConfigurationDelegate - Bootstrapping Spring Data JPA repositories in DEFAULT mode.
2025-05-02 13:39:59 [restartedMain] INFO  o.s.d.r.c.RepositoryConfigurationDelegate - Finished Spring Data repository scanning in 12 ms. Found 4 JPA repository interfaces.
2025-05-02 13:39:59 [restartedMain] INFO  o.s.b.w.e.tomcat.TomcatWebServer - Tomcat initialized with port 8080 (http)
2025-05-02 13:39:59 [restartedMain] INFO  o.a.coyote.http11.Http11NioProtocol - Initializing ProtocolHandler ["http-nio-8080"]
2025-05-02 13:39:59 [restartedMain] INFO  o.a.catalina.core.StandardService - Starting service [Tomcat]
2025-05-02 13:39:59 [restartedMain] INFO  o.a.catalina.core.StandardEngine - Starting Servlet engine: [Apache Tomcat/10.1.28]
2025-05-02 13:39:59 [restartedMain] INFO  o.a.c.c.C.[Tomcat].[localhost].[/] - Initializing Spring embedded WebApplicationContext
2025-05-02 13:39:59 [restartedMain] INFO  o.s.b.w.s.c.ServletWebServerApplicationContext - Root WebApplicationContext: initialization completed in 297 ms
2025-05-02 13:39:59 [restartedMain] INFO  com.zaxxer.hikari.HikariDataSource - HikariPool-21 - Starting...
2025-05-02 13:39:59 [restartedMain] INFO  com.zaxxer.hikari.pool.HikariPool - HikariPool-21 - Added connection com.mysql.cj.jdbc.ConnectionImpl@2fa425e1
2025-05-02 13:39:59 [restartedMain] INFO  com.zaxxer.hikari.HikariDataSource - HikariPool-21 - Start completed.
2025-05-02 13:39:59 [restartedMain] INFO  o.s.b.a.h.H2ConsoleAutoConfiguration - H2 console available at '/h2-console'. Database available at 'jdbc:mysql://localhost:3306/stock_mng'
2025-05-02 13:39:59 [restartedMain] INFO  o.s.o.j.p.SpringPersistenceUnitInfo - No LoadTimeWeaver setup: ignoring JPA class transformer
2025-05-02 13:39:59 [restartedMain] INFO  o.s.o.j.LocalContainerEntityManagerFactoryBean - Initialized JPA EntityManagerFactory for persistence unit 'default'
2025-05-02 13:39:59 [restartedMain] WARN  o.s.b.a.o.j.JpaBaseConfiguration$JpaWebConfiguration - spring.jpa.open-in-view is enabled by default. Therefore, database queries may be performed during view rendering. Explicitly configure spring.jpa.open-in-view to disable this warning
2025-05-02 13:39:59 [restartedMain] WARN  o.s.b.a.s.s.UserDetailsServiceAutoConfiguration - 

Using generated security password: 11335d50-130b-4725-a20e-fd0e8dce5794

This generated password is for development use only. Your security configuration must be updated before running your application in production.

2025-05-02 13:39:59 [restartedMain] INFO  o.s.s.web.DefaultSecurityFilterChain - Will secure any request with [org.springframework.security.web.session.DisableEncodeUrlFilter@26a4cc3, org.springframework.security.web.context.request.async.WebAsyncManagerIntegrationFilter@6d6f7967, org.springframework.security.web.context.SecurityContextHolderFilter@5903179b, org.springframework.security.web.header.HeaderWriterFilter@707a7691, org.springframework.security.web.csrf.CsrfFilter@7b01bcef, org.springframework.security.web.authentication.logout.LogoutFilter@11e985e0, org.springframework.security.web.authentication.UsernamePasswordAuthenticationFilter@2738cef3, org.springframework.security.web.savedrequest.RequestCacheAwareFilter@2f133e90, org.springframework.security.web.servletapi.SecurityContextHolderAwareRequestFilter@737ad1b6, org.springframework.security.web.authentication.AnonymousAuthenticationFilter@307437af, org.springframework.security.web.access.ExceptionTranslationFilter@1409178b]
2025-05-02 13:39:59 [restartedMain] INFO  o.s.b.d.a.OptionalLiveReloadServer - LiveReload server is running on port 35729
2025-05-02 13:39:59 [restartedMain] INFO  o.a.coyote.http11.Http11NioProtocol - Starting ProtocolHandler ["http-nio-8080"]
2025-05-02 13:39:59 [restartedMain] INFO  o.s.b.w.e.tomcat.TomcatWebServer - Tomcat started on port 8080 (http) with context path ''
2025-05-02 13:39:59 [restartedMain] INFO  c.d.w.DroneInventorySystemApplication - Started DroneInventorySystemApplication in 0.744 seconds (process running for 3707.644)
2025-05-02 13:39:59 [restartedMain] INFO  o.s.b.d.a.ConditionEvaluationDeltaLoggingListener - Condition evaluation unchanged
2025-05-02 13:40:17 [File Watcher] INFO  o.s.b.d.a.LocalDevToolsAutoConfiguration$RestartingClassPathChangeChangedEventListener - Restarting due to 2 class path changes (0 additions, 0 deletions, 2 modifications)
2025-05-02 13:40:17 [Thread-83] INFO  o.a.coyote.http11.Http11NioProtocol - Stopping ProtocolHandler ["http-nio-8080"]
2025-05-02 13:40:17 [Thread-83] INFO  o.s.o.j.LocalContainerEntityManagerFactoryBean - Closing JPA EntityManagerFactory for persistence unit 'default'
2025-05-02 13:40:17 [Thread-83] INFO  com.zaxxer.hikari.HikariDataSource - HikariPool-21 - Shutdown initiated...
2025-05-02 13:40:17 [Thread-83] INFO  com.zaxxer.hikari.HikariDataSource - HikariPool-21 - Shutdown completed.
2025-05-02 13:40:17 [restartedMain] INFO  c.d.w.DroneInventorySystemApplication - Starting DroneInventorySystemApplication using Java 17.0.10 with PID 773 (/Users/KurokiKazuma/Workspace/Digital-OJT/DroneInventorySystem/target/classes started by KurokiKazuma in /Users/KurokiKazuma/Workspace/Digital-OJT/DroneInventorySystem)
2025-05-02 13:40:17 [restartedMain] INFO  c.d.w.DroneInventorySystemApplication - The following 1 profile is active: "develop"
2025-05-02 13:40:17 [restartedMain] INFO  o.s.d.r.c.RepositoryConfigurationDelegate - Bootstrapping Spring Data JPA repositories in DEFAULT mode.
2025-05-02 13:40:17 [restartedMain] INFO  o.s.d.r.c.RepositoryConfigurationDelegate - Finished Spring Data repository scanning in 18 ms. Found 4 JPA repository interfaces.
2025-05-02 13:40:17 [restartedMain] INFO  o.s.b.w.e.tomcat.TomcatWebServer - Tomcat initialized with port 8080 (http)
2025-05-02 13:40:17 [restartedMain] INFO  o.a.coyote.http11.Http11NioProtocol - Initializing ProtocolHandler ["http-nio-8080"]
2025-05-02 13:40:17 [restartedMain] INFO  o.a.catalina.core.StandardService - Starting service [Tomcat]
2025-05-02 13:40:17 [restartedMain] INFO  o.a.catalina.core.StandardEngine - Starting Servlet engine: [Apache Tomcat/10.1.28]
2025-05-02 13:40:17 [restartedMain] INFO  o.a.c.c.C.[Tomcat].[localhost].[/] - Initializing Spring embedded WebApplicationContext
2025-05-02 13:40:17 [restartedMain] INFO  o.s.b.w.s.c.ServletWebServerApplicationContext - Root WebApplicationContext: initialization completed in 318 ms
2025-05-02 13:40:17 [restartedMain] INFO  com.zaxxer.hikari.HikariDataSource - HikariPool-22 - Starting...
2025-05-02 13:40:17 [restartedMain] INFO  com.zaxxer.hikari.pool.HikariPool - HikariPool-22 - Added connection com.mysql.cj.jdbc.ConnectionImpl@51266961
2025-05-02 13:40:17 [restartedMain] INFO  com.zaxxer.hikari.HikariDataSource - HikariPool-22 - Start completed.
2025-05-02 13:40:17 [restartedMain] INFO  o.s.b.a.h.H2ConsoleAutoConfiguration - H2 console available at '/h2-console'. Database available at 'jdbc:mysql://localhost:3306/stock_mng'
2025-05-02 13:40:17 [restartedMain] INFO  o.s.o.j.p.SpringPersistenceUnitInfo - No LoadTimeWeaver setup: ignoring JPA class transformer
2025-05-02 13:40:18 [restartedMain] INFO  o.s.o.j.LocalContainerEntityManagerFactoryBean - Initialized JPA EntityManagerFactory for persistence unit 'default'
2025-05-02 13:40:18 [restartedMain] WARN  o.s.b.a.o.j.JpaBaseConfiguration$JpaWebConfiguration - spring.jpa.open-in-view is enabled by default. Therefore, database queries may be performed during view rendering. Explicitly configure spring.jpa.open-in-view to disable this warning
2025-05-02 13:40:18 [restartedMain] WARN  o.s.b.a.s.s.UserDetailsServiceAutoConfiguration - 

Using generated security password: 1a2ffb13-5a75-4699-bb17-4640c82a6c51

This generated password is for development use only. Your security configuration must be updated before running your application in production.

2025-05-02 13:40:18 [restartedMain] INFO  o.s.s.web.DefaultSecurityFilterChain - Will secure any request with [org.springframework.security.web.session.DisableEncodeUrlFilter@7b13da5, org.springframework.security.web.context.request.async.WebAsyncManagerIntegrationFilter@70d6d7d0, org.springframework.security.web.context.SecurityContextHolderFilter@5bd5a75c, org.springframework.security.web.header.HeaderWriterFilter@204c348e, org.springframework.security.web.csrf.CsrfFilter@7bd8928, org.springframework.security.web.authentication.logout.LogoutFilter@181a97b2, org.springframework.security.web.authentication.UsernamePasswordAuthenticationFilter@7cba69cf, org.springframework.security.web.savedrequest.RequestCacheAwareFilter@304a81c7, org.springframework.security.web.servletapi.SecurityContextHolderAwareRequestFilter@2faa8b46, org.springframework.security.web.authentication.AnonymousAuthenticationFilter@3cbd797f, org.springframework.security.web.access.ExceptionTranslationFilter@3a24bb6b]
2025-05-02 13:40:18 [restartedMain] INFO  o.s.b.d.a.OptionalLiveReloadServer - LiveReload server is running on port 35729
2025-05-02 13:40:18 [restartedMain] INFO  o.a.coyote.http11.Http11NioProtocol - Starting ProtocolHandler ["http-nio-8080"]
2025-05-02 13:40:18 [restartedMain] INFO  o.s.b.w.e.tomcat.TomcatWebServer - Tomcat started on port 8080 (http) with context path ''
2025-05-02 13:40:18 [restartedMain] INFO  c.d.w.DroneInventorySystemApplication - Started DroneInventorySystemApplication in 0.792 seconds (process running for 3726.203)
2025-05-02 13:40:18 [restartedMain] INFO  o.s.b.d.a.ConditionEvaluationDeltaLoggingListener - Condition evaluation unchanged
2025-05-02 13:40:40 [File Watcher] INFO  o.s.b.d.a.LocalDevToolsAutoConfiguration$RestartingClassPathChangeChangedEventListener - Restarting due to 1 class path change (0 additions, 0 deletions, 1 modification)
2025-05-02 13:40:41 [Thread-87] INFO  o.a.coyote.http11.Http11NioProtocol - Stopping ProtocolHandler ["http-nio-8080"]
2025-05-02 13:40:41 [Thread-87] INFO  o.s.o.j.LocalContainerEntityManagerFactoryBean - Closing JPA EntityManagerFactory for persistence unit 'default'
2025-05-02 13:40:41 [Thread-87] INFO  com.zaxxer.hikari.HikariDataSource - HikariPool-22 - Shutdown initiated...
2025-05-02 13:40:41 [Thread-87] INFO  com.zaxxer.hikari.HikariDataSource - HikariPool-22 - Shutdown completed.
2025-05-02 13:40:41 [restartedMain] INFO  c.d.w.DroneInventorySystemApplication - Starting DroneInventorySystemApplication using Java 17.0.10 with PID 773 (/Users/KurokiKazuma/Workspace/Digital-OJT/DroneInventorySystem/target/classes started by KurokiKazuma in /Users/KurokiKazuma/Workspace/Digital-OJT/DroneInventorySystem)
2025-05-02 13:40:41 [restartedMain] INFO  c.d.w.DroneInventorySystemApplication - The following 1 profile is active: "develop"
2025-05-02 13:40:41 [restartedMain] INFO  o.s.d.r.c.RepositoryConfigurationDelegate - Bootstrapping Spring Data JPA repositories in DEFAULT mode.
2025-05-02 13:40:41 [restartedMain] INFO  o.s.d.r.c.RepositoryConfigurationDelegate - Finished Spring Data repository scanning in 12 ms. Found 4 JPA repository interfaces.
2025-05-02 13:40:41 [restartedMain] INFO  o.s.b.w.e.tomcat.TomcatWebServer - Tomcat initialized with port 8080 (http)
2025-05-02 13:40:41 [restartedMain] INFO  o.a.coyote.http11.Http11NioProtocol - Initializing ProtocolHandler ["http-nio-8080"]
2025-05-02 13:40:41 [restartedMain] INFO  o.a.catalina.core.StandardService - Starting service [Tomcat]
2025-05-02 13:40:41 [restartedMain] INFO  o.a.catalina.core.StandardEngine - Starting Servlet engine: [Apache Tomcat/10.1.28]
2025-05-02 13:40:41 [restartedMain] INFO  o.a.c.c.C.[Tomcat].[localhost].[/] - Initializing Spring embedded WebApplicationContext
2025-05-02 13:40:41 [restartedMain] INFO  o.s.b.w.s.c.ServletWebServerApplicationContext - Root WebApplicationContext: initialization completed in 298 ms
2025-05-02 13:40:41 [restartedMain] INFO  com.zaxxer.hikari.HikariDataSource - HikariPool-23 - Starting...
2025-05-02 13:40:41 [restartedMain] INFO  com.zaxxer.hikari.pool.HikariPool - HikariPool-23 - Added connection com.mysql.cj.jdbc.ConnectionImpl@58b3e93e
2025-05-02 13:40:41 [restartedMain] INFO  com.zaxxer.hikari.HikariDataSource - HikariPool-23 - Start completed.
2025-05-02 13:40:41 [restartedMain] INFO  o.s.b.a.h.H2ConsoleAutoConfiguration - H2 console available at '/h2-console'. Database available at 'jdbc:mysql://localhost:3306/stock_mng'
2025-05-02 13:40:41 [restartedMain] INFO  o.s.o.j.p.SpringPersistenceUnitInfo - No LoadTimeWeaver setup: ignoring JPA class transformer
2025-05-02 13:40:41 [restartedMain] INFO  o.s.o.j.LocalContainerEntityManagerFactoryBean - Initialized JPA EntityManagerFactory for persistence unit 'default'
2025-05-02 13:40:41 [restartedMain] WARN  o.s.b.a.o.j.JpaBaseConfiguration$JpaWebConfiguration - spring.jpa.open-in-view is enabled by default. Therefore, database queries may be performed during view rendering. Explicitly configure spring.jpa.open-in-view to disable this warning
2025-05-02 13:40:41 [restartedMain] WARN  o.s.b.a.s.s.UserDetailsServiceAutoConfiguration - 

Using generated security password: a3cde4db-d0ef-4315-a199-885dcfc49e7c

This generated password is for development use only. Your security configuration must be updated before running your application in production.

2025-05-02 13:40:41 [restartedMain] INFO  o.s.s.web.DefaultSecurityFilterChain - Will secure any request with [org.springframework.security.web.session.DisableEncodeUrlFilter@22967f11, org.springframework.security.web.context.request.async.WebAsyncManagerIntegrationFilter@7a64b440, org.springframework.security.web.context.SecurityContextHolderFilter@1fc41e3e, org.springframework.security.web.header.HeaderWriterFilter@1ab374f4, org.springframework.security.web.csrf.CsrfFilter@5f1e4043, org.springframework.security.web.authentication.logout.LogoutFilter@4d0f8066, org.springframework.security.web.authentication.UsernamePasswordAuthenticationFilter@55ac13ab, org.springframework.security.web.savedrequest.RequestCacheAwareFilter@32f559dd, org.springframework.security.web.servletapi.SecurityContextHolderAwareRequestFilter@73908ba4, org.springframework.security.web.authentication.AnonymousAuthenticationFilter@4bd907da, org.springframework.security.web.access.ExceptionTranslationFilter@536248d7]
2025-05-02 13:40:42 [restartedMain] INFO  o.s.b.d.a.OptionalLiveReloadServer - LiveReload server is running on port 35729
2025-05-02 13:40:42 [restartedMain] INFO  o.a.coyote.http11.Http11NioProtocol - Starting ProtocolHandler ["http-nio-8080"]
2025-05-02 13:40:42 [restartedMain] INFO  o.s.b.w.e.tomcat.TomcatWebServer - Tomcat started on port 8080 (http) with context path ''
2025-05-02 13:40:42 [restartedMain] INFO  c.d.w.DroneInventorySystemApplication - Started DroneInventorySystemApplication in 0.885 seconds (process running for 3749.969)
2025-05-02 13:40:42 [restartedMain] INFO  o.s.b.d.a.ConditionEvaluationDeltaLoggingListener - Condition evaluation unchanged
2025-05-02 13:40:43 [File Watcher] INFO  o.s.b.d.a.LocalDevToolsAutoConfiguration$RestartingClassPathChangeChangedEventListener - Restarting due to 1 class path change (0 additions, 0 deletions, 1 modification)
2025-05-02 13:40:43 [Thread-91] INFO  o.a.coyote.http11.Http11NioProtocol - Stopping ProtocolHandler ["http-nio-8080"]
2025-05-02 13:40:43 [Thread-91] INFO  o.s.o.j.LocalContainerEntityManagerFactoryBean - Closing JPA EntityManagerFactory for persistence unit 'default'
2025-05-02 13:40:43 [Thread-91] INFO  com.zaxxer.hikari.HikariDataSource - HikariPool-23 - Shutdown initiated...
2025-05-02 13:40:43 [Thread-91] INFO  com.zaxxer.hikari.HikariDataSource - HikariPool-23 - Shutdown completed.
2025-05-02 13:40:43 [restartedMain] INFO  c.d.w.DroneInventorySystemApplication - Starting DroneInventorySystemApplication using Java 17.0.10 with PID 773 (/Users/KurokiKazuma/Workspace/Digital-OJT/DroneInventorySystem/target/classes started by KurokiKazuma in /Users/KurokiKazuma/Workspace/Digital-OJT/DroneInventorySystem)
2025-05-02 13:40:43 [restartedMain] INFO  c.d.w.DroneInventorySystemApplication - The following 1 profile is active: "develop"
2025-05-02 13:40:43 [restartedMain] INFO  o.s.d.r.c.RepositoryConfigurationDelegate - Bootstrapping Spring Data JPA repositories in DEFAULT mode.
2025-05-02 13:40:43 [restartedMain] INFO  o.s.d.r.c.RepositoryConfigurationDelegate - Finished Spring Data repository scanning in 15 ms. Found 4 JPA repository interfaces.
2025-05-02 13:40:43 [restartedMain] INFO  o.s.b.w.e.tomcat.TomcatWebServer - Tomcat initialized with port 8080 (http)
2025-05-02 13:40:43 [restartedMain] INFO  o.a.coyote.http11.Http11NioProtocol - Initializing ProtocolHandler ["http-nio-8080"]
2025-05-02 13:40:43 [restartedMain] INFO  o.a.catalina.core.StandardService - Starting service [Tomcat]
2025-05-02 13:40:43 [restartedMain] INFO  o.a.catalina.core.StandardEngine - Starting Servlet engine: [Apache Tomcat/10.1.28]
2025-05-02 13:40:43 [restartedMain] INFO  o.a.c.c.C.[Tomcat].[localhost].[/] - Initializing Spring embedded WebApplicationContext
2025-05-02 13:40:43 [restartedMain] INFO  o.s.b.w.s.c.ServletWebServerApplicationContext - Root WebApplicationContext: initialization completed in 311 ms
2025-05-02 13:40:43 [restartedMain] INFO  com.zaxxer.hikari.HikariDataSource - HikariPool-24 - Starting...
2025-05-02 13:40:43 [restartedMain] INFO  com.zaxxer.hikari.pool.HikariPool - HikariPool-24 - Added connection com.mysql.cj.jdbc.ConnectionImpl@7d324c37
2025-05-02 13:40:43 [restartedMain] INFO  com.zaxxer.hikari.HikariDataSource - HikariPool-24 - Start completed.
2025-05-02 13:40:43 [restartedMain] INFO  o.s.b.a.h.H2ConsoleAutoConfiguration - H2 console available at '/h2-console'. Database available at 'jdbc:mysql://localhost:3306/stock_mng'
2025-05-02 13:40:43 [restartedMain] INFO  o.s.o.j.p.SpringPersistenceUnitInfo - No LoadTimeWeaver setup: ignoring JPA class transformer
2025-05-02 13:40:44 [restartedMain] INFO  o.s.o.j.LocalContainerEntityManagerFactoryBean - Initialized JPA EntityManagerFactory for persistence unit 'default'
2025-05-02 13:40:44 [restartedMain] WARN  o.s.b.a.o.j.JpaBaseConfiguration$JpaWebConfiguration - spring.jpa.open-in-view is enabled by default. Therefore, database queries may be performed during view rendering. Explicitly configure spring.jpa.open-in-view to disable this warning
2025-05-02 13:40:44 [restartedMain] WARN  o.s.b.a.s.s.UserDetailsServiceAutoConfiguration - 

Using generated security password: b517e8bf-17fe-4ff9-9c2d-3e2b68855d20

This generated password is for development use only. Your security configuration must be updated before running your application in production.

2025-05-02 13:40:44 [restartedMain] INFO  o.s.s.web.DefaultSecurityFilterChain - Will secure any request with [org.springframework.security.web.session.DisableEncodeUrlFilter@69ad4e24, org.springframework.security.web.context.request.async.WebAsyncManagerIntegrationFilter@6251260d, org.springframework.security.web.context.SecurityContextHolderFilter@79fe5d45, org.springframework.security.web.header.HeaderWriterFilter@400a3de, org.springframework.security.web.csrf.CsrfFilter@4e0ca866, org.springframework.security.web.authentication.logout.LogoutFilter@1ffc8122, org.springframework.security.web.authentication.UsernamePasswordAuthenticationFilter@19cc81ec, org.springframework.security.web.savedrequest.RequestCacheAwareFilter@521a9584, org.springframework.security.web.servletapi.SecurityContextHolderAwareRequestFilter@15fcadbc, org.springframework.security.web.authentication.AnonymousAuthenticationFilter@195f4ef4, org.springframework.security.web.access.ExceptionTranslationFilter@313ed3e8]
2025-05-02 13:40:44 [restartedMain] INFO  o.s.b.d.a.OptionalLiveReloadServer - LiveReload server is running on port 35729
2025-05-02 13:40:44 [restartedMain] INFO  o.a.coyote.http11.Http11NioProtocol - Starting ProtocolHandler ["http-nio-8080"]
2025-05-02 13:40:44 [restartedMain] INFO  o.s.b.w.e.tomcat.TomcatWebServer - Tomcat started on port 8080 (http) with context path ''
2025-05-02 13:40:44 [restartedMain] INFO  c.d.w.DroneInventorySystemApplication - Started DroneInventorySystemApplication in 0.776 seconds (process running for 3752.262)
2025-05-02 13:40:44 [restartedMain] INFO  o.s.b.d.a.ConditionEvaluationDeltaLoggingListener - Condition evaluation unchanged
2025-05-02 13:40:49 [File Watcher] INFO  o.s.b.d.a.LocalDevToolsAutoConfiguration$RestartingClassPathChangeChangedEventListener - Restarting due to 1 class path change (0 additions, 0 deletions, 1 modification)
2025-05-02 13:40:49 [Thread-95] INFO  o.a.coyote.http11.Http11NioProtocol - Stopping ProtocolHandler ["http-nio-8080"]
2025-05-02 13:40:49 [Thread-95] INFO  o.s.o.j.LocalContainerEntityManagerFactoryBean - Closing JPA EntityManagerFactory for persistence unit 'default'
2025-05-02 13:40:49 [Thread-95] INFO  com.zaxxer.hikari.HikariDataSource - HikariPool-24 - Shutdown initiated...
2025-05-02 13:40:49 [Thread-95] INFO  com.zaxxer.hikari.HikariDataSource - HikariPool-24 - Shutdown completed.
2025-05-02 13:40:49 [restartedMain] INFO  c.d.w.DroneInventorySystemApplication - Starting DroneInventorySystemApplication using Java 17.0.10 with PID 773 (/Users/KurokiKazuma/Workspace/Digital-OJT/DroneInventorySystem/target/classes started by KurokiKazuma in /Users/KurokiKazuma/Workspace/Digital-OJT/DroneInventorySystem)
2025-05-02 13:40:49 [restartedMain] INFO  c.d.w.DroneInventorySystemApplication - The following 1 profile is active: "develop"
2025-05-02 13:40:50 [restartedMain] INFO  o.s.d.r.c.RepositoryConfigurationDelegate - Bootstrapping Spring Data JPA repositories in DEFAULT mode.
2025-05-02 13:40:50 [restartedMain] INFO  o.s.d.r.c.RepositoryConfigurationDelegate - Finished Spring Data repository scanning in 20 ms. Found 4 JPA repository interfaces.
2025-05-02 13:40:50 [restartedMain] INFO  o.s.b.w.e.tomcat.TomcatWebServer - Tomcat initialized with port 8080 (http)
2025-05-02 13:40:50 [restartedMain] INFO  o.a.coyote.http11.Http11NioProtocol - Initializing ProtocolHandler ["http-nio-8080"]
2025-05-02 13:40:50 [restartedMain] INFO  o.a.catalina.core.StandardService - Starting service [Tomcat]
2025-05-02 13:40:50 [restartedMain] INFO  o.a.catalina.core.StandardEngine - Starting Servlet engine: [Apache Tomcat/10.1.28]
2025-05-02 13:40:50 [restartedMain] INFO  o.a.c.c.C.[Tomcat].[localhost].[/] - Initializing Spring embedded WebApplicationContext
2025-05-02 13:40:50 [restartedMain] INFO  o.s.b.w.s.c.ServletWebServerApplicationContext - Root WebApplicationContext: initialization completed in 300 ms
2025-05-02 13:40:50 [restartedMain] INFO  com.zaxxer.hikari.HikariDataSource - HikariPool-25 - Starting...
2025-05-02 13:40:50 [restartedMain] INFO  com.zaxxer.hikari.pool.HikariPool - HikariPool-25 - Added connection com.mysql.cj.jdbc.ConnectionImpl@77050f4a
2025-05-02 13:40:50 [restartedMain] INFO  com.zaxxer.hikari.HikariDataSource - HikariPool-25 - Start completed.
2025-05-02 13:40:50 [restartedMain] INFO  o.s.b.a.h.H2ConsoleAutoConfiguration - H2 console available at '/h2-console'. Database available at 'jdbc:mysql://localhost:3306/stock_mng'
2025-05-02 13:40:50 [restartedMain] INFO  o.s.o.j.p.SpringPersistenceUnitInfo - No LoadTimeWeaver setup: ignoring JPA class transformer
2025-05-02 13:40:50 [restartedMain] INFO  o.s.o.j.LocalContainerEntityManagerFactoryBean - Initialized JPA EntityManagerFactory for persistence unit 'default'
2025-05-02 13:40:50 [restartedMain] WARN  o.s.b.a.o.j.JpaBaseConfiguration$JpaWebConfiguration - spring.jpa.open-in-view is enabled by default. Therefore, database queries may be performed during view rendering. Explicitly configure spring.jpa.open-in-view to disable this warning
2025-05-02 13:40:50 [restartedMain] WARN  o.s.b.a.s.s.UserDetailsServiceAutoConfiguration - 

Using generated security password: a38eba28-9b90-4982-8395-83d7b8cc6f9d

This generated password is for development use only. Your security configuration must be updated before running your application in production.

2025-05-02 13:40:50 [restartedMain] INFO  o.s.s.web.DefaultSecurityFilterChain - Will secure any request with [org.springframework.security.web.session.DisableEncodeUrlFilter@6e62c3d6, org.springframework.security.web.context.request.async.WebAsyncManagerIntegrationFilter@6494fa99, org.springframework.security.web.context.SecurityContextHolderFilter@15fa73b3, org.springframework.security.web.header.HeaderWriterFilter@7d631cc3, org.springframework.security.web.csrf.CsrfFilter@36b2a351, org.springframework.security.web.authentication.logout.LogoutFilter@3c5f935c, org.springframework.security.web.authentication.UsernamePasswordAuthenticationFilter@504b4e3, org.springframework.security.web.savedrequest.RequestCacheAwareFilter@36f1f276, org.springframework.security.web.servletapi.SecurityContextHolderAwareRequestFilter@1f9e826f, org.springframework.security.web.authentication.AnonymousAuthenticationFilter@24915024, org.springframework.security.web.access.ExceptionTranslationFilter@5059867]
2025-05-02 13:40:50 [restartedMain] INFO  o.s.b.d.a.OptionalLiveReloadServer - LiveReload server is running on port 35729
2025-05-02 13:40:50 [restartedMain] INFO  o.a.coyote.http11.Http11NioProtocol - Starting ProtocolHandler ["http-nio-8080"]
2025-05-02 13:40:50 [restartedMain] INFO  o.s.b.w.e.tomcat.TomcatWebServer - Tomcat started on port 8080 (http) with context path ''
2025-05-02 13:40:50 [restartedMain] INFO  c.d.w.DroneInventorySystemApplication - Started DroneInventorySystemApplication in 0.763 seconds (process running for 3758.605)
2025-05-02 13:40:50 [restartedMain] INFO  o.s.b.d.a.ConditionEvaluationDeltaLoggingListener - Condition evaluation unchanged
2025-05-02 13:41:13 [http-nio-8080-exec-1] INFO  o.a.c.c.C.[Tomcat].[localhost].[/] - Initializing Spring DispatcherServlet 'dispatcherServlet'
2025-05-02 13:41:13 [http-nio-8080-exec-1] INFO  o.s.web.servlet.DispatcherServlet - Initializing Servlet 'dispatcherServlet'
2025-05-02 13:41:13 [http-nio-8080-exec-1] INFO  o.s.web.servlet.DispatcherServlet - Completed initialization in 6 ms
2025-05-02 13:41:13 [http-nio-8080-exec-6] INFO  APP - 【INFO】時間: 1746160873379 | 処理対象: 在庫一覧画面 | 処理内容: 初期表示 | 処理結果: 開始
2025-05-02 13:41:13 [http-nio-8080-exec-6] INFO  APP - 【INFO】時間: 1746160873399 | 処理対象: 在庫一覧画面 | 処理内容: 初期表示 | 処理結果: 成功
2025-05-02 13:41:15 [http-nio-8080-exec-1] INFO  APP - 【INFO】時間: 1746160875204 | 処理対象: 在庫一覧画面 | 処理内容: 検索処理 | 処理結果: 開始
2025-05-02 13:41:15 [http-nio-8080-exec-1] ERROR APP - 【ERROR】時間: 1746160875212 | 処理対象: 在庫一覧画面 | 処理内容: 検索処理 | 処理結果: エラー | エラー内容: すべてのフィールドが空です。少なくとも1つのフィールドに値を入力してください。
2025-05-02 13:41:19 [http-nio-8080-exec-8] INFO  APP - 【INFO】時間: 1746160879262 | 処理対象: 在庫一覧画面 | 処理内容: 検索処理 | 処理結果: 開始
2025-05-02 13:41:19 [http-nio-8080-exec-8] INFO  APP - 【INFO】時間: 1746160879295 | 処理対象: 在庫一覧画面 | 処理内容: 検索処理 | 処理結果: 成功
2025-05-02 13:41:23 [http-nio-8080-exec-3] INFO  APP - 【INFO】時間: 1746160883758 | 処理対象: 在庫一覧画面 | 処理内容: 初期表示 | 処理結果: 開始
2025-05-02 13:41:23 [http-nio-8080-exec-3] INFO  APP - 【INFO】時間: 1746160883777 | 処理対象: 在庫一覧画面 | 処理内容: 初期表示 | 処理結果: 成功
2025-05-02 13:41:29 [http-nio-8080-exec-8] INFO  APP - 【INFO】時間: 1746160889600 | 処理対象: 在庫一覧画面 | 処理内容: 検索処理 | 処理結果: 開始
2025-05-02 13:41:29 [http-nio-8080-exec-8] INFO  APP - 【INFO】時間: 1746160889662 | 処理対象: 在庫一覧画面 | 処理内容: 検索処理 | 処理結果: 成功
2025-05-02 13:41:33 [http-nio-8080-exec-8] INFO  APP - 【INFO】時間: 1746160893315 | 処理対象: 在庫一覧画面 | 処理内容: 初期表示 | 処理結果: 開始
2025-05-02 13:41:33 [http-nio-8080-exec-8] INFO  APP - 【INFO】時間: 1746160893332 | 処理対象: 在庫一覧画面 | 処理内容: 初期表示 | 処理結果: 成功
2025-05-02 13:41:35 [http-nio-8080-exec-1] INFO  APP - 【INFO】時間: 1746160895736 | 処理対象: 在庫一覧画面 | 処理内容: 検索処理 | 処理結果: 開始
2025-05-02 13:41:35 [http-nio-8080-exec-1] INFO  APP - 【INFO】時間: 1746160895806 | 処理対象: 在庫一覧画面 | 処理内容: 検索処理 | 処理結果: 成功
2025-05-02 13:41:38 [http-nio-8080-exec-7] INFO  APP - 【INFO】時間: 1746160898294 | 処理対象: 在庫一覧画面 | 処理内容: 初期表示 | 処理結果: 開始
2025-05-02 13:41:38 [http-nio-8080-exec-7] INFO  APP - 【INFO】時間: 1746160898312 | 処理対象: 在庫一覧画面 | 処理内容: 初期表示 | 処理結果: 成功
2025-05-02 13:41:40 [http-nio-8080-exec-1] INFO  APP - 【INFO】時間: 1746160900618 | 処理対象: 在庫一覧画面 | 処理内容: 検索処理 | 処理結果: 開始
2025-05-02 13:41:40 [http-nio-8080-exec-1] INFO  APP - 【INFO】時間: 1746160900680 | 処理対象: 在庫一覧画面 | 処理内容: 検索処理 | 処理結果: 成功
2025-05-02 13:42:01 [http-nio-8080-exec-1] INFO  APP - 【INFO】時間: 1746160921094 | 処理対象: 在庫一覧画面 | 処理内容: 初期表示 | 処理結果: 開始
2025-05-02 13:42:01 [http-nio-8080-exec-1] INFO  APP - 【INFO】時間: 1746160921116 | 処理対象: 在庫一覧画面 | 処理内容: 初期表示 | 処理結果: 成功
2025-05-02 13:42:04 [http-nio-8080-exec-9] INFO  APP - 【INFO】時間: 1746160924027 | 処理対象: 在庫一覧画面 | 処理内容: 検索処理 | 処理結果: 開始
2025-05-02 13:42:04 [http-nio-8080-exec-9] INFO  APP - 【INFO】時間: 1746160924120 | 処理対象: 在庫一覧画面 | 処理内容: 検索処理 | 処理結果: 成功
2025-05-02 13:42:08 [http-nio-8080-exec-2] INFO  APP - 【INFO】時間: 1746160928033 | 処理対象: 在庫一覧画面 | 処理内容: 検索処理 | 処理結果: 開始
2025-05-02 13:42:08 [http-nio-8080-exec-2] INFO  APP - 【INFO】時間: 1746160928281 | 処理対象: 在庫一覧画面 | 処理内容: 検索処理 | 処理結果: 成功
2025-05-02 13:42:15 [http-nio-8080-exec-9] INFO  APP - 【INFO】時間: 1746160935715 | 処理対象: 在庫一覧画面 | 処理内容: 検索処理 | 処理結果: 開始
2025-05-02 13:42:15 [http-nio-8080-exec-9] INFO  APP - 【INFO】時間: 1746160935833 | 処理対象: 在庫一覧画面 | 処理内容: 検索処理 | 処理結果: 成功
2025-05-02 13:42:20 [http-nio-8080-exec-3] INFO  APP - 【INFO】時間: 1746160940005 | 処理対象: 在庫一覧画面 | 処理内容: 検索処理 | 処理結果: 開始
2025-05-02 13:42:20 [http-nio-8080-exec-3] INFO  APP - 【INFO】時間: 1746160940201 | 処理対象: 在庫一覧画面 | 処理内容: 検索処理 | 処理結果: 成功
2025-05-02 13:42:26 [http-nio-8080-exec-3] INFO  APP - 【INFO】時間: 1746160946310 | 処理対象: 在庫一覧画面 | 処理内容: 初期表示 | 処理結果: 開始
2025-05-02 13:42:26 [http-nio-8080-exec-3] INFO  APP - 【INFO】時間: 1746160946327 | 処理対象: 在庫一覧画面 | 処理内容: 初期表示 | 処理結果: 成功
2025-05-02 13:42:35 [http-nio-8080-exec-9] INFO  APP - 【INFO】時間: 1746160955223 | 処理対象: 在庫一覧画面 | 処理内容: 検索処理 | 処理結果: 開始
2025-05-02 13:42:35 [http-nio-8080-exec-9] INFO  APP - 【INFO】時間: 1746160955528 | 処理対象: 在庫一覧画面 | 処理内容: 検索処理 | 処理結果: 成功
2025-05-02 13:43:35 [http-nio-8080-exec-5] INFO  APP - 【INFO】時間: 1746161015356 | 処理対象: 在庫一覧画面 | 処理内容: 初期表示 | 処理結果: 開始
2025-05-02 13:43:35 [http-nio-8080-exec-5] INFO  APP - 【INFO】時間: 1746161015376 | 処理対象: 在庫一覧画面 | 処理内容: 初期表示 | 処理結果: 成功
2025-05-02 13:43:41 [http-nio-8080-exec-7] INFO  APP - 【INFO】時間: 1746161021573 | 処理対象: 在庫一覧画面 | 処理内容: 検索処理 | 処理結果: 開始
2025-05-02 13:43:41 [http-nio-8080-exec-7] INFO  APP - 【INFO】時間: 1746161021848 | 処理対象: 在庫一覧画面 | 処理内容: 検索処理 | 処理結果: 成功
2025-05-02 13:43:48 [http-nio-8080-exec-6] INFO  APP - 【INFO】時間: 1746161028617 | 処理対象: 在庫一覧画面 | 処理内容: 初期表示 | 処理結果: 開始
2025-05-02 13:43:48 [http-nio-8080-exec-6] INFO  APP - 【INFO】時間: 1746161028633 | 処理対象: 在庫一覧画面 | 処理内容: 初期表示 | 処理結果: 成功
2025-05-02 13:44:44 [File Watcher] INFO  o.s.b.d.a.LocalDevToolsAutoConfiguration$RestartingClassPathChangeChangedEventListener - Restarting due to 1 class path change (0 additions, 0 deletions, 1 modification)
2025-05-02 13:44:44 [Thread-99] INFO  o.a.coyote.http11.Http11NioProtocol - Stopping ProtocolHandler ["http-nio-8080"]
2025-05-02 13:44:44 [Thread-99] INFO  o.s.o.j.LocalContainerEntityManagerFactoryBean - Closing JPA EntityManagerFactory for persistence unit 'default'
2025-05-02 13:44:44 [Thread-99] INFO  com.zaxxer.hikari.HikariDataSource - HikariPool-25 - Shutdown initiated...
2025-05-02 13:44:44 [Thread-99] INFO  com.zaxxer.hikari.HikariDataSource - HikariPool-25 - Shutdown completed.
2025-05-02 13:44:44 [restartedMain] INFO  c.d.w.DroneInventorySystemApplication - Starting DroneInventorySystemApplication using Java 17.0.10 with PID 773 (/Users/KurokiKazuma/Workspace/Digital-OJT/DroneInventorySystem/target/classes started by KurokiKazuma in /Users/KurokiKazuma/Workspace/Digital-OJT/DroneInventorySystem)
2025-05-02 13:44:44 [restartedMain] INFO  c.d.w.DroneInventorySystemApplication - The following 1 profile is active: "develop"
2025-05-02 13:44:45 [restartedMain] INFO  o.s.d.r.c.RepositoryConfigurationDelegate - Bootstrapping Spring Data JPA repositories in DEFAULT mode.
2025-05-02 13:44:45 [restartedMain] INFO  o.s.d.r.c.RepositoryConfigurationDelegate - Finished Spring Data repository scanning in 18 ms. Found 4 JPA repository interfaces.
2025-05-02 13:44:45 [restartedMain] INFO  o.s.b.w.e.tomcat.TomcatWebServer - Tomcat initialized with port 8080 (http)
2025-05-02 13:44:45 [restartedMain] INFO  o.a.coyote.http11.Http11NioProtocol - Initializing ProtocolHandler ["http-nio-8080"]
2025-05-02 13:44:45 [restartedMain] INFO  o.a.catalina.core.StandardService - Starting service [Tomcat]
2025-05-02 13:44:45 [restartedMain] INFO  o.a.catalina.core.StandardEngine - Starting Servlet engine: [Apache Tomcat/10.1.28]
2025-05-02 13:44:45 [restartedMain] INFO  o.a.c.c.C.[Tomcat].[localhost].[/] - Initializing Spring embedded WebApplicationContext
2025-05-02 13:44:45 [restartedMain] INFO  o.s.b.w.s.c.ServletWebServerApplicationContext - Root WebApplicationContext: initialization completed in 447 ms
2025-05-02 13:44:45 [restartedMain] INFO  com.zaxxer.hikari.HikariDataSource - HikariPool-26 - Starting...
2025-05-02 13:44:45 [restartedMain] INFO  com.zaxxer.hikari.pool.HikariPool - HikariPool-26 - Added connection com.mysql.cj.jdbc.ConnectionImpl@2b57cece
2025-05-02 13:44:45 [restartedMain] INFO  com.zaxxer.hikari.HikariDataSource - HikariPool-26 - Start completed.
2025-05-02 13:44:45 [restartedMain] INFO  o.s.b.a.h.H2ConsoleAutoConfiguration - H2 console available at '/h2-console'. Database available at 'jdbc:mysql://localhost:3306/stock_mng'
2025-05-02 13:44:45 [restartedMain] INFO  o.s.o.j.p.SpringPersistenceUnitInfo - No LoadTimeWeaver setup: ignoring JPA class transformer
2025-05-02 13:44:45 [restartedMain] INFO  o.s.o.j.LocalContainerEntityManagerFactoryBean - Initialized JPA EntityManagerFactory for persistence unit 'default'
2025-05-02 13:44:45 [restartedMain] WARN  o.s.b.a.o.j.JpaBaseConfiguration$JpaWebConfiguration - spring.jpa.open-in-view is enabled by default. Therefore, database queries may be performed during view rendering. Explicitly configure spring.jpa.open-in-view to disable this warning
2025-05-02 13:44:45 [restartedMain] WARN  o.s.b.a.s.s.UserDetailsServiceAutoConfiguration - 

Using generated security password: f2f5fac7-3f28-4cbe-9528-7fb19b629a68

This generated password is for development use only. Your security configuration must be updated before running your application in production.

2025-05-02 13:44:45 [restartedMain] INFO  o.s.s.web.DefaultSecurityFilterChain - Will secure any request with [org.springframework.security.web.session.DisableEncodeUrlFilter@3c91024a, org.springframework.security.web.context.request.async.WebAsyncManagerIntegrationFilter@1305d1fb, org.springframework.security.web.context.SecurityContextHolderFilter@24df9595, org.springframework.security.web.header.HeaderWriterFilter@55c1d8f7, org.springframework.security.web.csrf.CsrfFilter@2bf20b1, org.springframework.security.web.authentication.logout.LogoutFilter@c6cb698, org.springframework.security.web.authentication.UsernamePasswordAuthenticationFilter@11a69c61, org.springframework.security.web.savedrequest.RequestCacheAwareFilter@5f9e8317, org.springframework.security.web.servletapi.SecurityContextHolderAwareRequestFilter@24b73c08, org.springframework.security.web.authentication.AnonymousAuthenticationFilter@7ab47d75, org.springframework.security.web.access.ExceptionTranslationFilter@4ee6a69a]
2025-05-02 13:44:45 [restartedMain] INFO  o.s.b.d.a.OptionalLiveReloadServer - LiveReload server is running on port 35729
2025-05-02 13:44:45 [restartedMain] INFO  o.a.coyote.http11.Http11NioProtocol - Starting ProtocolHandler ["http-nio-8080"]
2025-05-02 13:44:45 [restartedMain] INFO  o.s.b.w.e.tomcat.TomcatWebServer - Tomcat started on port 8080 (http) with context path ''
2025-05-02 13:44:45 [restartedMain] INFO  c.d.w.DroneInventorySystemApplication - Started DroneInventorySystemApplication in 0.973 seconds (process running for 3993.659)
2025-05-02 13:44:45 [restartedMain] INFO  o.s.b.d.a.ConditionEvaluationDeltaLoggingListener - Condition evaluation unchanged
2025-05-02 13:49:24 [File Watcher] INFO  o.s.b.d.a.LocalDevToolsAutoConfiguration$RestartingClassPathChangeChangedEventListener - Restarting due to 1 class path change (0 additions, 0 deletions, 1 modification)
2025-05-02 13:49:24 [Thread-103] INFO  o.a.coyote.http11.Http11NioProtocol - Stopping ProtocolHandler ["http-nio-8080"]
2025-05-02 13:49:24 [Thread-103] INFO  o.s.o.j.LocalContainerEntityManagerFactoryBean - Closing JPA EntityManagerFactory for persistence unit 'default'
2025-05-02 13:49:24 [Thread-103] INFO  com.zaxxer.hikari.HikariDataSource - HikariPool-26 - Shutdown initiated...
2025-05-02 13:49:24 [Thread-103] INFO  com.zaxxer.hikari.HikariDataSource - HikariPool-26 - Shutdown completed.
2025-05-02 13:49:24 [restartedMain] INFO  c.d.w.DroneInventorySystemApplication - Starting DroneInventorySystemApplication using Java 17.0.10 with PID 773 (/Users/KurokiKazuma/Workspace/Digital-OJT/DroneInventorySystem/target/classes started by KurokiKazuma in /Users/KurokiKazuma/Workspace/Digital-OJT/DroneInventorySystem)
2025-05-02 13:49:24 [restartedMain] INFO  c.d.w.DroneInventorySystemApplication - The following 1 profile is active: "develop"
2025-05-02 13:49:25 [restartedMain] INFO  o.s.d.r.c.RepositoryConfigurationDelegate - Bootstrapping Spring Data JPA repositories in DEFAULT mode.
2025-05-02 13:49:25 [restartedMain] INFO  o.s.d.r.c.RepositoryConfigurationDelegate - Finished Spring Data repository scanning in 12 ms. Found 4 JPA repository interfaces.
2025-05-02 13:49:25 [restartedMain] INFO  o.s.b.w.e.tomcat.TomcatWebServer - Tomcat initialized with port 8080 (http)
2025-05-02 13:49:25 [restartedMain] INFO  o.a.coyote.http11.Http11NioProtocol - Initializing ProtocolHandler ["http-nio-8080"]
2025-05-02 13:49:25 [restartedMain] INFO  o.a.catalina.core.StandardService - Starting service [Tomcat]
2025-05-02 13:49:25 [restartedMain] INFO  o.a.catalina.core.StandardEngine - Starting Servlet engine: [Apache Tomcat/10.1.28]
2025-05-02 13:49:25 [restartedMain] INFO  o.a.c.c.C.[Tomcat].[localhost].[/] - Initializing Spring embedded WebApplicationContext
2025-05-02 13:49:25 [restartedMain] INFO  o.s.b.w.s.c.ServletWebServerApplicationContext - Root WebApplicationContext: initialization completed in 399 ms
2025-05-02 13:49:25 [restartedMain] INFO  com.zaxxer.hikari.HikariDataSource - HikariPool-27 - Starting...
2025-05-02 13:49:25 [restartedMain] INFO  com.zaxxer.hikari.pool.HikariPool - HikariPool-27 - Added connection com.mysql.cj.jdbc.ConnectionImpl@702a72a0
2025-05-02 13:49:25 [restartedMain] INFO  com.zaxxer.hikari.HikariDataSource - HikariPool-27 - Start completed.
2025-05-02 13:49:25 [restartedMain] INFO  o.s.b.a.h.H2ConsoleAutoConfiguration - H2 console available at '/h2-console'. Database available at 'jdbc:mysql://localhost:3306/stock_mng'
2025-05-02 13:49:25 [restartedMain] INFO  o.s.o.j.p.SpringPersistenceUnitInfo - No LoadTimeWeaver setup: ignoring JPA class transformer
2025-05-02 13:49:25 [restartedMain] INFO  o.s.o.j.LocalContainerEntityManagerFactoryBean - Initialized JPA EntityManagerFactory for persistence unit 'default'
2025-05-02 13:49:25 [restartedMain] WARN  o.s.b.a.o.j.JpaBaseConfiguration$JpaWebConfiguration - spring.jpa.open-in-view is enabled by default. Therefore, database queries may be performed during view rendering. Explicitly configure spring.jpa.open-in-view to disable this warning
2025-05-02 13:49:25 [restartedMain] WARN  o.s.b.a.s.s.UserDetailsServiceAutoConfiguration - 

Using generated security password: 3877ce7e-4517-4233-a70b-2cd088b46cea

This generated password is for development use only. Your security configuration must be updated before running your application in production.

2025-05-02 13:49:25 [restartedMain] INFO  o.s.s.web.DefaultSecurityFilterChain - Will secure any request with [org.springframework.security.web.session.DisableEncodeUrlFilter@171bc908, org.springframework.security.web.context.request.async.WebAsyncManagerIntegrationFilter@77dc2d5f, org.springframework.security.web.context.SecurityContextHolderFilter@3e2fea17, org.springframework.security.web.header.HeaderWriterFilter@562ae802, org.springframework.security.web.csrf.CsrfFilter@66bf9e77, org.springframework.security.web.authentication.logout.LogoutFilter@4252545d, org.springframework.security.web.authentication.UsernamePasswordAuthenticationFilter@2aff160b, org.springframework.security.web.savedrequest.RequestCacheAwareFilter@24f98783, org.springframework.security.web.servletapi.SecurityContextHolderAwareRequestFilter@207ebcf, org.springframework.security.web.authentication.AnonymousAuthenticationFilter@277c7f45, org.springframework.security.web.access.ExceptionTranslationFilter@7f1b3873]
2025-05-02 13:49:25 [restartedMain] INFO  o.s.b.d.a.OptionalLiveReloadServer - LiveReload server is running on port 35729
2025-05-02 13:49:25 [restartedMain] INFO  o.a.coyote.http11.Http11NioProtocol - Starting ProtocolHandler ["http-nio-8080"]
2025-05-02 13:49:25 [restartedMain] INFO  o.s.b.w.e.tomcat.TomcatWebServer - Tomcat started on port 8080 (http) with context path ''
2025-05-02 13:49:25 [restartedMain] INFO  c.d.w.DroneInventorySystemApplication - Started DroneInventorySystemApplication in 0.855 seconds (process running for 4273.544)
2025-05-02 13:49:25 [restartedMain] INFO  o.s.b.d.a.ConditionEvaluationDeltaLoggingListener - Condition evaluation unchanged
2025-05-02 13:52:41 [http-nio-8080-exec-1] INFO  o.a.c.c.C.[Tomcat].[localhost].[/] - Initializing Spring DispatcherServlet 'dispatcherServlet'
2025-05-02 13:52:41 [http-nio-8080-exec-1] INFO  o.s.web.servlet.DispatcherServlet - Initializing Servlet 'dispatcherServlet'
2025-05-02 13:52:41 [http-nio-8080-exec-1] INFO  o.s.web.servlet.DispatcherServlet - Completed initialization in 4 ms
2025-05-02 13:52:41 [http-nio-8080-exec-1] INFO  APP - 【INFO】時間: 1746161561624 | 処理対象: 在庫一覧画面 | 処理内容: 検索処理 | 処理結果: 開始
2025-05-02 13:52:41 [http-nio-8080-exec-1] ERROR APP - 【ERROR】時間: 1746161561634 | 処理対象: 在庫一覧画面 | 処理内容: 検索処理 | 処理結果: エラー | エラー内容: すべてのフィールドが空です。少なくとも1つのフィールドに値を入力してください。
2025-05-02 13:52:44 [http-nio-8080-exec-5] INFO  APP - 【INFO】時間: 1746161564069 | 処理対象: 在庫一覧画面 | 処理内容: 初期表示 | 処理結果: 開始
2025-05-02 13:52:44 [http-nio-8080-exec-5] INFO  APP - 【INFO】時間: 1746161564094 | 処理対象: 在庫一覧画面 | 処理内容: 初期表示 | 処理結果: 成功
2025-05-02 13:52:45 [http-nio-8080-exec-10] INFO  APP - 【INFO】時間: 1746161565203 | 処理対象: 在庫一覧画面 | 処理内容: 検索処理 | 処理結果: 開始
2025-05-02 13:52:45 [http-nio-8080-exec-10] ERROR APP - 【ERROR】時間: 1746161565212 | 処理対象: 在庫一覧画面 | 処理内容: 検索処理 | 処理結果: エラー | エラー内容: すべてのフィールドが空です。少なくとも1つのフィールドに値を入力してください。
2025-05-02 13:52:46 [http-nio-8080-exec-8] INFO  APP - 【INFO】時間: 1746161566957 | 処理対象: 在庫一覧画面 | 処理内容: 検索処理 | 処理結果: 開始
2025-05-02 13:52:46 [http-nio-8080-exec-8] ERROR APP - 【ERROR】時間: 1746161566966 | 処理対象: 在庫一覧画面 | 処理内容: 検索処理 | 処理結果: エラー | エラー内容: すべてのフィールドが空です。少なくとも1つのフィールドに値を入力してください。
2025-05-02 13:52:47 [http-nio-8080-exec-2] INFO  APP - 【INFO】時間: 1746161567660 | 処理対象: 在庫一覧画面 | 処理内容: 検索処理 | 処理結果: 開始
2025-05-02 13:52:47 [http-nio-8080-exec-2] ERROR APP - 【ERROR】時間: 1746161567668 | 処理対象: 在庫一覧画面 | 処理内容: 検索処理 | 処理結果: エラー | エラー内容: すべてのフィールドが空です。少なくとも1つのフィールドに値を入力してください。
2025-05-02 13:52:55 [http-nio-8080-exec-7] INFO  APP - 【INFO】時間: 1746161575149 | 処理対象: 在庫一覧画面 | 処理内容: 検索処理 | 処理結果: 開始
2025-05-02 13:52:55 [http-nio-8080-exec-7] INFO  APP - 【INFO】時間: 1746161575190 | 処理対象: 在庫一覧画面 | 処理内容: 検索処理 | 処理結果: 成功
2025-05-02 13:52:59 [http-nio-8080-exec-10] INFO  APP - 【INFO】時間: 1746161579803 | 処理対象: 在庫一覧画面 | 処理内容: 検索処理 | 処理結果: 開始
2025-05-02 13:52:59 [http-nio-8080-exec-10] INFO  APP - 【INFO】時間: 1746161579843 | 処理対象: 在庫一覧画面 | 処理内容: 検索処理 | 処理結果: 成功
2025-05-02 13:53:02 [http-nio-8080-exec-7] INFO  APP - 【INFO】時間: 1746161582463 | 処理対象: 在庫一覧画面 | 処理内容: 検索処理 | 処理結果: 開始
2025-05-02 13:53:02 [http-nio-8080-exec-7] INFO  APP - 【INFO】時間: 1746161582499 | 処理対象: 在庫一覧画面 | 処理内容: 検索処理 | 処理結果: 成功
2025-05-02 13:53:06 [http-nio-8080-exec-10] INFO  APP - 【INFO】時間: 1746161586221 | 処理対象: 在庫一覧画面 | 処理内容: 検索処理 | 処理結果: 開始
2025-05-02 13:53:06 [http-nio-8080-exec-10] INFO  APP - 【INFO】時間: 1746161586261 | 処理対象: 在庫一覧画面 | 処理内容: 検索処理 | 処理結果: 成功
2025-05-02 13:53:09 [http-nio-8080-exec-7] INFO  APP - 【INFO】時間: 1746161589300 | 処理対象: 在庫一覧画面 | 処理内容: 初期表示 | 処理結果: 開始
2025-05-02 13:53:09 [http-nio-8080-exec-7] INFO  APP - 【INFO】時間: 1746161589317 | 処理対象: 在庫一覧画面 | 処理内容: 初期表示 | 処理結果: 成功
2025-05-02 13:53:11 [http-nio-8080-exec-10] INFO  APP - 【INFO】時間: 1746161591926 | 処理対象: 在庫一覧画面 | 処理内容: 検索処理 | 処理結果: 開始
2025-05-02 13:53:11 [http-nio-8080-exec-10] INFO  APP - 【INFO】時間: 1746161591946 | 処理対象: 在庫一覧画面 | 処理内容: 検索処理 | 処理結果: 成功
2025-05-02 13:53:15 [http-nio-8080-exec-8] INFO  APP - 【INFO】時間: 1746161595286 | 処理対象: 在庫一覧画面 | 処理内容: 初期表示 | 処理結果: 開始
2025-05-02 13:53:15 [http-nio-8080-exec-8] INFO  APP - 【INFO】時間: 1746161595302 | 処理対象: 在庫一覧画面 | 処理内容: 初期表示 | 処理結果: 成功
2025-05-02 13:53:18 [http-nio-8080-exec-10] INFO  APP - 【INFO】時間: 1746161598006 | 処理対象: 在庫一覧画面 | 処理内容: 検索処理 | 処理結果: 開始
2025-05-02 13:53:18 [http-nio-8080-exec-10] INFO  APP - 【INFO】時間: 1746161598055 | 処理対象: 在庫一覧画面 | 処理内容: 検索処理 | 処理結果: 成功
2025-05-02 13:53:22 [http-nio-8080-exec-10] INFO  APP - 【INFO】時間: 1746161602982 | 処理対象: 在庫一覧画面 | 処理内容: 初期表示 | 処理結果: 開始
2025-05-02 13:53:23 [http-nio-8080-exec-10] INFO  APP - 【INFO】時間: 1746161603000 | 処理対象: 在庫一覧画面 | 処理内容: 初期表示 | 処理結果: 成功
2025-05-02 13:53:30 [http-nio-8080-exec-5] INFO  APP - 【INFO】時間: 1746161610813 | 処理対象: 在庫一覧画面 | 処理内容: 検索処理 | 処理結果: 開始
2025-05-02 13:53:30 [http-nio-8080-exec-5] INFO  APP - 【INFO】時間: 1746161610842 | 処理対象: 在庫一覧画面 | 処理内容: 検索処理 | 処理結果: 成功
2025-05-02 13:53:36 [http-nio-8080-exec-10] INFO  APP - 【INFO】時間: 1746161616005 | 処理対象: 在庫一覧画面 | 処理内容: 初期表示 | 処理結果: 開始
2025-05-02 13:53:36 [http-nio-8080-exec-10] INFO  APP - 【INFO】時間: 1746161616026 | 処理対象: 在庫一覧画面 | 処理内容: 初期表示 | 処理結果: 成功
2025-05-02 13:53:39 [http-nio-8080-exec-7] INFO  APP - 【INFO】時間: 1746161619007 | 処理対象: 在庫一覧画面 | 処理内容: 検索処理 | 処理結果: 開始
2025-05-02 13:53:39 [http-nio-8080-exec-7] INFO  APP - 【INFO】時間: 1746161619056 | 処理対象: 在庫一覧画面 | 処理内容: 検索処理 | 処理結果: 成功
2025-05-02 13:53:42 [http-nio-8080-exec-5] INFO  APP - 【INFO】時間: 1746161622602 | 処理対象: 在庫一覧画面 | 処理内容: 初期表示 | 処理結果: 開始
2025-05-02 13:53:42 [http-nio-8080-exec-5] INFO  APP - 【INFO】時間: 1746161622619 | 処理対象: 在庫一覧画面 | 処理内容: 初期表示 | 処理結果: 成功
2025-05-02 13:53:44 [http-nio-8080-exec-7] INFO  APP - 【INFO】時間: 1746161624936 | 処理対象: 在庫一覧画面 | 処理内容: 検索処理 | 処理結果: 開始
2025-05-02 13:53:44 [http-nio-8080-exec-7] INFO  APP - 【INFO】時間: 1746161624962 | 処理対象: 在庫一覧画面 | 処理内容: 検索処理 | 処理結果: 成功
2025-05-02 13:53:50 [http-nio-8080-exec-6] INFO  APP - 【INFO】時間: 1746161630882 | 処理対象: 在庫一覧画面 | 処理内容: 初期表示 | 処理結果: 開始
2025-05-02 13:53:50 [http-nio-8080-exec-6] INFO  APP - 【INFO】時間: 1746161630900 | 処理対象: 在庫一覧画面 | 処理内容: 初期表示 | 処理結果: 成功
2025-05-02 13:53:53 [http-nio-8080-exec-7] INFO  APP - 【INFO】時間: 1746161633163 | 処理対象: 在庫一覧画面 | 処理内容: 検索処理 | 処理結果: 開始
2025-05-02 13:53:53 [http-nio-8080-exec-7] INFO  APP - 【INFO】時間: 1746161633216 | 処理対象: 在庫一覧画面 | 処理内容: 検索処理 | 処理結果: 成功
2025-05-02 13:57:10 [File Watcher] INFO  o.s.b.d.a.LocalDevToolsAutoConfiguration$RestartingClassPathChangeChangedEventListener - Restarting due to 1 class path change (0 additions, 0 deletions, 1 modification)
2025-05-02 13:57:10 [Thread-107] INFO  o.a.coyote.http11.Http11NioProtocol - Stopping ProtocolHandler ["http-nio-8080"]
2025-05-02 13:57:10 [Thread-107] INFO  o.s.o.j.LocalContainerEntityManagerFactoryBean - Closing JPA EntityManagerFactory for persistence unit 'default'
2025-05-02 13:57:10 [Thread-107] INFO  com.zaxxer.hikari.HikariDataSource - HikariPool-27 - Shutdown initiated...
2025-05-02 13:57:10 [Thread-107] INFO  com.zaxxer.hikari.HikariDataSource - HikariPool-27 - Shutdown completed.
2025-05-02 13:57:10 [restartedMain] INFO  c.d.w.DroneInventorySystemApplication - Starting DroneInventorySystemApplication using Java 17.0.10 with PID 773 (/Users/KurokiKazuma/Workspace/Digital-OJT/DroneInventorySystem/target/classes started by KurokiKazuma in /Users/KurokiKazuma/Workspace/Digital-OJT/DroneInventorySystem)
2025-05-02 13:57:10 [restartedMain] INFO  c.d.w.DroneInventorySystemApplication - The following 1 profile is active: "develop"
2025-05-02 13:57:10 [restartedMain] INFO  o.s.d.r.c.RepositoryConfigurationDelegate - Bootstrapping Spring Data JPA repositories in DEFAULT mode.
2025-05-02 13:57:10 [restartedMain] INFO  o.s.d.r.c.RepositoryConfigurationDelegate - Finished Spring Data repository scanning in 13 ms. Found 4 JPA repository interfaces.
2025-05-02 13:57:10 [restartedMain] INFO  o.s.b.w.e.tomcat.TomcatWebServer - Tomcat initialized with port 8080 (http)
2025-05-02 13:57:10 [restartedMain] INFO  o.a.coyote.http11.Http11NioProtocol - Initializing ProtocolHandler ["http-nio-8080"]
2025-05-02 13:57:10 [restartedMain] INFO  o.a.catalina.core.StandardService - Starting service [Tomcat]
2025-05-02 13:57:10 [restartedMain] INFO  o.a.catalina.core.StandardEngine - Starting Servlet engine: [Apache Tomcat/10.1.28]
2025-05-02 13:57:10 [restartedMain] INFO  o.a.c.c.C.[Tomcat].[localhost].[/] - Initializing Spring embedded WebApplicationContext
2025-05-02 13:57:10 [restartedMain] INFO  o.s.b.w.s.c.ServletWebServerApplicationContext - Root WebApplicationContext: initialization completed in 378 ms
2025-05-02 13:57:11 [restartedMain] INFO  com.zaxxer.hikari.HikariDataSource - HikariPool-28 - Starting...
2025-05-02 13:57:11 [restartedMain] INFO  com.zaxxer.hikari.pool.HikariPool - HikariPool-28 - Added connection com.mysql.cj.jdbc.ConnectionImpl@6dfa2a02
2025-05-02 13:57:11 [restartedMain] INFO  com.zaxxer.hikari.HikariDataSource - HikariPool-28 - Start completed.
2025-05-02 13:57:11 [restartedMain] INFO  o.s.b.a.h.H2ConsoleAutoConfiguration - H2 console available at '/h2-console'. Database available at 'jdbc:mysql://localhost:3306/stock_mng'
2025-05-02 13:57:11 [restartedMain] INFO  o.s.o.j.p.SpringPersistenceUnitInfo - No LoadTimeWeaver setup: ignoring JPA class transformer
2025-05-02 13:57:11 [restartedMain] INFO  o.s.o.j.LocalContainerEntityManagerFactoryBean - Initialized JPA EntityManagerFactory for persistence unit 'default'
2025-05-02 13:57:11 [restartedMain] WARN  o.s.b.a.o.j.JpaBaseConfiguration$JpaWebConfiguration - spring.jpa.open-in-view is enabled by default. Therefore, database queries may be performed during view rendering. Explicitly configure spring.jpa.open-in-view to disable this warning
2025-05-02 13:57:11 [restartedMain] WARN  o.s.b.a.s.s.UserDetailsServiceAutoConfiguration - 

Using generated security password: ba0cb4b0-8333-4f09-98f9-c03d2a14b1d8

This generated password is for development use only. Your security configuration must be updated before running your application in production.

2025-05-02 13:57:11 [restartedMain] INFO  o.s.s.web.DefaultSecurityFilterChain - Will secure any request with [org.springframework.security.web.session.DisableEncodeUrlFilter@14838bf8, org.springframework.security.web.context.request.async.WebAsyncManagerIntegrationFilter@5d9f97c0, org.springframework.security.web.context.SecurityContextHolderFilter@6079f57a, org.springframework.security.web.header.HeaderWriterFilter@22c7f8a8, org.springframework.security.web.csrf.CsrfFilter@43a2a6cd, org.springframework.security.web.authentication.logout.LogoutFilter@7401f37f, org.springframework.security.web.authentication.UsernamePasswordAuthenticationFilter@1da8c895, org.springframework.security.web.savedrequest.RequestCacheAwareFilter@363ba376, org.springframework.security.web.servletapi.SecurityContextHolderAwareRequestFilter@2d288d1f, org.springframework.security.web.authentication.AnonymousAuthenticationFilter@267e1d07, org.springframework.security.web.access.ExceptionTranslationFilter@7d0cc09e]
2025-05-02 13:57:11 [restartedMain] INFO  o.s.b.d.a.OptionalLiveReloadServer - LiveReload server is running on port 35729
2025-05-02 13:57:11 [restartedMain] INFO  o.a.coyote.http11.Http11NioProtocol - Starting ProtocolHandler ["http-nio-8080"]
2025-05-02 13:57:11 [restartedMain] INFO  o.s.b.w.e.tomcat.TomcatWebServer - Tomcat started on port 8080 (http) with context path ''
2025-05-02 13:57:11 [restartedMain] INFO  c.d.w.DroneInventorySystemApplication - Started DroneInventorySystemApplication in 0.865 seconds (process running for 4739.321)
2025-05-02 13:57:11 [restartedMain] INFO  o.s.b.d.a.ConditionEvaluationDeltaLoggingListener - Condition evaluation unchanged
2025-05-02 13:57:45 [File Watcher] INFO  o.s.b.d.a.LocalDevToolsAutoConfiguration$RestartingClassPathChangeChangedEventListener - Restarting due to 1 class path change (0 additions, 0 deletions, 1 modification)
2025-05-02 13:57:45 [Thread-111] INFO  o.a.coyote.http11.Http11NioProtocol - Stopping ProtocolHandler ["http-nio-8080"]
2025-05-02 13:57:45 [Thread-111] INFO  o.s.o.j.LocalContainerEntityManagerFactoryBean - Closing JPA EntityManagerFactory for persistence unit 'default'
2025-05-02 13:57:45 [Thread-111] INFO  com.zaxxer.hikari.HikariDataSource - HikariPool-28 - Shutdown initiated...
2025-05-02 13:57:45 [Thread-111] INFO  com.zaxxer.hikari.HikariDataSource - HikariPool-28 - Shutdown completed.
2025-05-02 13:57:45 [restartedMain] INFO  c.d.w.DroneInventorySystemApplication - Starting DroneInventorySystemApplication using Java 17.0.10 with PID 773 (/Users/KurokiKazuma/Workspace/Digital-OJT/DroneInventorySystem/target/classes started by KurokiKazuma in /Users/KurokiKazuma/Workspace/Digital-OJT/DroneInventorySystem)
2025-05-02 13:57:45 [restartedMain] INFO  c.d.w.DroneInventorySystemApplication - The following 1 profile is active: "develop"
2025-05-02 13:57:45 [restartedMain] INFO  o.s.d.r.c.RepositoryConfigurationDelegate - Bootstrapping Spring Data JPA repositories in DEFAULT mode.
2025-05-02 13:57:45 [restartedMain] INFO  o.s.d.r.c.RepositoryConfigurationDelegate - Finished Spring Data repository scanning in 14 ms. Found 4 JPA repository interfaces.
2025-05-02 13:57:45 [restartedMain] INFO  o.s.b.w.e.tomcat.TomcatWebServer - Tomcat initialized with port 8080 (http)
2025-05-02 13:57:45 [restartedMain] INFO  o.a.coyote.http11.Http11NioProtocol - Initializing ProtocolHandler ["http-nio-8080"]
2025-05-02 13:57:45 [restartedMain] INFO  o.a.catalina.core.StandardService - Starting service [Tomcat]
2025-05-02 13:57:45 [restartedMain] INFO  o.a.catalina.core.StandardEngine - Starting Servlet engine: [Apache Tomcat/10.1.28]
2025-05-02 13:57:45 [restartedMain] INFO  o.a.c.c.C.[Tomcat].[localhost].[/] - Initializing Spring embedded WebApplicationContext
2025-05-02 13:57:45 [restartedMain] INFO  o.s.b.w.s.c.ServletWebServerApplicationContext - Root WebApplicationContext: initialization completed in 374 ms
2025-05-02 13:57:45 [restartedMain] INFO  com.zaxxer.hikari.HikariDataSource - HikariPool-29 - Starting...
2025-05-02 13:57:45 [restartedMain] INFO  com.zaxxer.hikari.pool.HikariPool - HikariPool-29 - Added connection com.mysql.cj.jdbc.ConnectionImpl@1d7da544
2025-05-02 13:57:45 [restartedMain] INFO  com.zaxxer.hikari.HikariDataSource - HikariPool-29 - Start completed.
2025-05-02 13:57:45 [restartedMain] INFO  o.s.b.a.h.H2ConsoleAutoConfiguration - H2 console available at '/h2-console'. Database available at 'jdbc:mysql://localhost:3306/stock_mng'
2025-05-02 13:57:45 [restartedMain] INFO  o.s.o.j.p.SpringPersistenceUnitInfo - No LoadTimeWeaver setup: ignoring JPA class transformer
2025-05-02 13:57:45 [restartedMain] INFO  o.s.o.j.LocalContainerEntityManagerFactoryBean - Initialized JPA EntityManagerFactory for persistence unit 'default'
2025-05-02 13:57:46 [restartedMain] WARN  o.s.b.a.o.j.JpaBaseConfiguration$JpaWebConfiguration - spring.jpa.open-in-view is enabled by default. Therefore, database queries may be performed during view rendering. Explicitly configure spring.jpa.open-in-view to disable this warning
2025-05-02 13:57:46 [restartedMain] WARN  o.s.b.a.s.s.UserDetailsServiceAutoConfiguration - 

Using generated security password: c41d8283-0793-4598-b3e6-87b0e0077972

This generated password is for development use only. Your security configuration must be updated before running your application in production.

2025-05-02 13:57:46 [restartedMain] INFO  o.s.s.web.DefaultSecurityFilterChain - Will secure any request with [org.springframework.security.web.session.DisableEncodeUrlFilter@34eb5041, org.springframework.security.web.context.request.async.WebAsyncManagerIntegrationFilter@45f084aa, org.springframework.security.web.context.SecurityContextHolderFilter@2b5fc08c, org.springframework.security.web.header.HeaderWriterFilter@4cef1641, org.springframework.security.web.csrf.CsrfFilter@78826c3e, org.springframework.security.web.authentication.logout.LogoutFilter@4622a187, org.springframework.security.web.authentication.UsernamePasswordAuthenticationFilter@3bdaae94, org.springframework.security.web.savedrequest.RequestCacheAwareFilter@4057ba45, org.springframework.security.web.servletapi.SecurityContextHolderAwareRequestFilter@27c51f79, org.springframework.security.web.authentication.AnonymousAuthenticationFilter@160d2b0a, org.springframework.security.web.access.ExceptionTranslationFilter@76b238fe]
2025-05-02 13:57:46 [restartedMain] INFO  o.s.b.d.a.OptionalLiveReloadServer - LiveReload server is running on port 35729
2025-05-02 13:57:46 [restartedMain] INFO  o.a.coyote.http11.Http11NioProtocol - Starting ProtocolHandler ["http-nio-8080"]
2025-05-02 13:57:46 [restartedMain] INFO  o.s.b.w.e.tomcat.TomcatWebServer - Tomcat started on port 8080 (http) with context path ''
2025-05-02 13:57:46 [restartedMain] INFO  c.d.w.DroneInventorySystemApplication - Started DroneInventorySystemApplication in 0.893 seconds (process running for 4774.235)
2025-05-02 13:57:46 [restartedMain] INFO  o.s.b.d.a.ConditionEvaluationDeltaLoggingListener - Condition evaluation unchanged
2025-05-02 13:58:27 [File Watcher] INFO  o.s.b.d.a.LocalDevToolsAutoConfiguration$RestartingClassPathChangeChangedEventListener - Restarting due to 1 class path change (0 additions, 0 deletions, 1 modification)
2025-05-02 13:58:27 [Thread-115] INFO  o.a.coyote.http11.Http11NioProtocol - Stopping ProtocolHandler ["http-nio-8080"]
2025-05-02 13:58:27 [Thread-115] INFO  o.s.o.j.LocalContainerEntityManagerFactoryBean - Closing JPA EntityManagerFactory for persistence unit 'default'
2025-05-02 13:58:27 [Thread-115] INFO  com.zaxxer.hikari.HikariDataSource - HikariPool-29 - Shutdown initiated...
2025-05-02 13:58:27 [Thread-115] INFO  com.zaxxer.hikari.HikariDataSource - HikariPool-29 - Shutdown completed.
2025-05-02 13:58:27 [restartedMain] INFO  c.d.w.DroneInventorySystemApplication - Starting DroneInventorySystemApplication using Java 17.0.10 with PID 773 (/Users/KurokiKazuma/Workspace/Digital-OJT/DroneInventorySystem/target/classes started by KurokiKazuma in /Users/KurokiKazuma/Workspace/Digital-OJT/DroneInventorySystem)
2025-05-02 13:58:27 [restartedMain] INFO  c.d.w.DroneInventorySystemApplication - The following 1 profile is active: "develop"
2025-05-02 13:58:27 [restartedMain] INFO  o.s.d.r.c.RepositoryConfigurationDelegate - Bootstrapping Spring Data JPA repositories in DEFAULT mode.
2025-05-02 13:58:27 [restartedMain] INFO  o.s.d.r.c.RepositoryConfigurationDelegate - Finished Spring Data repository scanning in 12 ms. Found 4 JPA repository interfaces.
2025-05-02 13:58:28 [restartedMain] INFO  o.s.b.w.e.tomcat.TomcatWebServer - Tomcat initialized with port 8080 (http)
2025-05-02 13:58:28 [restartedMain] INFO  o.a.coyote.http11.Http11NioProtocol - Initializing ProtocolHandler ["http-nio-8080"]
2025-05-02 13:58:28 [restartedMain] INFO  o.a.catalina.core.StandardService - Starting service [Tomcat]
2025-05-02 13:58:28 [restartedMain] INFO  o.a.catalina.core.StandardEngine - Starting Servlet engine: [Apache Tomcat/10.1.28]
2025-05-02 13:58:28 [restartedMain] INFO  o.a.c.c.C.[Tomcat].[localhost].[/] - Initializing Spring embedded WebApplicationContext
2025-05-02 13:58:28 [restartedMain] INFO  o.s.b.w.s.c.ServletWebServerApplicationContext - Root WebApplicationContext: initialization completed in 539 ms
2025-05-02 13:58:28 [restartedMain] INFO  com.zaxxer.hikari.HikariDataSource - HikariPool-30 - Starting...
2025-05-02 13:58:28 [restartedMain] INFO  com.zaxxer.hikari.pool.HikariPool - HikariPool-30 - Added connection com.mysql.cj.jdbc.ConnectionImpl@478a629e
2025-05-02 13:58:28 [restartedMain] INFO  com.zaxxer.hikari.HikariDataSource - HikariPool-30 - Start completed.
2025-05-02 13:58:28 [restartedMain] INFO  o.s.b.a.h.H2ConsoleAutoConfiguration - H2 console available at '/h2-console'. Database available at 'jdbc:mysql://localhost:3306/stock_mng'
2025-05-02 13:58:28 [restartedMain] INFO  o.s.o.j.p.SpringPersistenceUnitInfo - No LoadTimeWeaver setup: ignoring JPA class transformer
2025-05-02 13:58:28 [restartedMain] INFO  o.s.o.j.LocalContainerEntityManagerFactoryBean - Initialized JPA EntityManagerFactory for persistence unit 'default'
2025-05-02 13:58:28 [restartedMain] WARN  o.s.b.a.o.j.JpaBaseConfiguration$JpaWebConfiguration - spring.jpa.open-in-view is enabled by default. Therefore, database queries may be performed during view rendering. Explicitly configure spring.jpa.open-in-view to disable this warning
2025-05-02 13:58:28 [restartedMain] WARN  o.s.b.a.s.s.UserDetailsServiceAutoConfiguration - 

Using generated security password: 500c22d3-355a-4f6d-8ccf-1b0164b51f2f

This generated password is for development use only. Your security configuration must be updated before running your application in production.

2025-05-02 13:58:28 [restartedMain] INFO  o.s.s.web.DefaultSecurityFilterChain - Will secure any request with [org.springframework.security.web.session.DisableEncodeUrlFilter@62964204, org.springframework.security.web.context.request.async.WebAsyncManagerIntegrationFilter@459ae63b, org.springframework.security.web.context.SecurityContextHolderFilter@2d25d7cd, org.springframework.security.web.header.HeaderWriterFilter@1ef98dec, org.springframework.security.web.csrf.CsrfFilter@1dfea7ac, org.springframework.security.web.authentication.logout.LogoutFilter@7ac570a, org.springframework.security.web.authentication.UsernamePasswordAuthenticationFilter@34a13f3b, org.springframework.security.web.savedrequest.RequestCacheAwareFilter@450ed602, org.springframework.security.web.servletapi.SecurityContextHolderAwareRequestFilter@56701231, org.springframework.security.web.authentication.AnonymousAuthenticationFilter@206bed85, org.springframework.security.web.access.ExceptionTranslationFilter@12a029a3]
2025-05-02 13:58:28 [restartedMain] INFO  o.s.b.d.a.OptionalLiveReloadServer - LiveReload server is running on port 35729
2025-05-02 13:58:28 [restartedMain] INFO  o.a.coyote.http11.Http11NioProtocol - Starting ProtocolHandler ["http-nio-8080"]
2025-05-02 13:58:28 [restartedMain] INFO  o.s.b.w.e.tomcat.TomcatWebServer - Tomcat started on port 8080 (http) with context path ''
2025-05-02 13:58:28 [restartedMain] INFO  c.d.w.DroneInventorySystemApplication - Started DroneInventorySystemApplication in 1.087 seconds (process running for 4816.479)
2025-05-02 13:58:28 [restartedMain] INFO  o.s.b.d.a.ConditionEvaluationDeltaLoggingListener - Condition evaluation unchanged
2025-05-02 13:58:44 [File Watcher] INFO  o.s.b.d.a.LocalDevToolsAutoConfiguration$RestartingClassPathChangeChangedEventListener - Restarting due to 1 class path change (0 additions, 0 deletions, 1 modification)
2025-05-02 13:58:44 [Thread-119] INFO  o.a.coyote.http11.Http11NioProtocol - Stopping ProtocolHandler ["http-nio-8080"]
2025-05-02 13:58:44 [Thread-119] INFO  o.s.o.j.LocalContainerEntityManagerFactoryBean - Closing JPA EntityManagerFactory for persistence unit 'default'
2025-05-02 13:58:44 [Thread-119] INFO  com.zaxxer.hikari.HikariDataSource - HikariPool-30 - Shutdown initiated...
2025-05-02 13:58:44 [Thread-119] INFO  com.zaxxer.hikari.HikariDataSource - HikariPool-30 - Shutdown completed.
2025-05-02 13:58:44 [restartedMain] INFO  c.d.w.DroneInventorySystemApplication - Starting DroneInventorySystemApplication using Java 17.0.10 with PID 773 (/Users/KurokiKazuma/Workspace/Digital-OJT/DroneInventorySystem/target/classes started by KurokiKazuma in /Users/KurokiKazuma/Workspace/Digital-OJT/DroneInventorySystem)
2025-05-02 13:58:44 [restartedMain] INFO  c.d.w.DroneInventorySystemApplication - The following 1 profile is active: "develop"
2025-05-02 13:58:44 [restartedMain] INFO  o.s.d.r.c.RepositoryConfigurationDelegate - Bootstrapping Spring Data JPA repositories in DEFAULT mode.
2025-05-02 13:58:44 [restartedMain] INFO  o.s.d.r.c.RepositoryConfigurationDelegate - Finished Spring Data repository scanning in 13 ms. Found 4 JPA repository interfaces.
2025-05-02 13:58:44 [restartedMain] INFO  o.s.b.w.e.tomcat.TomcatWebServer - Tomcat initialized with port 8080 (http)
2025-05-02 13:58:44 [restartedMain] INFO  o.a.coyote.http11.Http11NioProtocol - Initializing ProtocolHandler ["http-nio-8080"]
2025-05-02 13:58:44 [restartedMain] INFO  o.a.catalina.core.StandardService - Starting service [Tomcat]
2025-05-02 13:58:44 [restartedMain] INFO  o.a.catalina.core.StandardEngine - Starting Servlet engine: [Apache Tomcat/10.1.28]
2025-05-02 13:58:44 [restartedMain] INFO  o.a.c.c.C.[Tomcat].[localhost].[/] - Initializing Spring embedded WebApplicationContext
2025-05-02 13:58:44 [restartedMain] INFO  o.s.b.w.s.c.ServletWebServerApplicationContext - Root WebApplicationContext: initialization completed in 388 ms
2025-05-02 13:58:44 [restartedMain] INFO  com.zaxxer.hikari.HikariDataSource - HikariPool-31 - Starting...
2025-05-02 13:58:44 [restartedMain] INFO  com.zaxxer.hikari.pool.HikariPool - HikariPool-31 - Added connection com.mysql.cj.jdbc.ConnectionImpl@25dbb0fa
2025-05-02 13:58:44 [restartedMain] INFO  com.zaxxer.hikari.HikariDataSource - HikariPool-31 - Start completed.
2025-05-02 13:58:44 [restartedMain] INFO  o.s.b.a.h.H2ConsoleAutoConfiguration - H2 console available at '/h2-console'. Database available at 'jdbc:mysql://localhost:3306/stock_mng'
2025-05-02 13:58:44 [restartedMain] INFO  o.s.o.j.p.SpringPersistenceUnitInfo - No LoadTimeWeaver setup: ignoring JPA class transformer
2025-05-02 13:58:44 [restartedMain] INFO  o.s.o.j.LocalContainerEntityManagerFactoryBean - Initialized JPA EntityManagerFactory for persistence unit 'default'
2025-05-02 13:58:44 [restartedMain] WARN  o.s.b.a.o.j.JpaBaseConfiguration$JpaWebConfiguration - spring.jpa.open-in-view is enabled by default. Therefore, database queries may be performed during view rendering. Explicitly configure spring.jpa.open-in-view to disable this warning
2025-05-02 13:58:44 [restartedMain] WARN  o.s.b.a.s.s.UserDetailsServiceAutoConfiguration - 

Using generated security password: b0d67501-80d4-4b18-9c33-c2a9627cae6c

This generated password is for development use only. Your security configuration must be updated before running your application in production.

2025-05-02 13:58:45 [restartedMain] INFO  o.s.s.web.DefaultSecurityFilterChain - Will secure any request with [org.springframework.security.web.session.DisableEncodeUrlFilter@3ed07cc4, org.springframework.security.web.context.request.async.WebAsyncManagerIntegrationFilter@1125bad0, org.springframework.security.web.context.SecurityContextHolderFilter@7e4826ec, org.springframework.security.web.header.HeaderWriterFilter@7f1ace2b, org.springframework.security.web.csrf.CsrfFilter@650485b6, org.springframework.security.web.authentication.logout.LogoutFilter@11001f27, org.springframework.security.web.authentication.UsernamePasswordAuthenticationFilter@2fb385b4, org.springframework.security.web.savedrequest.RequestCacheAwareFilter@3fa025a6, org.springframework.security.web.servletapi.SecurityContextHolderAwareRequestFilter@702ce08, org.springframework.security.web.authentication.AnonymousAuthenticationFilter@cd76f4, org.springframework.security.web.access.ExceptionTranslationFilter@602b162c]
2025-05-02 13:58:45 [restartedMain] INFO  o.s.b.d.a.OptionalLiveReloadServer - LiveReload server is running on port 35729
2025-05-02 13:58:45 [restartedMain] INFO  o.a.coyote.http11.Http11NioProtocol - Starting ProtocolHandler ["http-nio-8080"]
2025-05-02 13:58:45 [restartedMain] INFO  o.s.b.w.e.tomcat.TomcatWebServer - Tomcat started on port 8080 (http) with context path ''
2025-05-02 13:58:45 [restartedMain] INFO  c.d.w.DroneInventorySystemApplication - Started DroneInventorySystemApplication in 0.853 seconds (process running for 4833.048)
2025-05-02 13:58:45 [restartedMain] INFO  o.s.b.d.a.ConditionEvaluationDeltaLoggingListener - Condition evaluation unchanged
2025-05-02 13:58:47 [http-nio-8080-exec-1] INFO  o.a.c.c.C.[Tomcat].[localhost].[/] - Initializing Spring DispatcherServlet 'dispatcherServlet'
2025-05-02 13:58:47 [http-nio-8080-exec-1] INFO  o.s.web.servlet.DispatcherServlet - Initializing Servlet 'dispatcherServlet'
2025-05-02 13:58:47 [http-nio-8080-exec-1] INFO  o.s.web.servlet.DispatcherServlet - Completed initialization in 6 ms
2025-05-02 13:58:47 [http-nio-8080-exec-1] INFO  APP - 【INFO】時間: 1746161927972 | 処理対象: 在庫センター情報画面 | 処理内容: 初期表示 | 処理結果: 開始
2025-05-02 13:58:47 [http-nio-8080-exec-1] INFO  APP - 【INFO】時間: 1746161927978 | 処理対象: 在庫センター情報画面 | 処理内容: 初期表示 | 処理結果: 成功
2025-05-02 13:58:48 [http-nio-8080-exec-6] INFO  APP - 【INFO】時間: 1746161928621 | 処理対象: 在庫一覧画面 | 処理内容: 初期表示 | 処理結果: 開始
2025-05-02 13:58:48 [http-nio-8080-exec-6] INFO  APP - 【INFO】時間: 1746161928641 | 処理対象: 在庫一覧画面 | 処理内容: 初期表示 | 処理結果: 成功
2025-05-02 13:58:54 [http-nio-8080-exec-1] INFO  APP - 【INFO】時間: 1746161934029 | 処理対象: 在庫一覧画面 | 処理内容: 検索処理 | 処理結果: 開始
2025-05-02 13:58:54 [http-nio-8080-exec-1] INFO  APP - 【INFO】時間: 1746161934077 | 処理対象: 在庫一覧画面 | 処理内容: 検索処理 | 処理結果: 成功
2025-05-02 13:58:54 [http-nio-8080-exec-1] ERROR org.thymeleaf.TemplateEngine - [THYMELEAF][http-nio-8080-exec-1] Exception processing template "admin/stockList/index": An error happened during template parsing (template: "class path resource [templates/admin/stockList/index.html]")
org.thymeleaf.exceptions.TemplateInputException: An error happened during template parsing (template: "class path resource [templates/admin/stockList/index.html]")
	at org.thymeleaf.templateparser.markup.AbstractMarkupTemplateParser.parse(AbstractMarkupTemplateParser.java:241)
	at org.thymeleaf.templateparser.markup.AbstractMarkupTemplateParser.parseStandalone(AbstractMarkupTemplateParser.java:100)
	at org.thymeleaf.engine.TemplateManager.parseAndProcess(TemplateManager.java:666)
	at org.thymeleaf.TemplateEngine.process(TemplateEngine.java:1103)
	at org.thymeleaf.TemplateEngine.process(TemplateEngine.java:1077)
	at org.thymeleaf.spring6.view.ThymeleafView.renderFragment(ThymeleafView.java:372)
	at org.thymeleaf.spring6.view.ThymeleafView.render(ThymeleafView.java:192)
	at org.springframework.web.servlet.DispatcherServlet.render(DispatcherServlet.java:1432)
	at org.springframework.web.servlet.DispatcherServlet.processDispatchResult(DispatcherServlet.java:1168)
	at org.springframework.web.servlet.DispatcherServlet.doDispatch(DispatcherServlet.java:1106)
	at org.springframework.web.servlet.DispatcherServlet.doService(DispatcherServlet.java:979)
	at org.springframework.web.servlet.FrameworkServlet.processRequest(FrameworkServlet.java:1014)
	at org.springframework.web.servlet.FrameworkServlet.doPost(FrameworkServlet.java:914)
	at jakarta.servlet.http.HttpServlet.service(HttpServlet.java:590)
	at org.springframework.web.servlet.FrameworkServlet.service(FrameworkServlet.java:885)
	at jakarta.servlet.http.HttpServlet.service(HttpServlet.java:658)
	at org.apache.catalina.core.ApplicationFilterChain.internalDoFilter(ApplicationFilterChain.java:195)
	at org.apache.catalina.core.ApplicationFilterChain.doFilter(ApplicationFilterChain.java:140)
	at org.apache.tomcat.websocket.server.WsFilter.doFilter(WsFilter.java:51)
	at org.apache.catalina.core.ApplicationFilterChain.internalDoFilter(ApplicationFilterChain.java:164)
	at org.apache.catalina.core.ApplicationFilterChain.doFilter(ApplicationFilterChain.java:140)
	at org.springframework.web.filter.CompositeFilter$VirtualFilterChain.doFilter(CompositeFilter.java:108)
	at org.springframework.security.web.FilterChainProxy.lambda$doFilterInternal$3(FilterChainProxy.java:231)
	at org.springframework.security.web.FilterChainProxy$VirtualFilterChain.doFilter(FilterChainProxy.java:365)
	at org.springframework.security.web.access.ExceptionTranslationFilter.doFilter(ExceptionTranslationFilter.java:126)
	at org.springframework.security.web.access.ExceptionTranslationFilter.doFilter(ExceptionTranslationFilter.java:120)
	at org.springframework.security.web.FilterChainProxy$VirtualFilterChain.doFilter(FilterChainProxy.java:374)
	at org.springframework.security.web.authentication.AnonymousAuthenticationFilter.doFilter(AnonymousAuthenticationFilter.java:100)
	at org.springframework.security.web.FilterChainProxy$VirtualFilterChain.doFilter(FilterChainProxy.java:374)
	at org.springframework.security.web.servletapi.SecurityContextHolderAwareRequestFilter.doFilter(SecurityContextHolderAwareRequestFilter.java:179)
	at org.springframework.security.web.FilterChainProxy$VirtualFilterChain.doFilter(FilterChainProxy.java:374)
	at org.springframework.security.web.savedrequest.RequestCacheAwareFilter.doFilter(RequestCacheAwareFilter.java:63)
	at org.springframework.security.web.FilterChainProxy$VirtualFilterChain.doFilter(FilterChainProxy.java:374)
	at org.springframework.security.web.authentication.AbstractAuthenticationProcessingFilter.doFilter(AbstractAuthenticationProcessingFilter.java:227)
	at org.springframework.security.web.authentication.AbstractAuthenticationProcessingFilter.doFilter(AbstractAuthenticationProcessingFilter.java:221)
	at org.springframework.security.web.FilterChainProxy$VirtualFilterChain.doFilter(FilterChainProxy.java:374)
	at org.springframework.security.web.authentication.logout.LogoutFilter.doFilter(LogoutFilter.java:107)
	at org.springframework.security.web.authentication.logout.LogoutFilter.doFilter(LogoutFilter.java:93)
	at org.springframework.security.web.FilterChainProxy$VirtualFilterChain.doFilter(FilterChainProxy.java:374)
	at org.springframework.security.web.csrf.CsrfFilter.doFilterInternal(CsrfFilter.java:131)
	at org.springframework.web.filter.OncePerRequestFilter.doFilter(OncePerRequestFilter.java:116)
	at org.springframework.security.web.FilterChainProxy$VirtualFilterChain.doFilter(FilterChainProxy.java:374)
	at org.springframework.security.web.header.HeaderWriterFilter.doHeadersAfter(HeaderWriterFilter.java:90)
	at org.springframework.security.web.header.HeaderWriterFilter.doFilterInternal(HeaderWriterFilter.java:75)
	at org.springframework.web.filter.OncePerRequestFilter.doFilter(OncePerRequestFilter.java:116)
	at org.springframework.security.web.FilterChainProxy$VirtualFilterChain.doFilter(FilterChainProxy.java:374)
	at org.springframework.security.web.context.SecurityContextHolderFilter.doFilter(SecurityContextHolderFilter.java:82)
	at org.springframework.security.web.context.SecurityContextHolderFilter.doFilter(SecurityContextHolderFilter.java:69)
	at org.springframework.security.web.FilterChainProxy$VirtualFilterChain.doFilter(FilterChainProxy.java:374)
	at org.springframework.security.web.context.request.async.WebAsyncManagerIntegrationFilter.doFilterInternal(WebAsyncManagerIntegrationFilter.java:62)
	at org.springframework.web.filter.OncePerRequestFilter.doFilter(OncePerRequestFilter.java:116)
	at org.springframework.security.web.FilterChainProxy$VirtualFilterChain.doFilter(FilterChainProxy.java:374)
	at org.springframework.security.web.session.DisableEncodeUrlFilter.doFilterInternal(DisableEncodeUrlFilter.java:42)
	at org.springframework.web.filter.OncePerRequestFilter.doFilter(OncePerRequestFilter.java:116)
	at org.springframework.security.web.FilterChainProxy$VirtualFilterChain.doFilter(FilterChainProxy.java:374)
	at org.springframework.security.web.FilterChainProxy.doFilterInternal(FilterChainProxy.java:233)
	at org.springframework.security.web.FilterChainProxy.doFilter(FilterChainProxy.java:191)
	at org.springframework.web.filter.CompositeFilter$VirtualFilterChain.doFilter(CompositeFilter.java:113)
	at org.springframework.web.servlet.handler.HandlerMappingIntrospector.lambda$createCacheFilter$3(HandlerMappingIntrospector.java:195)
	at org.springframework.web.filter.CompositeFilter$VirtualFilterChain.doFilter(CompositeFilter.java:113)
	at org.springframework.web.filter.CompositeFilter.doFilter(CompositeFilter.java:74)
	at org.springframework.security.config.annotation.web.configuration.WebMvcSecurityConfiguration$CompositeFilterChainProxy.doFilter(WebMvcSecurityConfiguration.java:230)
	at org.springframework.web.filter.DelegatingFilterProxy.invokeDelegate(DelegatingFilterProxy.java:352)
	at org.springframework.web.filter.DelegatingFilterProxy.doFilter(DelegatingFilterProxy.java:268)
	at org.apache.catalina.core.ApplicationFilterChain.internalDoFilter(ApplicationFilterChain.java:164)
	at org.apache.catalina.core.ApplicationFilterChain.doFilter(ApplicationFilterChain.java:140)
	at org.springframework.web.filter.RequestContextFilter.doFilterInternal(RequestContextFilter.java:100)
	at org.springframework.web.filter.OncePerRequestFilter.doFilter(OncePerRequestFilter.java:116)
	at org.apache.catalina.core.ApplicationFilterChain.internalDoFilter(ApplicationFilterChain.java:164)
	at org.apache.catalina.core.ApplicationFilterChain.doFilter(ApplicationFilterChain.java:140)
	at org.springframework.web.filter.FormContentFilter.doFilterInternal(FormContentFilter.java:93)
	at org.springframework.web.filter.OncePerRequestFilter.doFilter(OncePerRequestFilter.java:116)
	at org.apache.catalina.core.ApplicationFilterChain.internalDoFilter(ApplicationFilterChain.java:164)
	at org.apache.catalina.core.ApplicationFilterChain.doFilter(ApplicationFilterChain.java:140)
	at org.springframework.web.filter.CharacterEncodingFilter.doFilterInternal(CharacterEncodingFilter.java:201)
	at org.springframework.web.filter.OncePerRequestFilter.doFilter(OncePerRequestFilter.java:116)
	at org.apache.catalina.core.ApplicationFilterChain.internalDoFilter(ApplicationFilterChain.java:164)
	at org.apache.catalina.core.ApplicationFilterChain.doFilter(ApplicationFilterChain.java:140)
	at org.apache.catalina.core.StandardWrapperValve.invoke(StandardWrapperValve.java:167)
	at org.apache.catalina.core.StandardContextValve.invoke(StandardContextValve.java:90)
	at org.apache.catalina.authenticator.AuthenticatorBase.invoke(AuthenticatorBase.java:483)
	at org.apache.catalina.core.StandardHostValve.invoke(StandardHostValve.java:115)
	at org.apache.catalina.valves.ErrorReportValve.invoke(ErrorReportValve.java:93)
	at org.apache.catalina.core.StandardEngineValve.invoke(StandardEngineValve.java:74)
	at org.apache.catalina.connector.CoyoteAdapter.service(CoyoteAdapter.java:344)
	at org.apache.coyote.http11.Http11Processor.service(Http11Processor.java:384)
	at org.apache.coyote.AbstractProcessorLight.process(AbstractProcessorLight.java:63)
	at org.apache.coyote.AbstractProtocol$ConnectionHandler.process(AbstractProtocol.java:904)
	at org.apache.tomcat.util.net.NioEndpoint$SocketProcessor.doRun(NioEndpoint.java:1741)
	at org.apache.tomcat.util.net.SocketProcessorBase.run(SocketProcessorBase.java:52)
	at org.apache.tomcat.util.threads.ThreadPoolExecutor.runWorker(ThreadPoolExecutor.java:1190)
	at org.apache.tomcat.util.threads.ThreadPoolExecutor$Worker.run(ThreadPoolExecutor.java:659)
	at org.apache.tomcat.util.threads.TaskThread$WrappingRunnable.run(TaskThread.java:63)
	at java.base/java.lang.Thread.run(Thread.java:840)
Caused by: org.attoparser.ParseException: Exception evaluating SpringEL expression: "categoryInfo.categoryName" (template: "admin/stockList/index" - line 94, col 20)
	at org.attoparser.MarkupParser.parseDocument(MarkupParser.java:393)
	at org.attoparser.MarkupParser.parse(MarkupParser.java:257)
	at org.thymeleaf.templateparser.markup.AbstractMarkupTemplateParser.parse(AbstractMarkupTemplateParser.java:230)
	... 93 common frames omitted
Caused by: org.thymeleaf.exceptions.TemplateProcessingException: Exception evaluating SpringEL expression: "categoryInfo.categoryName" (template: "admin/stockList/index" - line 94, col 20)
	at org.thymeleaf.spring6.expression.SPELVariableExpressionEvaluator.evaluate(SPELVariableExpressionEvaluator.java:292)
	at org.thymeleaf.standard.expression.VariableExpression.executeVariableExpression(VariableExpression.java:166)
	at org.thymeleaf.standard.expression.SimpleExpression.executeSimple(SimpleExpression.java:66)
	at org.thymeleaf.standard.expression.Expression.execute(Expression.java:109)
	at org.thymeleaf.standard.expression.Expression.execute(Expression.java:138)
	at org.thymeleaf.standard.processor.AbstractStandardExpressionAttributeTagProcessor.doProcess(AbstractStandardExpressionAttributeTagProcessor.java:144)
	at org.thymeleaf.processor.element.AbstractAttributeTagProcessor.doProcess(AbstractAttributeTagProcessor.java:74)
	at org.thymeleaf.processor.element.AbstractElementTagProcessor.process(AbstractElementTagProcessor.java:95)
	at org.thymeleaf.util.ProcessorConfigurationUtils$ElementTagProcessorWrapper.process(ProcessorConfigurationUtils.java:633)
	at org.thymeleaf.engine.ProcessorTemplateHandler.handleOpenElement(ProcessorTemplateHandler.java:1314)
	at org.thymeleaf.engine.OpenElementTag.beHandled(OpenElementTag.java:205)
	at org.thymeleaf.engine.Model.process(Model.java:282)
	at org.thymeleaf.engine.Model.process(Model.java:290)
	at org.thymeleaf.engine.IteratedGatheringModelProcessable.processIterationModel(IteratedGatheringModelProcessable.java:368)
	at org.thymeleaf.engine.IteratedGatheringModelProcessable.process(IteratedGatheringModelProcessable.java:222)
	at org.thymeleaf.engine.ProcessorTemplateHandler.handleCloseElement(ProcessorTemplateHandler.java:1640)
	at org.thymeleaf.engine.CloseElementTag.beHandled(CloseElementTag.java:139)
	at org.thymeleaf.engine.Model.process(Model.java:282)
	at org.thymeleaf.engine.Model.process(Model.java:290)
	at org.thymeleaf.engine.IteratedGatheringModelProcessable.processIterationModel(IteratedGatheringModelProcessable.java:368)
	at org.thymeleaf.engine.IteratedGatheringModelProcessable.process(IteratedGatheringModelProcessable.java:222)
	at org.thymeleaf.engine.ProcessorTemplateHandler.handleCloseElement(ProcessorTemplateHandler.java:1640)
	at org.thymeleaf.engine.CloseElementTag.beHandled(CloseElementTag.java:139)
	at org.thymeleaf.engine.Model.process(Model.java:282)
	at org.thymeleaf.engine.Model.process(Model.java:290)
	at org.thymeleaf.engine.IteratedGatheringModelProcessable.processIterationModel(IteratedGatheringModelProcessable.java:368)
	at org.thymeleaf.engine.IteratedGatheringModelProcessable.process(IteratedGatheringModelProcessable.java:222)
	at org.thymeleaf.engine.ProcessorTemplateHandler.handleCloseElement(ProcessorTemplateHandler.java:1640)
	at org.thymeleaf.engine.CloseElementTag.beHandled(CloseElementTag.java:139)
	at org.thymeleaf.engine.Model.process(Model.java:282)
	at org.thymeleaf.engine.ProcessorTemplateHandler.handleOpenElement(ProcessorTemplateHandler.java:1587)
	at org.thymeleaf.engine.OpenElementTag.beHandled(OpenElementTag.java:205)
	at org.thymeleaf.engine.Model.process(Model.java:282)
	at org.thymeleaf.engine.ProcessorTemplateHandler.handleOpenElement(ProcessorTemplateHandler.java:1587)
	at org.thymeleaf.engine.TemplateHandlerAdapterMarkupHandler.handleOpenElementEnd(TemplateHandlerAdapterMarkupHandler.java:304)
	at org.thymeleaf.templateparser.markup.InlinedOutputExpressionMarkupHandler$InlineMarkupAdapterPreProcessorHandler.handleOpenElementEnd(InlinedOutputExpressionMarkupHandler.java:278)
	at org.thymeleaf.standard.inline.OutputExpressionInlinePreProcessorHandler.handleOpenElementEnd(OutputExpressionInlinePreProcessorHandler.java:186)
	at org.thymeleaf.templateparser.markup.InlinedOutputExpressionMarkupHandler.handleOpenElementEnd(InlinedOutputExpressionMarkupHandler.java:124)
	at org.attoparser.HtmlElement.handleOpenElementEnd(HtmlElement.java:109)
	at org.attoparser.HtmlMarkupHandler.handleOpenElementEnd(HtmlMarkupHandler.java:297)
	at org.attoparser.MarkupEventProcessorHandler.handleOpenElementEnd(MarkupEventProcessorHandler.java:402)
	at org.attoparser.ParsingElementMarkupUtil.parseOpenElement(ParsingElementMarkupUtil.java:159)
	at org.attoparser.MarkupParser.parseBuffer(MarkupParser.java:710)
	at org.attoparser.MarkupParser.parseDocument(MarkupParser.java:301)
	... 95 common frames omitted
Caused by: org.springframework.expression.spel.SpelEvaluationException: EL1008E: Property or field 'categoryName' cannot be found on object of type 'java.util.HashMap$Node' - maybe not public or not valid?
	at org.springframework.expression.spel.ast.PropertyOrFieldReference.readProperty(PropertyOrFieldReference.java:229)
	at org.springframework.expression.spel.ast.PropertyOrFieldReference.getValueInternal(PropertyOrFieldReference.java:112)
	at org.springframework.expression.spel.ast.PropertyOrFieldReference$AccessorValueRef.getValue(PropertyOrFieldReference.java:417)
	at org.springframework.expression.spel.ast.CompoundExpression.getValueInternal(CompoundExpression.java:97)
	at org.springframework.expression.spel.ast.SpelNodeImpl.getValue(SpelNodeImpl.java:114)
	at org.springframework.expression.spel.standard.SpelExpression.getValue(SpelExpression.java:338)
	at org.thymeleaf.spring6.expression.SPELVariableExpressionEvaluator.evaluate(SPELVariableExpressionEvaluator.java:265)
	... 138 common frames omitted
2025-05-02 13:58:54 [http-nio-8080-exec-1] ERROR o.a.c.c.C.[.[.[.[dispatcherServlet] - Servlet.service() for servlet [dispatcherServlet] in context with path [] threw exception [Request processing failed: org.thymeleaf.exceptions.TemplateInputException: An error happened during template parsing (template: "class path resource [templates/admin/stockList/index.html]")] with root cause
org.springframework.expression.spel.SpelEvaluationException: EL1008E: Property or field 'categoryName' cannot be found on object of type 'java.util.HashMap$Node' - maybe not public or not valid?
	at org.springframework.expression.spel.ast.PropertyOrFieldReference.readProperty(PropertyOrFieldReference.java:229)
	at org.springframework.expression.spel.ast.PropertyOrFieldReference.getValueInternal(PropertyOrFieldReference.java:112)
	at org.springframework.expression.spel.ast.PropertyOrFieldReference$AccessorValueRef.getValue(PropertyOrFieldReference.java:417)
	at org.springframework.expression.spel.ast.CompoundExpression.getValueInternal(CompoundExpression.java:97)
	at org.springframework.expression.spel.ast.SpelNodeImpl.getValue(SpelNodeImpl.java:114)
	at org.springframework.expression.spel.standard.SpelExpression.getValue(SpelExpression.java:338)
	at org.thymeleaf.spring6.expression.SPELVariableExpressionEvaluator.evaluate(SPELVariableExpressionEvaluator.java:265)
	at org.thymeleaf.standard.expression.VariableExpression.executeVariableExpression(VariableExpression.java:166)
	at org.thymeleaf.standard.expression.SimpleExpression.executeSimple(SimpleExpression.java:66)
	at org.thymeleaf.standard.expression.Expression.execute(Expression.java:109)
	at org.thymeleaf.standard.expression.Expression.execute(Expression.java:138)
	at org.thymeleaf.standard.processor.AbstractStandardExpressionAttributeTagProcessor.doProcess(AbstractStandardExpressionAttributeTagProcessor.java:144)
	at org.thymeleaf.processor.element.AbstractAttributeTagProcessor.doProcess(AbstractAttributeTagProcessor.java:74)
	at org.thymeleaf.processor.element.AbstractElementTagProcessor.process(AbstractElementTagProcessor.java:95)
	at org.thymeleaf.util.ProcessorConfigurationUtils$ElementTagProcessorWrapper.process(ProcessorConfigurationUtils.java:633)
	at org.thymeleaf.engine.ProcessorTemplateHandler.handleOpenElement(ProcessorTemplateHandler.java:1314)
	at org.thymeleaf.engine.OpenElementTag.beHandled(OpenElementTag.java:205)
	at org.thymeleaf.engine.Model.process(Model.java:282)
	at org.thymeleaf.engine.Model.process(Model.java:290)
	at org.thymeleaf.engine.IteratedGatheringModelProcessable.processIterationModel(IteratedGatheringModelProcessable.java:368)
	at org.thymeleaf.engine.IteratedGatheringModelProcessable.process(IteratedGatheringModelProcessable.java:222)
	at org.thymeleaf.engine.ProcessorTemplateHandler.handleCloseElement(ProcessorTemplateHandler.java:1640)
	at org.thymeleaf.engine.CloseElementTag.beHandled(CloseElementTag.java:139)
	at org.thymeleaf.engine.Model.process(Model.java:282)
	at org.thymeleaf.engine.Model.process(Model.java:290)
	at org.thymeleaf.engine.IteratedGatheringModelProcessable.processIterationModel(IteratedGatheringModelProcessable.java:368)
	at org.thymeleaf.engine.IteratedGatheringModelProcessable.process(IteratedGatheringModelProcessable.java:222)
	at org.thymeleaf.engine.ProcessorTemplateHandler.handleCloseElement(ProcessorTemplateHandler.java:1640)
	at org.thymeleaf.engine.CloseElementTag.beHandled(CloseElementTag.java:139)
	at org.thymeleaf.engine.Model.process(Model.java:282)
	at org.thymeleaf.engine.Model.process(Model.java:290)
	at org.thymeleaf.engine.IteratedGatheringModelProcessable.processIterationModel(IteratedGatheringModelProcessable.java:368)
	at org.thymeleaf.engine.IteratedGatheringModelProcessable.process(IteratedGatheringModelProcessable.java:222)
	at org.thymeleaf.engine.ProcessorTemplateHandler.handleCloseElement(ProcessorTemplateHandler.java:1640)
	at org.thymeleaf.engine.CloseElementTag.beHandled(CloseElementTag.java:139)
	at org.thymeleaf.engine.Model.process(Model.java:282)
	at org.thymeleaf.engine.ProcessorTemplateHandler.handleOpenElement(ProcessorTemplateHandler.java:1587)
	at org.thymeleaf.engine.OpenElementTag.beHandled(OpenElementTag.java:205)
	at org.thymeleaf.engine.Model.process(Model.java:282)
	at org.thymeleaf.engine.ProcessorTemplateHandler.handleOpenElement(ProcessorTemplateHandler.java:1587)
	at org.thymeleaf.engine.TemplateHandlerAdapterMarkupHandler.handleOpenElementEnd(TemplateHandlerAdapterMarkupHandler.java:304)
	at org.thymeleaf.templateparser.markup.InlinedOutputExpressionMarkupHandler$InlineMarkupAdapterPreProcessorHandler.handleOpenElementEnd(InlinedOutputExpressionMarkupHandler.java:278)
	at org.thymeleaf.standard.inline.OutputExpressionInlinePreProcessorHandler.handleOpenElementEnd(OutputExpressionInlinePreProcessorHandler.java:186)
	at org.thymeleaf.templateparser.markup.InlinedOutputExpressionMarkupHandler.handleOpenElementEnd(InlinedOutputExpressionMarkupHandler.java:124)
	at org.attoparser.HtmlElement.handleOpenElementEnd(HtmlElement.java:109)
	at org.attoparser.HtmlMarkupHandler.handleOpenElementEnd(HtmlMarkupHandler.java:297)
	at org.attoparser.MarkupEventProcessorHandler.handleOpenElementEnd(MarkupEventProcessorHandler.java:402)
	at org.attoparser.ParsingElementMarkupUtil.parseOpenElement(ParsingElementMarkupUtil.java:159)
	at org.attoparser.MarkupParser.parseBuffer(MarkupParser.java:710)
	at org.attoparser.MarkupParser.parseDocument(MarkupParser.java:301)
	at org.attoparser.MarkupParser.parse(MarkupParser.java:257)
	at org.thymeleaf.templateparser.markup.AbstractMarkupTemplateParser.parse(AbstractMarkupTemplateParser.java:230)
	at org.thymeleaf.templateparser.markup.AbstractMarkupTemplateParser.parseStandalone(AbstractMarkupTemplateParser.java:100)
	at org.thymeleaf.engine.TemplateManager.parseAndProcess(TemplateManager.java:666)
	at org.thymeleaf.TemplateEngine.process(TemplateEngine.java:1103)
	at org.thymeleaf.TemplateEngine.process(TemplateEngine.java:1077)
	at org.thymeleaf.spring6.view.ThymeleafView.renderFragment(ThymeleafView.java:372)
	at org.thymeleaf.spring6.view.ThymeleafView.render(ThymeleafView.java:192)
	at org.springframework.web.servlet.DispatcherServlet.render(DispatcherServlet.java:1432)
	at org.springframework.web.servlet.DispatcherServlet.processDispatchResult(DispatcherServlet.java:1168)
	at org.springframework.web.servlet.DispatcherServlet.doDispatch(DispatcherServlet.java:1106)
	at org.springframework.web.servlet.DispatcherServlet.doService(DispatcherServlet.java:979)
	at org.springframework.web.servlet.FrameworkServlet.processRequest(FrameworkServlet.java:1014)
	at org.springframework.web.servlet.FrameworkServlet.doPost(FrameworkServlet.java:914)
	at jakarta.servlet.http.HttpServlet.service(HttpServlet.java:590)
	at org.springframework.web.servlet.FrameworkServlet.service(FrameworkServlet.java:885)
	at jakarta.servlet.http.HttpServlet.service(HttpServlet.java:658)
	at org.apache.catalina.core.ApplicationFilterChain.internalDoFilter(ApplicationFilterChain.java:195)
	at org.apache.catalina.core.ApplicationFilterChain.doFilter(ApplicationFilterChain.java:140)
	at org.apache.tomcat.websocket.server.WsFilter.doFilter(WsFilter.java:51)
	at org.apache.catalina.core.ApplicationFilterChain.internalDoFilter(ApplicationFilterChain.java:164)
	at org.apache.catalina.core.ApplicationFilterChain.doFilter(ApplicationFilterChain.java:140)
	at org.springframework.web.filter.CompositeFilter$VirtualFilterChain.doFilter(CompositeFilter.java:108)
	at org.springframework.security.web.FilterChainProxy.lambda$doFilterInternal$3(FilterChainProxy.java:231)
	at org.springframework.security.web.FilterChainProxy$VirtualFilterChain.doFilter(FilterChainProxy.java:365)
	at org.springframework.security.web.access.ExceptionTranslationFilter.doFilter(ExceptionTranslationFilter.java:126)
	at org.springframework.security.web.access.ExceptionTranslationFilter.doFilter(ExceptionTranslationFilter.java:120)
	at org.springframework.security.web.FilterChainProxy$VirtualFilterChain.doFilter(FilterChainProxy.java:374)
	at org.springframework.security.web.authentication.AnonymousAuthenticationFilter.doFilter(AnonymousAuthenticationFilter.java:100)
	at org.springframework.security.web.FilterChainProxy$VirtualFilterChain.doFilter(FilterChainProxy.java:374)
	at org.springframework.security.web.servletapi.SecurityContextHolderAwareRequestFilter.doFilter(SecurityContextHolderAwareRequestFilter.java:179)
	at org.springframework.security.web.FilterChainProxy$VirtualFilterChain.doFilter(FilterChainProxy.java:374)
	at org.springframework.security.web.savedrequest.RequestCacheAwareFilter.doFilter(RequestCacheAwareFilter.java:63)
	at org.springframework.security.web.FilterChainProxy$VirtualFilterChain.doFilter(FilterChainProxy.java:374)
	at org.springframework.security.web.authentication.AbstractAuthenticationProcessingFilter.doFilter(AbstractAuthenticationProcessingFilter.java:227)
	at org.springframework.security.web.authentication.AbstractAuthenticationProcessingFilter.doFilter(AbstractAuthenticationProcessingFilter.java:221)
	at org.springframework.security.web.FilterChainProxy$VirtualFilterChain.doFilter(FilterChainProxy.java:374)
	at org.springframework.security.web.authentication.logout.LogoutFilter.doFilter(LogoutFilter.java:107)
	at org.springframework.security.web.authentication.logout.LogoutFilter.doFilter(LogoutFilter.java:93)
	at org.springframework.security.web.FilterChainProxy$VirtualFilterChain.doFilter(FilterChainProxy.java:374)
	at org.springframework.security.web.csrf.CsrfFilter.doFilterInternal(CsrfFilter.java:131)
	at org.springframework.web.filter.OncePerRequestFilter.doFilter(OncePerRequestFilter.java:116)
	at org.springframework.security.web.FilterChainProxy$VirtualFilterChain.doFilter(FilterChainProxy.java:374)
	at org.springframework.security.web.header.HeaderWriterFilter.doHeadersAfter(HeaderWriterFilter.java:90)
	at org.springframework.security.web.header.HeaderWriterFilter.doFilterInternal(HeaderWriterFilter.java:75)
	at org.springframework.web.filter.OncePerRequestFilter.doFilter(OncePerRequestFilter.java:116)
	at org.springframework.security.web.FilterChainProxy$VirtualFilterChain.doFilter(FilterChainProxy.java:374)
	at org.springframework.security.web.context.SecurityContextHolderFilter.doFilter(SecurityContextHolderFilter.java:82)
	at org.springframework.security.web.context.SecurityContextHolderFilter.doFilter(SecurityContextHolderFilter.java:69)
	at org.springframework.security.web.FilterChainProxy$VirtualFilterChain.doFilter(FilterChainProxy.java:374)
	at org.springframework.security.web.context.request.async.WebAsyncManagerIntegrationFilter.doFilterInternal(WebAsyncManagerIntegrationFilter.java:62)
	at org.springframework.web.filter.OncePerRequestFilter.doFilter(OncePerRequestFilter.java:116)
	at org.springframework.security.web.FilterChainProxy$VirtualFilterChain.doFilter(FilterChainProxy.java:374)
	at org.springframework.security.web.session.DisableEncodeUrlFilter.doFilterInternal(DisableEncodeUrlFilter.java:42)
	at org.springframework.web.filter.OncePerRequestFilter.doFilter(OncePerRequestFilter.java:116)
	at org.springframework.security.web.FilterChainProxy$VirtualFilterChain.doFilter(FilterChainProxy.java:374)
	at org.springframework.security.web.FilterChainProxy.doFilterInternal(FilterChainProxy.java:233)
	at org.springframework.security.web.FilterChainProxy.doFilter(FilterChainProxy.java:191)
	at org.springframework.web.filter.CompositeFilter$VirtualFilterChain.doFilter(CompositeFilter.java:113)
	at org.springframework.web.servlet.handler.HandlerMappingIntrospector.lambda$createCacheFilter$3(HandlerMappingIntrospector.java:195)
	at org.springframework.web.filter.CompositeFilter$VirtualFilterChain.doFilter(CompositeFilter.java:113)
	at org.springframework.web.filter.CompositeFilter.doFilter(CompositeFilter.java:74)
	at org.springframework.security.config.annotation.web.configuration.WebMvcSecurityConfiguration$CompositeFilterChainProxy.doFilter(WebMvcSecurityConfiguration.java:230)
	at org.springframework.web.filter.DelegatingFilterProxy.invokeDelegate(DelegatingFilterProxy.java:352)
	at org.springframework.web.filter.DelegatingFilterProxy.doFilter(DelegatingFilterProxy.java:268)
	at org.apache.catalina.core.ApplicationFilterChain.internalDoFilter(ApplicationFilterChain.java:164)
	at org.apache.catalina.core.ApplicationFilterChain.doFilter(ApplicationFilterChain.java:140)
	at org.springframework.web.filter.RequestContextFilter.doFilterInternal(RequestContextFilter.java:100)
	at org.springframework.web.filter.OncePerRequestFilter.doFilter(OncePerRequestFilter.java:116)
	at org.apache.catalina.core.ApplicationFilterChain.internalDoFilter(ApplicationFilterChain.java:164)
	at org.apache.catalina.core.ApplicationFilterChain.doFilter(ApplicationFilterChain.java:140)
	at org.springframework.web.filter.FormContentFilter.doFilterInternal(FormContentFilter.java:93)
	at org.springframework.web.filter.OncePerRequestFilter.doFilter(OncePerRequestFilter.java:116)
	at org.apache.catalina.core.ApplicationFilterChain.internalDoFilter(ApplicationFilterChain.java:164)
	at org.apache.catalina.core.ApplicationFilterChain.doFilter(ApplicationFilterChain.java:140)
	at org.springframework.web.filter.CharacterEncodingFilter.doFilterInternal(CharacterEncodingFilter.java:201)
	at org.springframework.web.filter.OncePerRequestFilter.doFilter(OncePerRequestFilter.java:116)
	at org.apache.catalina.core.ApplicationFilterChain.internalDoFilter(ApplicationFilterChain.java:164)
	at org.apache.catalina.core.ApplicationFilterChain.doFilter(ApplicationFilterChain.java:140)
	at org.apache.catalina.core.StandardWrapperValve.invoke(StandardWrapperValve.java:167)
	at org.apache.catalina.core.StandardContextValve.invoke(StandardContextValve.java:90)
	at org.apache.catalina.authenticator.AuthenticatorBase.invoke(AuthenticatorBase.java:483)
	at org.apache.catalina.core.StandardHostValve.invoke(StandardHostValve.java:115)
	at org.apache.catalina.valves.ErrorReportValve.invoke(ErrorReportValve.java:93)
	at org.apache.catalina.core.StandardEngineValve.invoke(StandardEngineValve.java:74)
	at org.apache.catalina.connector.CoyoteAdapter.service(CoyoteAdapter.java:344)
	at org.apache.coyote.http11.Http11Processor.service(Http11Processor.java:384)
	at org.apache.coyote.AbstractProcessorLight.process(AbstractProcessorLight.java:63)
	at org.apache.coyote.AbstractProtocol$ConnectionHandler.process(AbstractProtocol.java:904)
	at org.apache.tomcat.util.net.NioEndpoint$SocketProcessor.doRun(NioEndpoint.java:1741)
	at org.apache.tomcat.util.net.SocketProcessorBase.run(SocketProcessorBase.java:52)
	at org.apache.tomcat.util.threads.ThreadPoolExecutor.runWorker(ThreadPoolExecutor.java:1190)
	at org.apache.tomcat.util.threads.ThreadPoolExecutor$Worker.run(ThreadPoolExecutor.java:659)
	at org.apache.tomcat.util.threads.TaskThread$WrappingRunnable.run(TaskThread.java:63)
	at java.base/java.lang.Thread.run(Thread.java:840)
2025-05-02 13:58:58 [http-nio-8080-exec-3] INFO  APP - 【INFO】時間: 1746161938900 | 処理対象: 在庫一覧画面 | 処理内容: 検索処理 | 処理結果: 開始
2025-05-02 13:58:58 [http-nio-8080-exec-3] INFO  APP - 【INFO】時間: 1746161938932 | 処理対象: 在庫一覧画面 | 処理内容: 検索処理 | 処理結果: 成功
2025-05-02 13:59:03 [http-nio-8080-exec-10] INFO  APP - 【INFO】時間: 1746161943095 | 処理対象: 在庫一覧画面 | 処理内容: 検索処理 | 処理結果: 開始
2025-05-02 13:59:03 [http-nio-8080-exec-10] INFO  APP - 【INFO】時間: 1746161943110 | 処理対象: 在庫一覧画面 | 処理内容: 検索処理 | 処理結果: 成功
2025-05-02 13:59:03 [http-nio-8080-exec-10] ERROR org.thymeleaf.TemplateEngine - [THYMELEAF][http-nio-8080-exec-10] Exception processing template "admin/stockList/index": An error happened during template parsing (template: "class path resource [templates/admin/stockList/index.html]")
org.thymeleaf.exceptions.TemplateInputException: An error happened during template parsing (template: "class path resource [templates/admin/stockList/index.html]")
	at org.thymeleaf.templateparser.markup.AbstractMarkupTemplateParser.parse(AbstractMarkupTemplateParser.java:241)
	at org.thymeleaf.templateparser.markup.AbstractMarkupTemplateParser.parseStandalone(AbstractMarkupTemplateParser.java:100)
	at org.thymeleaf.engine.TemplateManager.parseAndProcess(TemplateManager.java:666)
	at org.thymeleaf.TemplateEngine.process(TemplateEngine.java:1103)
	at org.thymeleaf.TemplateEngine.process(TemplateEngine.java:1077)
	at org.thymeleaf.spring6.view.ThymeleafView.renderFragment(ThymeleafView.java:372)
	at org.thymeleaf.spring6.view.ThymeleafView.render(ThymeleafView.java:192)
	at org.springframework.web.servlet.DispatcherServlet.render(DispatcherServlet.java:1432)
	at org.springframework.web.servlet.DispatcherServlet.processDispatchResult(DispatcherServlet.java:1168)
	at org.springframework.web.servlet.DispatcherServlet.doDispatch(DispatcherServlet.java:1106)
	at org.springframework.web.servlet.DispatcherServlet.doService(DispatcherServlet.java:979)
	at org.springframework.web.servlet.FrameworkServlet.processRequest(FrameworkServlet.java:1014)
	at org.springframework.web.servlet.FrameworkServlet.doPost(FrameworkServlet.java:914)
	at jakarta.servlet.http.HttpServlet.service(HttpServlet.java:590)
	at org.springframework.web.servlet.FrameworkServlet.service(FrameworkServlet.java:885)
	at jakarta.servlet.http.HttpServlet.service(HttpServlet.java:658)
	at org.apache.catalina.core.ApplicationFilterChain.internalDoFilter(ApplicationFilterChain.java:195)
	at org.apache.catalina.core.ApplicationFilterChain.doFilter(ApplicationFilterChain.java:140)
	at org.apache.tomcat.websocket.server.WsFilter.doFilter(WsFilter.java:51)
	at org.apache.catalina.core.ApplicationFilterChain.internalDoFilter(ApplicationFilterChain.java:164)
	at org.apache.catalina.core.ApplicationFilterChain.doFilter(ApplicationFilterChain.java:140)
	at org.springframework.web.filter.CompositeFilter$VirtualFilterChain.doFilter(CompositeFilter.java:108)
	at org.springframework.security.web.FilterChainProxy.lambda$doFilterInternal$3(FilterChainProxy.java:231)
	at org.springframework.security.web.FilterChainProxy$VirtualFilterChain.doFilter(FilterChainProxy.java:365)
	at org.springframework.security.web.access.ExceptionTranslationFilter.doFilter(ExceptionTranslationFilter.java:126)
	at org.springframework.security.web.access.ExceptionTranslationFilter.doFilter(ExceptionTranslationFilter.java:120)
	at org.springframework.security.web.FilterChainProxy$VirtualFilterChain.doFilter(FilterChainProxy.java:374)
	at org.springframework.security.web.authentication.AnonymousAuthenticationFilter.doFilter(AnonymousAuthenticationFilter.java:100)
	at org.springframework.security.web.FilterChainProxy$VirtualFilterChain.doFilter(FilterChainProxy.java:374)
	at org.springframework.security.web.servletapi.SecurityContextHolderAwareRequestFilter.doFilter(SecurityContextHolderAwareRequestFilter.java:179)
	at org.springframework.security.web.FilterChainProxy$VirtualFilterChain.doFilter(FilterChainProxy.java:374)
	at org.springframework.security.web.savedrequest.RequestCacheAwareFilter.doFilter(RequestCacheAwareFilter.java:63)
	at org.springframework.security.web.FilterChainProxy$VirtualFilterChain.doFilter(FilterChainProxy.java:374)
	at org.springframework.security.web.authentication.AbstractAuthenticationProcessingFilter.doFilter(AbstractAuthenticationProcessingFilter.java:227)
	at org.springframework.security.web.authentication.AbstractAuthenticationProcessingFilter.doFilter(AbstractAuthenticationProcessingFilter.java:221)
	at org.springframework.security.web.FilterChainProxy$VirtualFilterChain.doFilter(FilterChainProxy.java:374)
	at org.springframework.security.web.authentication.logout.LogoutFilter.doFilter(LogoutFilter.java:107)
	at org.springframework.security.web.authentication.logout.LogoutFilter.doFilter(LogoutFilter.java:93)
	at org.springframework.security.web.FilterChainProxy$VirtualFilterChain.doFilter(FilterChainProxy.java:374)
	at org.springframework.security.web.csrf.CsrfFilter.doFilterInternal(CsrfFilter.java:131)
	at org.springframework.web.filter.OncePerRequestFilter.doFilter(OncePerRequestFilter.java:116)
	at org.springframework.security.web.FilterChainProxy$VirtualFilterChain.doFilter(FilterChainProxy.java:374)
	at org.springframework.security.web.header.HeaderWriterFilter.doHeadersAfter(HeaderWriterFilter.java:90)
	at org.springframework.security.web.header.HeaderWriterFilter.doFilterInternal(HeaderWriterFilter.java:75)
	at org.springframework.web.filter.OncePerRequestFilter.doFilter(OncePerRequestFilter.java:116)
	at org.springframework.security.web.FilterChainProxy$VirtualFilterChain.doFilter(FilterChainProxy.java:374)
	at org.springframework.security.web.context.SecurityContextHolderFilter.doFilter(SecurityContextHolderFilter.java:82)
	at org.springframework.security.web.context.SecurityContextHolderFilter.doFilter(SecurityContextHolderFilter.java:69)
	at org.springframework.security.web.FilterChainProxy$VirtualFilterChain.doFilter(FilterChainProxy.java:374)
	at org.springframework.security.web.context.request.async.WebAsyncManagerIntegrationFilter.doFilterInternal(WebAsyncManagerIntegrationFilter.java:62)
	at org.springframework.web.filter.OncePerRequestFilter.doFilter(OncePerRequestFilter.java:116)
	at org.springframework.security.web.FilterChainProxy$VirtualFilterChain.doFilter(FilterChainProxy.java:374)
	at org.springframework.security.web.session.DisableEncodeUrlFilter.doFilterInternal(DisableEncodeUrlFilter.java:42)
	at org.springframework.web.filter.OncePerRequestFilter.doFilter(OncePerRequestFilter.java:116)
	at org.springframework.security.web.FilterChainProxy$VirtualFilterChain.doFilter(FilterChainProxy.java:374)
	at org.springframework.security.web.FilterChainProxy.doFilterInternal(FilterChainProxy.java:233)
	at org.springframework.security.web.FilterChainProxy.doFilter(FilterChainProxy.java:191)
	at org.springframework.web.filter.CompositeFilter$VirtualFilterChain.doFilter(CompositeFilter.java:113)
	at org.springframework.web.servlet.handler.HandlerMappingIntrospector.lambda$createCacheFilter$3(HandlerMappingIntrospector.java:195)
	at org.springframework.web.filter.CompositeFilter$VirtualFilterChain.doFilter(CompositeFilter.java:113)
	at org.springframework.web.filter.CompositeFilter.doFilter(CompositeFilter.java:74)
	at org.springframework.security.config.annotation.web.configuration.WebMvcSecurityConfiguration$CompositeFilterChainProxy.doFilter(WebMvcSecurityConfiguration.java:230)
	at org.springframework.web.filter.DelegatingFilterProxy.invokeDelegate(DelegatingFilterProxy.java:352)
	at org.springframework.web.filter.DelegatingFilterProxy.doFilter(DelegatingFilterProxy.java:268)
	at org.apache.catalina.core.ApplicationFilterChain.internalDoFilter(ApplicationFilterChain.java:164)
	at org.apache.catalina.core.ApplicationFilterChain.doFilter(ApplicationFilterChain.java:140)
	at org.springframework.web.filter.RequestContextFilter.doFilterInternal(RequestContextFilter.java:100)
	at org.springframework.web.filter.OncePerRequestFilter.doFilter(OncePerRequestFilter.java:116)
	at org.apache.catalina.core.ApplicationFilterChain.internalDoFilter(ApplicationFilterChain.java:164)
	at org.apache.catalina.core.ApplicationFilterChain.doFilter(ApplicationFilterChain.java:140)
	at org.springframework.web.filter.FormContentFilter.doFilterInternal(FormContentFilter.java:93)
	at org.springframework.web.filter.OncePerRequestFilter.doFilter(OncePerRequestFilter.java:116)
	at org.apache.catalina.core.ApplicationFilterChain.internalDoFilter(ApplicationFilterChain.java:164)
	at org.apache.catalina.core.ApplicationFilterChain.doFilter(ApplicationFilterChain.java:140)
	at org.springframework.web.filter.CharacterEncodingFilter.doFilterInternal(CharacterEncodingFilter.java:201)
	at org.springframework.web.filter.OncePerRequestFilter.doFilter(OncePerRequestFilter.java:116)
	at org.apache.catalina.core.ApplicationFilterChain.internalDoFilter(ApplicationFilterChain.java:164)
	at org.apache.catalina.core.ApplicationFilterChain.doFilter(ApplicationFilterChain.java:140)
	at org.apache.catalina.core.StandardWrapperValve.invoke(StandardWrapperValve.java:167)
	at org.apache.catalina.core.StandardContextValve.invoke(StandardContextValve.java:90)
	at org.apache.catalina.authenticator.AuthenticatorBase.invoke(AuthenticatorBase.java:483)
	at org.apache.catalina.core.StandardHostValve.invoke(StandardHostValve.java:115)
	at org.apache.catalina.valves.ErrorReportValve.invoke(ErrorReportValve.java:93)
	at org.apache.catalina.core.StandardEngineValve.invoke(StandardEngineValve.java:74)
	at org.apache.catalina.connector.CoyoteAdapter.service(CoyoteAdapter.java:344)
	at org.apache.coyote.http11.Http11Processor.service(Http11Processor.java:384)
	at org.apache.coyote.AbstractProcessorLight.process(AbstractProcessorLight.java:63)
	at org.apache.coyote.AbstractProtocol$ConnectionHandler.process(AbstractProtocol.java:904)
	at org.apache.tomcat.util.net.NioEndpoint$SocketProcessor.doRun(NioEndpoint.java:1741)
	at org.apache.tomcat.util.net.SocketProcessorBase.run(SocketProcessorBase.java:52)
	at org.apache.tomcat.util.threads.ThreadPoolExecutor.runWorker(ThreadPoolExecutor.java:1190)
	at org.apache.tomcat.util.threads.ThreadPoolExecutor$Worker.run(ThreadPoolExecutor.java:659)
	at org.apache.tomcat.util.threads.TaskThread$WrappingRunnable.run(TaskThread.java:63)
	at java.base/java.lang.Thread.run(Thread.java:840)
Caused by: org.attoparser.ParseException: Exception evaluating SpringEL expression: "categoryInfo.categoryName" (template: "admin/stockList/index" - line 94, col 20)
	at org.attoparser.MarkupParser.parseDocument(MarkupParser.java:393)
	at org.attoparser.MarkupParser.parse(MarkupParser.java:257)
	at org.thymeleaf.templateparser.markup.AbstractMarkupTemplateParser.parse(AbstractMarkupTemplateParser.java:230)
	... 93 common frames omitted
Caused by: org.thymeleaf.exceptions.TemplateProcessingException: Exception evaluating SpringEL expression: "categoryInfo.categoryName" (template: "admin/stockList/index" - line 94, col 20)
	at org.thymeleaf.spring6.expression.SPELVariableExpressionEvaluator.evaluate(SPELVariableExpressionEvaluator.java:292)
	at org.thymeleaf.standard.expression.VariableExpression.executeVariableExpression(VariableExpression.java:166)
	at org.thymeleaf.standard.expression.SimpleExpression.executeSimple(SimpleExpression.java:66)
	at org.thymeleaf.standard.expression.Expression.execute(Expression.java:109)
	at org.thymeleaf.standard.expression.Expression.execute(Expression.java:138)
	at org.thymeleaf.standard.processor.AbstractStandardExpressionAttributeTagProcessor.doProcess(AbstractStandardExpressionAttributeTagProcessor.java:144)
	at org.thymeleaf.processor.element.AbstractAttributeTagProcessor.doProcess(AbstractAttributeTagProcessor.java:74)
	at org.thymeleaf.processor.element.AbstractElementTagProcessor.process(AbstractElementTagProcessor.java:95)
	at org.thymeleaf.util.ProcessorConfigurationUtils$ElementTagProcessorWrapper.process(ProcessorConfigurationUtils.java:633)
	at org.thymeleaf.engine.ProcessorTemplateHandler.handleOpenElement(ProcessorTemplateHandler.java:1314)
	at org.thymeleaf.engine.OpenElementTag.beHandled(OpenElementTag.java:205)
	at org.thymeleaf.engine.Model.process(Model.java:282)
	at org.thymeleaf.engine.Model.process(Model.java:290)
	at org.thymeleaf.engine.IteratedGatheringModelProcessable.processIterationModel(IteratedGatheringModelProcessable.java:368)
	at org.thymeleaf.engine.IteratedGatheringModelProcessable.process(IteratedGatheringModelProcessable.java:222)
	at org.thymeleaf.engine.ProcessorTemplateHandler.handleCloseElement(ProcessorTemplateHandler.java:1640)
	at org.thymeleaf.engine.CloseElementTag.beHandled(CloseElementTag.java:139)
	at org.thymeleaf.engine.Model.process(Model.java:282)
	at org.thymeleaf.engine.Model.process(Model.java:290)
	at org.thymeleaf.engine.IteratedGatheringModelProcessable.processIterationModel(IteratedGatheringModelProcessable.java:368)
	at org.thymeleaf.engine.IteratedGatheringModelProcessable.process(IteratedGatheringModelProcessable.java:222)
	at org.thymeleaf.engine.ProcessorTemplateHandler.handleCloseElement(ProcessorTemplateHandler.java:1640)
	at org.thymeleaf.engine.CloseElementTag.beHandled(CloseElementTag.java:139)
	at org.thymeleaf.engine.Model.process(Model.java:282)
	at org.thymeleaf.engine.Model.process(Model.java:290)
	at org.thymeleaf.engine.IteratedGatheringModelProcessable.processIterationModel(IteratedGatheringModelProcessable.java:368)
	at org.thymeleaf.engine.IteratedGatheringModelProcessable.process(IteratedGatheringModelProcessable.java:222)
	at org.thymeleaf.engine.ProcessorTemplateHandler.handleCloseElement(ProcessorTemplateHandler.java:1640)
	at org.thymeleaf.engine.CloseElementTag.beHandled(CloseElementTag.java:139)
	at org.thymeleaf.engine.Model.process(Model.java:282)
	at org.thymeleaf.engine.ProcessorTemplateHandler.handleOpenElement(ProcessorTemplateHandler.java:1587)
	at org.thymeleaf.engine.OpenElementTag.beHandled(OpenElementTag.java:205)
	at org.thymeleaf.engine.Model.process(Model.java:282)
	at org.thymeleaf.engine.ProcessorTemplateHandler.handleOpenElement(ProcessorTemplateHandler.java:1587)
	at org.thymeleaf.engine.TemplateHandlerAdapterMarkupHandler.handleOpenElementEnd(TemplateHandlerAdapterMarkupHandler.java:304)
	at org.thymeleaf.templateparser.markup.InlinedOutputExpressionMarkupHandler$InlineMarkupAdapterPreProcessorHandler.handleOpenElementEnd(InlinedOutputExpressionMarkupHandler.java:278)
	at org.thymeleaf.standard.inline.OutputExpressionInlinePreProcessorHandler.handleOpenElementEnd(OutputExpressionInlinePreProcessorHandler.java:186)
	at org.thymeleaf.templateparser.markup.InlinedOutputExpressionMarkupHandler.handleOpenElementEnd(InlinedOutputExpressionMarkupHandler.java:124)
	at org.attoparser.HtmlElement.handleOpenElementEnd(HtmlElement.java:109)
	at org.attoparser.HtmlMarkupHandler.handleOpenElementEnd(HtmlMarkupHandler.java:297)
	at org.attoparser.MarkupEventProcessorHandler.handleOpenElementEnd(MarkupEventProcessorHandler.java:402)
	at org.attoparser.ParsingElementMarkupUtil.parseOpenElement(ParsingElementMarkupUtil.java:159)
	at org.attoparser.MarkupParser.parseBuffer(MarkupParser.java:710)
	at org.attoparser.MarkupParser.parseDocument(MarkupParser.java:301)
	... 95 common frames omitted
Caused by: org.springframework.expression.spel.SpelEvaluationException: EL1008E: Property or field 'categoryName' cannot be found on object of type 'java.util.HashMap$Node' - maybe not public or not valid?
	at org.springframework.expression.spel.ast.PropertyOrFieldReference.readProperty(PropertyOrFieldReference.java:229)
	at org.springframework.expression.spel.ast.PropertyOrFieldReference.getValueInternal(PropertyOrFieldReference.java:112)
	at org.springframework.expression.spel.ast.PropertyOrFieldReference$AccessorValueRef.getValue(PropertyOrFieldReference.java:417)
	at org.springframework.expression.spel.ast.CompoundExpression.getValueInternal(CompoundExpression.java:97)
	at org.springframework.expression.spel.ast.SpelNodeImpl.getValue(SpelNodeImpl.java:114)
	at org.springframework.expression.spel.standard.SpelExpression.getValue(SpelExpression.java:338)
	at org.thymeleaf.spring6.expression.SPELVariableExpressionEvaluator.evaluate(SPELVariableExpressionEvaluator.java:265)
	... 138 common frames omitted
2025-05-02 13:59:03 [http-nio-8080-exec-10] ERROR o.a.c.c.C.[.[.[.[dispatcherServlet] - Servlet.service() for servlet [dispatcherServlet] in context with path [] threw exception [Request processing failed: org.thymeleaf.exceptions.TemplateInputException: An error happened during template parsing (template: "class path resource [templates/admin/stockList/index.html]")] with root cause
org.springframework.expression.spel.SpelEvaluationException: EL1008E: Property or field 'categoryName' cannot be found on object of type 'java.util.HashMap$Node' - maybe not public or not valid?
	at org.springframework.expression.spel.ast.PropertyOrFieldReference.readProperty(PropertyOrFieldReference.java:229)
	at org.springframework.expression.spel.ast.PropertyOrFieldReference.getValueInternal(PropertyOrFieldReference.java:112)
	at org.springframework.expression.spel.ast.PropertyOrFieldReference$AccessorValueRef.getValue(PropertyOrFieldReference.java:417)
	at org.springframework.expression.spel.ast.CompoundExpression.getValueInternal(CompoundExpression.java:97)
	at org.springframework.expression.spel.ast.SpelNodeImpl.getValue(SpelNodeImpl.java:114)
	at org.springframework.expression.spel.standard.SpelExpression.getValue(SpelExpression.java:338)
	at org.thymeleaf.spring6.expression.SPELVariableExpressionEvaluator.evaluate(SPELVariableExpressionEvaluator.java:265)
	at org.thymeleaf.standard.expression.VariableExpression.executeVariableExpression(VariableExpression.java:166)
	at org.thymeleaf.standard.expression.SimpleExpression.executeSimple(SimpleExpression.java:66)
	at org.thymeleaf.standard.expression.Expression.execute(Expression.java:109)
	at org.thymeleaf.standard.expression.Expression.execute(Expression.java:138)
	at org.thymeleaf.standard.processor.AbstractStandardExpressionAttributeTagProcessor.doProcess(AbstractStandardExpressionAttributeTagProcessor.java:144)
	at org.thymeleaf.processor.element.AbstractAttributeTagProcessor.doProcess(AbstractAttributeTagProcessor.java:74)
	at org.thymeleaf.processor.element.AbstractElementTagProcessor.process(AbstractElementTagProcessor.java:95)
	at org.thymeleaf.util.ProcessorConfigurationUtils$ElementTagProcessorWrapper.process(ProcessorConfigurationUtils.java:633)
	at org.thymeleaf.engine.ProcessorTemplateHandler.handleOpenElement(ProcessorTemplateHandler.java:1314)
	at org.thymeleaf.engine.OpenElementTag.beHandled(OpenElementTag.java:205)
	at org.thymeleaf.engine.Model.process(Model.java:282)
	at org.thymeleaf.engine.Model.process(Model.java:290)
	at org.thymeleaf.engine.IteratedGatheringModelProcessable.processIterationModel(IteratedGatheringModelProcessable.java:368)
	at org.thymeleaf.engine.IteratedGatheringModelProcessable.process(IteratedGatheringModelProcessable.java:222)
	at org.thymeleaf.engine.ProcessorTemplateHandler.handleCloseElement(ProcessorTemplateHandler.java:1640)
	at org.thymeleaf.engine.CloseElementTag.beHandled(CloseElementTag.java:139)
	at org.thymeleaf.engine.Model.process(Model.java:282)
	at org.thymeleaf.engine.Model.process(Model.java:290)
	at org.thymeleaf.engine.IteratedGatheringModelProcessable.processIterationModel(IteratedGatheringModelProcessable.java:368)
	at org.thymeleaf.engine.IteratedGatheringModelProcessable.process(IteratedGatheringModelProcessable.java:222)
	at org.thymeleaf.engine.ProcessorTemplateHandler.handleCloseElement(ProcessorTemplateHandler.java:1640)
	at org.thymeleaf.engine.CloseElementTag.beHandled(CloseElementTag.java:139)
	at org.thymeleaf.engine.Model.process(Model.java:282)
	at org.thymeleaf.engine.Model.process(Model.java:290)
	at org.thymeleaf.engine.IteratedGatheringModelProcessable.processIterationModel(IteratedGatheringModelProcessable.java:368)
	at org.thymeleaf.engine.IteratedGatheringModelProcessable.process(IteratedGatheringModelProcessable.java:222)
	at org.thymeleaf.engine.ProcessorTemplateHandler.handleCloseElement(ProcessorTemplateHandler.java:1640)
	at org.thymeleaf.engine.CloseElementTag.beHandled(CloseElementTag.java:139)
	at org.thymeleaf.engine.Model.process(Model.java:282)
	at org.thymeleaf.engine.ProcessorTemplateHandler.handleOpenElement(ProcessorTemplateHandler.java:1587)
	at org.thymeleaf.engine.OpenElementTag.beHandled(OpenElementTag.java:205)
	at org.thymeleaf.engine.Model.process(Model.java:282)
	at org.thymeleaf.engine.ProcessorTemplateHandler.handleOpenElement(ProcessorTemplateHandler.java:1587)
	at org.thymeleaf.engine.TemplateHandlerAdapterMarkupHandler.handleOpenElementEnd(TemplateHandlerAdapterMarkupHandler.java:304)
	at org.thymeleaf.templateparser.markup.InlinedOutputExpressionMarkupHandler$InlineMarkupAdapterPreProcessorHandler.handleOpenElementEnd(InlinedOutputExpressionMarkupHandler.java:278)
	at org.thymeleaf.standard.inline.OutputExpressionInlinePreProcessorHandler.handleOpenElementEnd(OutputExpressionInlinePreProcessorHandler.java:186)
	at org.thymeleaf.templateparser.markup.InlinedOutputExpressionMarkupHandler.handleOpenElementEnd(InlinedOutputExpressionMarkupHandler.java:124)
	at org.attoparser.HtmlElement.handleOpenElementEnd(HtmlElement.java:109)
	at org.attoparser.HtmlMarkupHandler.handleOpenElementEnd(HtmlMarkupHandler.java:297)
	at org.attoparser.MarkupEventProcessorHandler.handleOpenElementEnd(MarkupEventProcessorHandler.java:402)
	at org.attoparser.ParsingElementMarkupUtil.parseOpenElement(ParsingElementMarkupUtil.java:159)
	at org.attoparser.MarkupParser.parseBuffer(MarkupParser.java:710)
	at org.attoparser.MarkupParser.parseDocument(MarkupParser.java:301)
	at org.attoparser.MarkupParser.parse(MarkupParser.java:257)
	at org.thymeleaf.templateparser.markup.AbstractMarkupTemplateParser.parse(AbstractMarkupTemplateParser.java:230)
	at org.thymeleaf.templateparser.markup.AbstractMarkupTemplateParser.parseStandalone(AbstractMarkupTemplateParser.java:100)
	at org.thymeleaf.engine.TemplateManager.parseAndProcess(TemplateManager.java:666)
	at org.thymeleaf.TemplateEngine.process(TemplateEngine.java:1103)
	at org.thymeleaf.TemplateEngine.process(TemplateEngine.java:1077)
	at org.thymeleaf.spring6.view.ThymeleafView.renderFragment(ThymeleafView.java:372)
	at org.thymeleaf.spring6.view.ThymeleafView.render(ThymeleafView.java:192)
	at org.springframework.web.servlet.DispatcherServlet.render(DispatcherServlet.java:1432)
	at org.springframework.web.servlet.DispatcherServlet.processDispatchResult(DispatcherServlet.java:1168)
	at org.springframework.web.servlet.DispatcherServlet.doDispatch(DispatcherServlet.java:1106)
	at org.springframework.web.servlet.DispatcherServlet.doService(DispatcherServlet.java:979)
	at org.springframework.web.servlet.FrameworkServlet.processRequest(FrameworkServlet.java:1014)
	at org.springframework.web.servlet.FrameworkServlet.doPost(FrameworkServlet.java:914)
	at jakarta.servlet.http.HttpServlet.service(HttpServlet.java:590)
	at org.springframework.web.servlet.FrameworkServlet.service(FrameworkServlet.java:885)
	at jakarta.servlet.http.HttpServlet.service(HttpServlet.java:658)
	at org.apache.catalina.core.ApplicationFilterChain.internalDoFilter(ApplicationFilterChain.java:195)
	at org.apache.catalina.core.ApplicationFilterChain.doFilter(ApplicationFilterChain.java:140)
	at org.apache.tomcat.websocket.server.WsFilter.doFilter(WsFilter.java:51)
	at org.apache.catalina.core.ApplicationFilterChain.internalDoFilter(ApplicationFilterChain.java:164)
	at org.apache.catalina.core.ApplicationFilterChain.doFilter(ApplicationFilterChain.java:140)
	at org.springframework.web.filter.CompositeFilter$VirtualFilterChain.doFilter(CompositeFilter.java:108)
	at org.springframework.security.web.FilterChainProxy.lambda$doFilterInternal$3(FilterChainProxy.java:231)
	at org.springframework.security.web.FilterChainProxy$VirtualFilterChain.doFilter(FilterChainProxy.java:365)
	at org.springframework.security.web.access.ExceptionTranslationFilter.doFilter(ExceptionTranslationFilter.java:126)
	at org.springframework.security.web.access.ExceptionTranslationFilter.doFilter(ExceptionTranslationFilter.java:120)
	at org.springframework.security.web.FilterChainProxy$VirtualFilterChain.doFilter(FilterChainProxy.java:374)
	at org.springframework.security.web.authentication.AnonymousAuthenticationFilter.doFilter(AnonymousAuthenticationFilter.java:100)
	at org.springframework.security.web.FilterChainProxy$VirtualFilterChain.doFilter(FilterChainProxy.java:374)
	at org.springframework.security.web.servletapi.SecurityContextHolderAwareRequestFilter.doFilter(SecurityContextHolderAwareRequestFilter.java:179)
	at org.springframework.security.web.FilterChainProxy$VirtualFilterChain.doFilter(FilterChainProxy.java:374)
	at org.springframework.security.web.savedrequest.RequestCacheAwareFilter.doFilter(RequestCacheAwareFilter.java:63)
	at org.springframework.security.web.FilterChainProxy$VirtualFilterChain.doFilter(FilterChainProxy.java:374)
	at org.springframework.security.web.authentication.AbstractAuthenticationProcessingFilter.doFilter(AbstractAuthenticationProcessingFilter.java:227)
	at org.springframework.security.web.authentication.AbstractAuthenticationProcessingFilter.doFilter(AbstractAuthenticationProcessingFilter.java:221)
	at org.springframework.security.web.FilterChainProxy$VirtualFilterChain.doFilter(FilterChainProxy.java:374)
	at org.springframework.security.web.authentication.logout.LogoutFilter.doFilter(LogoutFilter.java:107)
	at org.springframework.security.web.authentication.logout.LogoutFilter.doFilter(LogoutFilter.java:93)
	at org.springframework.security.web.FilterChainProxy$VirtualFilterChain.doFilter(FilterChainProxy.java:374)
	at org.springframework.security.web.csrf.CsrfFilter.doFilterInternal(CsrfFilter.java:131)
	at org.springframework.web.filter.OncePerRequestFilter.doFilter(OncePerRequestFilter.java:116)
	at org.springframework.security.web.FilterChainProxy$VirtualFilterChain.doFilter(FilterChainProxy.java:374)
	at org.springframework.security.web.header.HeaderWriterFilter.doHeadersAfter(HeaderWriterFilter.java:90)
	at org.springframework.security.web.header.HeaderWriterFilter.doFilterInternal(HeaderWriterFilter.java:75)
	at org.springframework.web.filter.OncePerRequestFilter.doFilter(OncePerRequestFilter.java:116)
	at org.springframework.security.web.FilterChainProxy$VirtualFilterChain.doFilter(FilterChainProxy.java:374)
	at org.springframework.security.web.context.SecurityContextHolderFilter.doFilter(SecurityContextHolderFilter.java:82)
	at org.springframework.security.web.context.SecurityContextHolderFilter.doFilter(SecurityContextHolderFilter.java:69)
	at org.springframework.security.web.FilterChainProxy$VirtualFilterChain.doFilter(FilterChainProxy.java:374)
	at org.springframework.security.web.context.request.async.WebAsyncManagerIntegrationFilter.doFilterInternal(WebAsyncManagerIntegrationFilter.java:62)
	at org.springframework.web.filter.OncePerRequestFilter.doFilter(OncePerRequestFilter.java:116)
	at org.springframework.security.web.FilterChainProxy$VirtualFilterChain.doFilter(FilterChainProxy.java:374)
	at org.springframework.security.web.session.DisableEncodeUrlFilter.doFilterInternal(DisableEncodeUrlFilter.java:42)
	at org.springframework.web.filter.OncePerRequestFilter.doFilter(OncePerRequestFilter.java:116)
	at org.springframework.security.web.FilterChainProxy$VirtualFilterChain.doFilter(FilterChainProxy.java:374)
	at org.springframework.security.web.FilterChainProxy.doFilterInternal(FilterChainProxy.java:233)
	at org.springframework.security.web.FilterChainProxy.doFilter(FilterChainProxy.java:191)
	at org.springframework.web.filter.CompositeFilter$VirtualFilterChain.doFilter(CompositeFilter.java:113)
	at org.springframework.web.servlet.handler.HandlerMappingIntrospector.lambda$createCacheFilter$3(HandlerMappingIntrospector.java:195)
	at org.springframework.web.filter.CompositeFilter$VirtualFilterChain.doFilter(CompositeFilter.java:113)
	at org.springframework.web.filter.CompositeFilter.doFilter(CompositeFilter.java:74)
	at org.springframework.security.config.annotation.web.configuration.WebMvcSecurityConfiguration$CompositeFilterChainProxy.doFilter(WebMvcSecurityConfiguration.java:230)
	at org.springframework.web.filter.DelegatingFilterProxy.invokeDelegate(DelegatingFilterProxy.java:352)
	at org.springframework.web.filter.DelegatingFilterProxy.doFilter(DelegatingFilterProxy.java:268)
	at org.apache.catalina.core.ApplicationFilterChain.internalDoFilter(ApplicationFilterChain.java:164)
	at org.apache.catalina.core.ApplicationFilterChain.doFilter(ApplicationFilterChain.java:140)
	at org.springframework.web.filter.RequestContextFilter.doFilterInternal(RequestContextFilter.java:100)
	at org.springframework.web.filter.OncePerRequestFilter.doFilter(OncePerRequestFilter.java:116)
	at org.apache.catalina.core.ApplicationFilterChain.internalDoFilter(ApplicationFilterChain.java:164)
	at org.apache.catalina.core.ApplicationFilterChain.doFilter(ApplicationFilterChain.java:140)
	at org.springframework.web.filter.FormContentFilter.doFilterInternal(FormContentFilter.java:93)
	at org.springframework.web.filter.OncePerRequestFilter.doFilter(OncePerRequestFilter.java:116)
	at org.apache.catalina.core.ApplicationFilterChain.internalDoFilter(ApplicationFilterChain.java:164)
	at org.apache.catalina.core.ApplicationFilterChain.doFilter(ApplicationFilterChain.java:140)
	at org.springframework.web.filter.CharacterEncodingFilter.doFilterInternal(CharacterEncodingFilter.java:201)
	at org.springframework.web.filter.OncePerRequestFilter.doFilter(OncePerRequestFilter.java:116)
	at org.apache.catalina.core.ApplicationFilterChain.internalDoFilter(ApplicationFilterChain.java:164)
	at org.apache.catalina.core.ApplicationFilterChain.doFilter(ApplicationFilterChain.java:140)
	at org.apache.catalina.core.StandardWrapperValve.invoke(StandardWrapperValve.java:167)
	at org.apache.catalina.core.StandardContextValve.invoke(StandardContextValve.java:90)
	at org.apache.catalina.authenticator.AuthenticatorBase.invoke(AuthenticatorBase.java:483)
	at org.apache.catalina.core.StandardHostValve.invoke(StandardHostValve.java:115)
	at org.apache.catalina.valves.ErrorReportValve.invoke(ErrorReportValve.java:93)
	at org.apache.catalina.core.StandardEngineValve.invoke(StandardEngineValve.java:74)
	at org.apache.catalina.connector.CoyoteAdapter.service(CoyoteAdapter.java:344)
	at org.apache.coyote.http11.Http11Processor.service(Http11Processor.java:384)
	at org.apache.coyote.AbstractProcessorLight.process(AbstractProcessorLight.java:63)
	at org.apache.coyote.AbstractProtocol$ConnectionHandler.process(AbstractProtocol.java:904)
	at org.apache.tomcat.util.net.NioEndpoint$SocketProcessor.doRun(NioEndpoint.java:1741)
	at org.apache.tomcat.util.net.SocketProcessorBase.run(SocketProcessorBase.java:52)
	at org.apache.tomcat.util.threads.ThreadPoolExecutor.runWorker(ThreadPoolExecutor.java:1190)
	at org.apache.tomcat.util.threads.ThreadPoolExecutor$Worker.run(ThreadPoolExecutor.java:659)
	at org.apache.tomcat.util.threads.TaskThread$WrappingRunnable.run(TaskThread.java:63)
	at java.base/java.lang.Thread.run(Thread.java:840)
2025-05-02 13:59:09 [http-nio-8080-exec-4] INFO  APP - 【INFO】時間: 1746161949757 | 処理対象: 在庫一覧画面 | 処理内容: 初期表示 | 処理結果: 開始
2025-05-02 13:59:09 [http-nio-8080-exec-4] INFO  APP - 【INFO】時間: 1746161949776 | 処理対象: 在庫一覧画面 | 処理内容: 初期表示 | 処理結果: 成功
2025-05-02 13:59:12 [http-nio-8080-exec-7] INFO  APP - 【INFO】時間: 1746161952070 | 処理対象: 在庫一覧画面 | 処理内容: 検索処理 | 処理結果: 開始
2025-05-02 13:59:12 [http-nio-8080-exec-7] INFO  APP - 【INFO】時間: 1746161952114 | 処理対象: 在庫一覧画面 | 処理内容: 検索処理 | 処理結果: 成功
2025-05-02 13:59:12 [http-nio-8080-exec-7] ERROR org.thymeleaf.TemplateEngine - [THYMELEAF][http-nio-8080-exec-7] Exception processing template "admin/stockList/index": An error happened during template parsing (template: "class path resource [templates/admin/stockList/index.html]")
org.thymeleaf.exceptions.TemplateInputException: An error happened during template parsing (template: "class path resource [templates/admin/stockList/index.html]")
	at org.thymeleaf.templateparser.markup.AbstractMarkupTemplateParser.parse(AbstractMarkupTemplateParser.java:241)
	at org.thymeleaf.templateparser.markup.AbstractMarkupTemplateParser.parseStandalone(AbstractMarkupTemplateParser.java:100)
	at org.thymeleaf.engine.TemplateManager.parseAndProcess(TemplateManager.java:666)
	at org.thymeleaf.TemplateEngine.process(TemplateEngine.java:1103)
	at org.thymeleaf.TemplateEngine.process(TemplateEngine.java:1077)
	at org.thymeleaf.spring6.view.ThymeleafView.renderFragment(ThymeleafView.java:372)
	at org.thymeleaf.spring6.view.ThymeleafView.render(ThymeleafView.java:192)
	at org.springframework.web.servlet.DispatcherServlet.render(DispatcherServlet.java:1432)
	at org.springframework.web.servlet.DispatcherServlet.processDispatchResult(DispatcherServlet.java:1168)
	at org.springframework.web.servlet.DispatcherServlet.doDispatch(DispatcherServlet.java:1106)
	at org.springframework.web.servlet.DispatcherServlet.doService(DispatcherServlet.java:979)
	at org.springframework.web.servlet.FrameworkServlet.processRequest(FrameworkServlet.java:1014)
	at org.springframework.web.servlet.FrameworkServlet.doPost(FrameworkServlet.java:914)
	at jakarta.servlet.http.HttpServlet.service(HttpServlet.java:590)
	at org.springframework.web.servlet.FrameworkServlet.service(FrameworkServlet.java:885)
	at jakarta.servlet.http.HttpServlet.service(HttpServlet.java:658)
	at org.apache.catalina.core.ApplicationFilterChain.internalDoFilter(ApplicationFilterChain.java:195)
	at org.apache.catalina.core.ApplicationFilterChain.doFilter(ApplicationFilterChain.java:140)
	at org.apache.tomcat.websocket.server.WsFilter.doFilter(WsFilter.java:51)
	at org.apache.catalina.core.ApplicationFilterChain.internalDoFilter(ApplicationFilterChain.java:164)
	at org.apache.catalina.core.ApplicationFilterChain.doFilter(ApplicationFilterChain.java:140)
	at org.springframework.web.filter.CompositeFilter$VirtualFilterChain.doFilter(CompositeFilter.java:108)
	at org.springframework.security.web.FilterChainProxy.lambda$doFilterInternal$3(FilterChainProxy.java:231)
	at org.springframework.security.web.FilterChainProxy$VirtualFilterChain.doFilter(FilterChainProxy.java:365)
	at org.springframework.security.web.access.ExceptionTranslationFilter.doFilter(ExceptionTranslationFilter.java:126)
	at org.springframework.security.web.access.ExceptionTranslationFilter.doFilter(ExceptionTranslationFilter.java:120)
	at org.springframework.security.web.FilterChainProxy$VirtualFilterChain.doFilter(FilterChainProxy.java:374)
	at org.springframework.security.web.authentication.AnonymousAuthenticationFilter.doFilter(AnonymousAuthenticationFilter.java:100)
	at org.springframework.security.web.FilterChainProxy$VirtualFilterChain.doFilter(FilterChainProxy.java:374)
	at org.springframework.security.web.servletapi.SecurityContextHolderAwareRequestFilter.doFilter(SecurityContextHolderAwareRequestFilter.java:179)
	at org.springframework.security.web.FilterChainProxy$VirtualFilterChain.doFilter(FilterChainProxy.java:374)
	at org.springframework.security.web.savedrequest.RequestCacheAwareFilter.doFilter(RequestCacheAwareFilter.java:63)
	at org.springframework.security.web.FilterChainProxy$VirtualFilterChain.doFilter(FilterChainProxy.java:374)
	at org.springframework.security.web.authentication.AbstractAuthenticationProcessingFilter.doFilter(AbstractAuthenticationProcessingFilter.java:227)
	at org.springframework.security.web.authentication.AbstractAuthenticationProcessingFilter.doFilter(AbstractAuthenticationProcessingFilter.java:221)
	at org.springframework.security.web.FilterChainProxy$VirtualFilterChain.doFilter(FilterChainProxy.java:374)
	at org.springframework.security.web.authentication.logout.LogoutFilter.doFilter(LogoutFilter.java:107)
	at org.springframework.security.web.authentication.logout.LogoutFilter.doFilter(LogoutFilter.java:93)
	at org.springframework.security.web.FilterChainProxy$VirtualFilterChain.doFilter(FilterChainProxy.java:374)
	at org.springframework.security.web.csrf.CsrfFilter.doFilterInternal(CsrfFilter.java:131)
	at org.springframework.web.filter.OncePerRequestFilter.doFilter(OncePerRequestFilter.java:116)
	at org.springframework.security.web.FilterChainProxy$VirtualFilterChain.doFilter(FilterChainProxy.java:374)
	at org.springframework.security.web.header.HeaderWriterFilter.doHeadersAfter(HeaderWriterFilter.java:90)
	at org.springframework.security.web.header.HeaderWriterFilter.doFilterInternal(HeaderWriterFilter.java:75)
	at org.springframework.web.filter.OncePerRequestFilter.doFilter(OncePerRequestFilter.java:116)
	at org.springframework.security.web.FilterChainProxy$VirtualFilterChain.doFilter(FilterChainProxy.java:374)
	at org.springframework.security.web.context.SecurityContextHolderFilter.doFilter(SecurityContextHolderFilter.java:82)
	at org.springframework.security.web.context.SecurityContextHolderFilter.doFilter(SecurityContextHolderFilter.java:69)
	at org.springframework.security.web.FilterChainProxy$VirtualFilterChain.doFilter(FilterChainProxy.java:374)
	at org.springframework.security.web.context.request.async.WebAsyncManagerIntegrationFilter.doFilterInternal(WebAsyncManagerIntegrationFilter.java:62)
	at org.springframework.web.filter.OncePerRequestFilter.doFilter(OncePerRequestFilter.java:116)
	at org.springframework.security.web.FilterChainProxy$VirtualFilterChain.doFilter(FilterChainProxy.java:374)
	at org.springframework.security.web.session.DisableEncodeUrlFilter.doFilterInternal(DisableEncodeUrlFilter.java:42)
	at org.springframework.web.filter.OncePerRequestFilter.doFilter(OncePerRequestFilter.java:116)
	at org.springframework.security.web.FilterChainProxy$VirtualFilterChain.doFilter(FilterChainProxy.java:374)
	at org.springframework.security.web.FilterChainProxy.doFilterInternal(FilterChainProxy.java:233)
	at org.springframework.security.web.FilterChainProxy.doFilter(FilterChainProxy.java:191)
	at org.springframework.web.filter.CompositeFilter$VirtualFilterChain.doFilter(CompositeFilter.java:113)
	at org.springframework.web.servlet.handler.HandlerMappingIntrospector.lambda$createCacheFilter$3(HandlerMappingIntrospector.java:195)
	at org.springframework.web.filter.CompositeFilter$VirtualFilterChain.doFilter(CompositeFilter.java:113)
	at org.springframework.web.filter.CompositeFilter.doFilter(CompositeFilter.java:74)
	at org.springframework.security.config.annotation.web.configuration.WebMvcSecurityConfiguration$CompositeFilterChainProxy.doFilter(WebMvcSecurityConfiguration.java:230)
	at org.springframework.web.filter.DelegatingFilterProxy.invokeDelegate(DelegatingFilterProxy.java:352)
	at org.springframework.web.filter.DelegatingFilterProxy.doFilter(DelegatingFilterProxy.java:268)
	at org.apache.catalina.core.ApplicationFilterChain.internalDoFilter(ApplicationFilterChain.java:164)
	at org.apache.catalina.core.ApplicationFilterChain.doFilter(ApplicationFilterChain.java:140)
	at org.springframework.web.filter.RequestContextFilter.doFilterInternal(RequestContextFilter.java:100)
	at org.springframework.web.filter.OncePerRequestFilter.doFilter(OncePerRequestFilter.java:116)
	at org.apache.catalina.core.ApplicationFilterChain.internalDoFilter(ApplicationFilterChain.java:164)
	at org.apache.catalina.core.ApplicationFilterChain.doFilter(ApplicationFilterChain.java:140)
	at org.springframework.web.filter.FormContentFilter.doFilterInternal(FormContentFilter.java:93)
	at org.springframework.web.filter.OncePerRequestFilter.doFilter(OncePerRequestFilter.java:116)
	at org.apache.catalina.core.ApplicationFilterChain.internalDoFilter(ApplicationFilterChain.java:164)
	at org.apache.catalina.core.ApplicationFilterChain.doFilter(ApplicationFilterChain.java:140)
	at org.springframework.web.filter.CharacterEncodingFilter.doFilterInternal(CharacterEncodingFilter.java:201)
	at org.springframework.web.filter.OncePerRequestFilter.doFilter(OncePerRequestFilter.java:116)
	at org.apache.catalina.core.ApplicationFilterChain.internalDoFilter(ApplicationFilterChain.java:164)
	at org.apache.catalina.core.ApplicationFilterChain.doFilter(ApplicationFilterChain.java:140)
	at org.apache.catalina.core.StandardWrapperValve.invoke(StandardWrapperValve.java:167)
	at org.apache.catalina.core.StandardContextValve.invoke(StandardContextValve.java:90)
	at org.apache.catalina.authenticator.AuthenticatorBase.invoke(AuthenticatorBase.java:483)
	at org.apache.catalina.core.StandardHostValve.invoke(StandardHostValve.java:115)
	at org.apache.catalina.valves.ErrorReportValve.invoke(ErrorReportValve.java:93)
	at org.apache.catalina.core.StandardEngineValve.invoke(StandardEngineValve.java:74)
	at org.apache.catalina.connector.CoyoteAdapter.service(CoyoteAdapter.java:344)
	at org.apache.coyote.http11.Http11Processor.service(Http11Processor.java:384)
	at org.apache.coyote.AbstractProcessorLight.process(AbstractProcessorLight.java:63)
	at org.apache.coyote.AbstractProtocol$ConnectionHandler.process(AbstractProtocol.java:904)
	at org.apache.tomcat.util.net.NioEndpoint$SocketProcessor.doRun(NioEndpoint.java:1741)
	at org.apache.tomcat.util.net.SocketProcessorBase.run(SocketProcessorBase.java:52)
	at org.apache.tomcat.util.threads.ThreadPoolExecutor.runWorker(ThreadPoolExecutor.java:1190)
	at org.apache.tomcat.util.threads.ThreadPoolExecutor$Worker.run(ThreadPoolExecutor.java:659)
	at org.apache.tomcat.util.threads.TaskThread$WrappingRunnable.run(TaskThread.java:63)
	at java.base/java.lang.Thread.run(Thread.java:840)
Caused by: org.attoparser.ParseException: Exception evaluating SpringEL expression: "categoryInfo.categoryName" (template: "admin/stockList/index" - line 94, col 20)
	at org.attoparser.MarkupParser.parseDocument(MarkupParser.java:393)
	at org.attoparser.MarkupParser.parse(MarkupParser.java:257)
	at org.thymeleaf.templateparser.markup.AbstractMarkupTemplateParser.parse(AbstractMarkupTemplateParser.java:230)
	... 93 common frames omitted
Caused by: org.thymeleaf.exceptions.TemplateProcessingException: Exception evaluating SpringEL expression: "categoryInfo.categoryName" (template: "admin/stockList/index" - line 94, col 20)
	at org.thymeleaf.spring6.expression.SPELVariableExpressionEvaluator.evaluate(SPELVariableExpressionEvaluator.java:292)
	at org.thymeleaf.standard.expression.VariableExpression.executeVariableExpression(VariableExpression.java:166)
	at org.thymeleaf.standard.expression.SimpleExpression.executeSimple(SimpleExpression.java:66)
	at org.thymeleaf.standard.expression.Expression.execute(Expression.java:109)
	at org.thymeleaf.standard.expression.Expression.execute(Expression.java:138)
	at org.thymeleaf.standard.processor.AbstractStandardExpressionAttributeTagProcessor.doProcess(AbstractStandardExpressionAttributeTagProcessor.java:144)
	at org.thymeleaf.processor.element.AbstractAttributeTagProcessor.doProcess(AbstractAttributeTagProcessor.java:74)
	at org.thymeleaf.processor.element.AbstractElementTagProcessor.process(AbstractElementTagProcessor.java:95)
	at org.thymeleaf.util.ProcessorConfigurationUtils$ElementTagProcessorWrapper.process(ProcessorConfigurationUtils.java:633)
	at org.thymeleaf.engine.ProcessorTemplateHandler.handleOpenElement(ProcessorTemplateHandler.java:1314)
	at org.thymeleaf.engine.OpenElementTag.beHandled(OpenElementTag.java:205)
	at org.thymeleaf.engine.Model.process(Model.java:282)
	at org.thymeleaf.engine.Model.process(Model.java:290)
	at org.thymeleaf.engine.IteratedGatheringModelProcessable.processIterationModel(IteratedGatheringModelProcessable.java:368)
	at org.thymeleaf.engine.IteratedGatheringModelProcessable.process(IteratedGatheringModelProcessable.java:222)
	at org.thymeleaf.engine.ProcessorTemplateHandler.handleCloseElement(ProcessorTemplateHandler.java:1640)
	at org.thymeleaf.engine.CloseElementTag.beHandled(CloseElementTag.java:139)
	at org.thymeleaf.engine.Model.process(Model.java:282)
	at org.thymeleaf.engine.Model.process(Model.java:290)
	at org.thymeleaf.engine.IteratedGatheringModelProcessable.processIterationModel(IteratedGatheringModelProcessable.java:368)
	at org.thymeleaf.engine.IteratedGatheringModelProcessable.process(IteratedGatheringModelProcessable.java:222)
	at org.thymeleaf.engine.ProcessorTemplateHandler.handleCloseElement(ProcessorTemplateHandler.java:1640)
	at org.thymeleaf.engine.CloseElementTag.beHandled(CloseElementTag.java:139)
	at org.thymeleaf.engine.Model.process(Model.java:282)
	at org.thymeleaf.engine.Model.process(Model.java:290)
	at org.thymeleaf.engine.IteratedGatheringModelProcessable.processIterationModel(IteratedGatheringModelProcessable.java:368)
	at org.thymeleaf.engine.IteratedGatheringModelProcessable.process(IteratedGatheringModelProcessable.java:222)
	at org.thymeleaf.engine.ProcessorTemplateHandler.handleCloseElement(ProcessorTemplateHandler.java:1640)
	at org.thymeleaf.engine.CloseElementTag.beHandled(CloseElementTag.java:139)
	at org.thymeleaf.engine.Model.process(Model.java:282)
	at org.thymeleaf.engine.ProcessorTemplateHandler.handleOpenElement(ProcessorTemplateHandler.java:1587)
	at org.thymeleaf.engine.OpenElementTag.beHandled(OpenElementTag.java:205)
	at org.thymeleaf.engine.Model.process(Model.java:282)
	at org.thymeleaf.engine.ProcessorTemplateHandler.handleOpenElement(ProcessorTemplateHandler.java:1587)
	at org.thymeleaf.engine.TemplateHandlerAdapterMarkupHandler.handleOpenElementEnd(TemplateHandlerAdapterMarkupHandler.java:304)
	at org.thymeleaf.templateparser.markup.InlinedOutputExpressionMarkupHandler$InlineMarkupAdapterPreProcessorHandler.handleOpenElementEnd(InlinedOutputExpressionMarkupHandler.java:278)
	at org.thymeleaf.standard.inline.OutputExpressionInlinePreProcessorHandler.handleOpenElementEnd(OutputExpressionInlinePreProcessorHandler.java:186)
	at org.thymeleaf.templateparser.markup.InlinedOutputExpressionMarkupHandler.handleOpenElementEnd(InlinedOutputExpressionMarkupHandler.java:124)
	at org.attoparser.HtmlElement.handleOpenElementEnd(HtmlElement.java:109)
	at org.attoparser.HtmlMarkupHandler.handleOpenElementEnd(HtmlMarkupHandler.java:297)
	at org.attoparser.MarkupEventProcessorHandler.handleOpenElementEnd(MarkupEventProcessorHandler.java:402)
	at org.attoparser.ParsingElementMarkupUtil.parseOpenElement(ParsingElementMarkupUtil.java:159)
	at org.attoparser.MarkupParser.parseBuffer(MarkupParser.java:710)
	at org.attoparser.MarkupParser.parseDocument(MarkupParser.java:301)
	... 95 common frames omitted
Caused by: org.springframework.expression.spel.SpelEvaluationException: EL1008E: Property or field 'categoryName' cannot be found on object of type 'java.util.HashMap$Node' - maybe not public or not valid?
	at org.springframework.expression.spel.ast.PropertyOrFieldReference.readProperty(PropertyOrFieldReference.java:229)
	at org.springframework.expression.spel.ast.PropertyOrFieldReference.getValueInternal(PropertyOrFieldReference.java:112)
	at org.springframework.expression.spel.ast.PropertyOrFieldReference$AccessorValueRef.getValue(PropertyOrFieldReference.java:417)
	at org.springframework.expression.spel.ast.CompoundExpression.getValueInternal(CompoundExpression.java:97)
	at org.springframework.expression.spel.ast.SpelNodeImpl.getValue(SpelNodeImpl.java:114)
	at org.springframework.expression.spel.standard.SpelExpression.getValue(SpelExpression.java:338)
	at org.thymeleaf.spring6.expression.SPELVariableExpressionEvaluator.evaluate(SPELVariableExpressionEvaluator.java:265)
	... 138 common frames omitted
2025-05-02 13:59:12 [http-nio-8080-exec-7] ERROR o.a.c.c.C.[.[.[.[dispatcherServlet] - Servlet.service() for servlet [dispatcherServlet] in context with path [] threw exception [Request processing failed: org.thymeleaf.exceptions.TemplateInputException: An error happened during template parsing (template: "class path resource [templates/admin/stockList/index.html]")] with root cause
org.springframework.expression.spel.SpelEvaluationException: EL1008E: Property or field 'categoryName' cannot be found on object of type 'java.util.HashMap$Node' - maybe not public or not valid?
	at org.springframework.expression.spel.ast.PropertyOrFieldReference.readProperty(PropertyOrFieldReference.java:229)
	at org.springframework.expression.spel.ast.PropertyOrFieldReference.getValueInternal(PropertyOrFieldReference.java:112)
	at org.springframework.expression.spel.ast.PropertyOrFieldReference$AccessorValueRef.getValue(PropertyOrFieldReference.java:417)
	at org.springframework.expression.spel.ast.CompoundExpression.getValueInternal(CompoundExpression.java:97)
	at org.springframework.expression.spel.ast.SpelNodeImpl.getValue(SpelNodeImpl.java:114)
	at org.springframework.expression.spel.standard.SpelExpression.getValue(SpelExpression.java:338)
	at org.thymeleaf.spring6.expression.SPELVariableExpressionEvaluator.evaluate(SPELVariableExpressionEvaluator.java:265)
	at org.thymeleaf.standard.expression.VariableExpression.executeVariableExpression(VariableExpression.java:166)
	at org.thymeleaf.standard.expression.SimpleExpression.executeSimple(SimpleExpression.java:66)
	at org.thymeleaf.standard.expression.Expression.execute(Expression.java:109)
	at org.thymeleaf.standard.expression.Expression.execute(Expression.java:138)
	at org.thymeleaf.standard.processor.AbstractStandardExpressionAttributeTagProcessor.doProcess(AbstractStandardExpressionAttributeTagProcessor.java:144)
	at org.thymeleaf.processor.element.AbstractAttributeTagProcessor.doProcess(AbstractAttributeTagProcessor.java:74)
	at org.thymeleaf.processor.element.AbstractElementTagProcessor.process(AbstractElementTagProcessor.java:95)
	at org.thymeleaf.util.ProcessorConfigurationUtils$ElementTagProcessorWrapper.process(ProcessorConfigurationUtils.java:633)
	at org.thymeleaf.engine.ProcessorTemplateHandler.handleOpenElement(ProcessorTemplateHandler.java:1314)
	at org.thymeleaf.engine.OpenElementTag.beHandled(OpenElementTag.java:205)
	at org.thymeleaf.engine.Model.process(Model.java:282)
	at org.thymeleaf.engine.Model.process(Model.java:290)
	at org.thymeleaf.engine.IteratedGatheringModelProcessable.processIterationModel(IteratedGatheringModelProcessable.java:368)
	at org.thymeleaf.engine.IteratedGatheringModelProcessable.process(IteratedGatheringModelProcessable.java:222)
	at org.thymeleaf.engine.ProcessorTemplateHandler.handleCloseElement(ProcessorTemplateHandler.java:1640)
	at org.thymeleaf.engine.CloseElementTag.beHandled(CloseElementTag.java:139)
	at org.thymeleaf.engine.Model.process(Model.java:282)
	at org.thymeleaf.engine.Model.process(Model.java:290)
	at org.thymeleaf.engine.IteratedGatheringModelProcessable.processIterationModel(IteratedGatheringModelProcessable.java:368)
	at org.thymeleaf.engine.IteratedGatheringModelProcessable.process(IteratedGatheringModelProcessable.java:222)
	at org.thymeleaf.engine.ProcessorTemplateHandler.handleCloseElement(ProcessorTemplateHandler.java:1640)
	at org.thymeleaf.engine.CloseElementTag.beHandled(CloseElementTag.java:139)
	at org.thymeleaf.engine.Model.process(Model.java:282)
	at org.thymeleaf.engine.Model.process(Model.java:290)
	at org.thymeleaf.engine.IteratedGatheringModelProcessable.processIterationModel(IteratedGatheringModelProcessable.java:368)
	at org.thymeleaf.engine.IteratedGatheringModelProcessable.process(IteratedGatheringModelProcessable.java:222)
	at org.thymeleaf.engine.ProcessorTemplateHandler.handleCloseElement(ProcessorTemplateHandler.java:1640)
	at org.thymeleaf.engine.CloseElementTag.beHandled(CloseElementTag.java:139)
	at org.thymeleaf.engine.Model.process(Model.java:282)
	at org.thymeleaf.engine.ProcessorTemplateHandler.handleOpenElement(ProcessorTemplateHandler.java:1587)
	at org.thymeleaf.engine.OpenElementTag.beHandled(OpenElementTag.java:205)
	at org.thymeleaf.engine.Model.process(Model.java:282)
	at org.thymeleaf.engine.ProcessorTemplateHandler.handleOpenElement(ProcessorTemplateHandler.java:1587)
	at org.thymeleaf.engine.TemplateHandlerAdapterMarkupHandler.handleOpenElementEnd(TemplateHandlerAdapterMarkupHandler.java:304)
	at org.thymeleaf.templateparser.markup.InlinedOutputExpressionMarkupHandler$InlineMarkupAdapterPreProcessorHandler.handleOpenElementEnd(InlinedOutputExpressionMarkupHandler.java:278)
	at org.thymeleaf.standard.inline.OutputExpressionInlinePreProcessorHandler.handleOpenElementEnd(OutputExpressionInlinePreProcessorHandler.java:186)
	at org.thymeleaf.templateparser.markup.InlinedOutputExpressionMarkupHandler.handleOpenElementEnd(InlinedOutputExpressionMarkupHandler.java:124)
	at org.attoparser.HtmlElement.handleOpenElementEnd(HtmlElement.java:109)
	at org.attoparser.HtmlMarkupHandler.handleOpenElementEnd(HtmlMarkupHandler.java:297)
	at org.attoparser.MarkupEventProcessorHandler.handleOpenElementEnd(MarkupEventProcessorHandler.java:402)
	at org.attoparser.ParsingElementMarkupUtil.parseOpenElement(ParsingElementMarkupUtil.java:159)
	at org.attoparser.MarkupParser.parseBuffer(MarkupParser.java:710)
	at org.attoparser.MarkupParser.parseDocument(MarkupParser.java:301)
	at org.attoparser.MarkupParser.parse(MarkupParser.java:257)
	at org.thymeleaf.templateparser.markup.AbstractMarkupTemplateParser.parse(AbstractMarkupTemplateParser.java:230)
	at org.thymeleaf.templateparser.markup.AbstractMarkupTemplateParser.parseStandalone(AbstractMarkupTemplateParser.java:100)
	at org.thymeleaf.engine.TemplateManager.parseAndProcess(TemplateManager.java:666)
	at org.thymeleaf.TemplateEngine.process(TemplateEngine.java:1103)
	at org.thymeleaf.TemplateEngine.process(TemplateEngine.java:1077)
	at org.thymeleaf.spring6.view.ThymeleafView.renderFragment(ThymeleafView.java:372)
	at org.thymeleaf.spring6.view.ThymeleafView.render(ThymeleafView.java:192)
	at org.springframework.web.servlet.DispatcherServlet.render(DispatcherServlet.java:1432)
	at org.springframework.web.servlet.DispatcherServlet.processDispatchResult(DispatcherServlet.java:1168)
	at org.springframework.web.servlet.DispatcherServlet.doDispatch(DispatcherServlet.java:1106)
	at org.springframework.web.servlet.DispatcherServlet.doService(DispatcherServlet.java:979)
	at org.springframework.web.servlet.FrameworkServlet.processRequest(FrameworkServlet.java:1014)
	at org.springframework.web.servlet.FrameworkServlet.doPost(FrameworkServlet.java:914)
	at jakarta.servlet.http.HttpServlet.service(HttpServlet.java:590)
	at org.springframework.web.servlet.FrameworkServlet.service(FrameworkServlet.java:885)
	at jakarta.servlet.http.HttpServlet.service(HttpServlet.java:658)
	at org.apache.catalina.core.ApplicationFilterChain.internalDoFilter(ApplicationFilterChain.java:195)
	at org.apache.catalina.core.ApplicationFilterChain.doFilter(ApplicationFilterChain.java:140)
	at org.apache.tomcat.websocket.server.WsFilter.doFilter(WsFilter.java:51)
	at org.apache.catalina.core.ApplicationFilterChain.internalDoFilter(ApplicationFilterChain.java:164)
	at org.apache.catalina.core.ApplicationFilterChain.doFilter(ApplicationFilterChain.java:140)
	at org.springframework.web.filter.CompositeFilter$VirtualFilterChain.doFilter(CompositeFilter.java:108)
	at org.springframework.security.web.FilterChainProxy.lambda$doFilterInternal$3(FilterChainProxy.java:231)
	at org.springframework.security.web.FilterChainProxy$VirtualFilterChain.doFilter(FilterChainProxy.java:365)
	at org.springframework.security.web.access.ExceptionTranslationFilter.doFilter(ExceptionTranslationFilter.java:126)
	at org.springframework.security.web.access.ExceptionTranslationFilter.doFilter(ExceptionTranslationFilter.java:120)
	at org.springframework.security.web.FilterChainProxy$VirtualFilterChain.doFilter(FilterChainProxy.java:374)
	at org.springframework.security.web.authentication.AnonymousAuthenticationFilter.doFilter(AnonymousAuthenticationFilter.java:100)
	at org.springframework.security.web.FilterChainProxy$VirtualFilterChain.doFilter(FilterChainProxy.java:374)
	at org.springframework.security.web.servletapi.SecurityContextHolderAwareRequestFilter.doFilter(SecurityContextHolderAwareRequestFilter.java:179)
	at org.springframework.security.web.FilterChainProxy$VirtualFilterChain.doFilter(FilterChainProxy.java:374)
	at org.springframework.security.web.savedrequest.RequestCacheAwareFilter.doFilter(RequestCacheAwareFilter.java:63)
	at org.springframework.security.web.FilterChainProxy$VirtualFilterChain.doFilter(FilterChainProxy.java:374)
	at org.springframework.security.web.authentication.AbstractAuthenticationProcessingFilter.doFilter(AbstractAuthenticationProcessingFilter.java:227)
	at org.springframework.security.web.authentication.AbstractAuthenticationProcessingFilter.doFilter(AbstractAuthenticationProcessingFilter.java:221)
	at org.springframework.security.web.FilterChainProxy$VirtualFilterChain.doFilter(FilterChainProxy.java:374)
	at org.springframework.security.web.authentication.logout.LogoutFilter.doFilter(LogoutFilter.java:107)
	at org.springframework.security.web.authentication.logout.LogoutFilter.doFilter(LogoutFilter.java:93)
	at org.springframework.security.web.FilterChainProxy$VirtualFilterChain.doFilter(FilterChainProxy.java:374)
	at org.springframework.security.web.csrf.CsrfFilter.doFilterInternal(CsrfFilter.java:131)
	at org.springframework.web.filter.OncePerRequestFilter.doFilter(OncePerRequestFilter.java:116)
	at org.springframework.security.web.FilterChainProxy$VirtualFilterChain.doFilter(FilterChainProxy.java:374)
	at org.springframework.security.web.header.HeaderWriterFilter.doHeadersAfter(HeaderWriterFilter.java:90)
	at org.springframework.security.web.header.HeaderWriterFilter.doFilterInternal(HeaderWriterFilter.java:75)
	at org.springframework.web.filter.OncePerRequestFilter.doFilter(OncePerRequestFilter.java:116)
	at org.springframework.security.web.FilterChainProxy$VirtualFilterChain.doFilter(FilterChainProxy.java:374)
	at org.springframework.security.web.context.SecurityContextHolderFilter.doFilter(SecurityContextHolderFilter.java:82)
	at org.springframework.security.web.context.SecurityContextHolderFilter.doFilter(SecurityContextHolderFilter.java:69)
	at org.springframework.security.web.FilterChainProxy$VirtualFilterChain.doFilter(FilterChainProxy.java:374)
	at org.springframework.security.web.context.request.async.WebAsyncManagerIntegrationFilter.doFilterInternal(WebAsyncManagerIntegrationFilter.java:62)
	at org.springframework.web.filter.OncePerRequestFilter.doFilter(OncePerRequestFilter.java:116)
	at org.springframework.security.web.FilterChainProxy$VirtualFilterChain.doFilter(FilterChainProxy.java:374)
	at org.springframework.security.web.session.DisableEncodeUrlFilter.doFilterInternal(DisableEncodeUrlFilter.java:42)
	at org.springframework.web.filter.OncePerRequestFilter.doFilter(OncePerRequestFilter.java:116)
	at org.springframework.security.web.FilterChainProxy$VirtualFilterChain.doFilter(FilterChainProxy.java:374)
	at org.springframework.security.web.FilterChainProxy.doFilterInternal(FilterChainProxy.java:233)
	at org.springframework.security.web.FilterChainProxy.doFilter(FilterChainProxy.java:191)
	at org.springframework.web.filter.CompositeFilter$VirtualFilterChain.doFilter(CompositeFilter.java:113)
	at org.springframework.web.servlet.handler.HandlerMappingIntrospector.lambda$createCacheFilter$3(HandlerMappingIntrospector.java:195)
	at org.springframework.web.filter.CompositeFilter$VirtualFilterChain.doFilter(CompositeFilter.java:113)
	at org.springframework.web.filter.CompositeFilter.doFilter(CompositeFilter.java:74)
	at org.springframework.security.config.annotation.web.configuration.WebMvcSecurityConfiguration$CompositeFilterChainProxy.doFilter(WebMvcSecurityConfiguration.java:230)
	at org.springframework.web.filter.DelegatingFilterProxy.invokeDelegate(DelegatingFilterProxy.java:352)
	at org.springframework.web.filter.DelegatingFilterProxy.doFilter(DelegatingFilterProxy.java:268)
	at org.apache.catalina.core.ApplicationFilterChain.internalDoFilter(ApplicationFilterChain.java:164)
	at org.apache.catalina.core.ApplicationFilterChain.doFilter(ApplicationFilterChain.java:140)
	at org.springframework.web.filter.RequestContextFilter.doFilterInternal(RequestContextFilter.java:100)
	at org.springframework.web.filter.OncePerRequestFilter.doFilter(OncePerRequestFilter.java:116)
	at org.apache.catalina.core.ApplicationFilterChain.internalDoFilter(ApplicationFilterChain.java:164)
	at org.apache.catalina.core.ApplicationFilterChain.doFilter(ApplicationFilterChain.java:140)
	at org.springframework.web.filter.FormContentFilter.doFilterInternal(FormContentFilter.java:93)
	at org.springframework.web.filter.OncePerRequestFilter.doFilter(OncePerRequestFilter.java:116)
	at org.apache.catalina.core.ApplicationFilterChain.internalDoFilter(ApplicationFilterChain.java:164)
	at org.apache.catalina.core.ApplicationFilterChain.doFilter(ApplicationFilterChain.java:140)
	at org.springframework.web.filter.CharacterEncodingFilter.doFilterInternal(CharacterEncodingFilter.java:201)
	at org.springframework.web.filter.OncePerRequestFilter.doFilter(OncePerRequestFilter.java:116)
	at org.apache.catalina.core.ApplicationFilterChain.internalDoFilter(ApplicationFilterChain.java:164)
	at org.apache.catalina.core.ApplicationFilterChain.doFilter(ApplicationFilterChain.java:140)
	at org.apache.catalina.core.StandardWrapperValve.invoke(StandardWrapperValve.java:167)
	at org.apache.catalina.core.StandardContextValve.invoke(StandardContextValve.java:90)
	at org.apache.catalina.authenticator.AuthenticatorBase.invoke(AuthenticatorBase.java:483)
	at org.apache.catalina.core.StandardHostValve.invoke(StandardHostValve.java:115)
	at org.apache.catalina.valves.ErrorReportValve.invoke(ErrorReportValve.java:93)
	at org.apache.catalina.core.StandardEngineValve.invoke(StandardEngineValve.java:74)
	at org.apache.catalina.connector.CoyoteAdapter.service(CoyoteAdapter.java:344)
	at org.apache.coyote.http11.Http11Processor.service(Http11Processor.java:384)
	at org.apache.coyote.AbstractProcessorLight.process(AbstractProcessorLight.java:63)
	at org.apache.coyote.AbstractProtocol$ConnectionHandler.process(AbstractProtocol.java:904)
	at org.apache.tomcat.util.net.NioEndpoint$SocketProcessor.doRun(NioEndpoint.java:1741)
	at org.apache.tomcat.util.net.SocketProcessorBase.run(SocketProcessorBase.java:52)
	at org.apache.tomcat.util.threads.ThreadPoolExecutor.runWorker(ThreadPoolExecutor.java:1190)
	at org.apache.tomcat.util.threads.ThreadPoolExecutor$Worker.run(ThreadPoolExecutor.java:659)
	at org.apache.tomcat.util.threads.TaskThread$WrappingRunnable.run(TaskThread.java:63)
	at java.base/java.lang.Thread.run(Thread.java:840)
2025-05-02 14:01:31 [File Watcher] INFO  o.s.b.d.a.LocalDevToolsAutoConfiguration$RestartingClassPathChangeChangedEventListener - Restarting due to 1 class path change (0 additions, 0 deletions, 1 modification)
2025-05-02 14:01:31 [Thread-123] INFO  o.a.coyote.http11.Http11NioProtocol - Stopping ProtocolHandler ["http-nio-8080"]
2025-05-02 14:01:31 [Thread-123] INFO  o.s.o.j.LocalContainerEntityManagerFactoryBean - Closing JPA EntityManagerFactory for persistence unit 'default'
2025-05-02 14:01:31 [Thread-123] INFO  com.zaxxer.hikari.HikariDataSource - HikariPool-31 - Shutdown initiated...
2025-05-02 14:01:31 [Thread-123] INFO  com.zaxxer.hikari.HikariDataSource - HikariPool-31 - Shutdown completed.
2025-05-02 14:01:31 [restartedMain] INFO  c.d.w.DroneInventorySystemApplication - Starting DroneInventorySystemApplication using Java 17.0.10 with PID 773 (/Users/KurokiKazuma/Workspace/Digital-OJT/DroneInventorySystem/target/classes started by KurokiKazuma in /Users/KurokiKazuma/Workspace/Digital-OJT/DroneInventorySystem)
2025-05-02 14:01:31 [restartedMain] INFO  c.d.w.DroneInventorySystemApplication - The following 1 profile is active: "develop"
2025-05-02 14:01:31 [restartedMain] INFO  o.s.d.r.c.RepositoryConfigurationDelegate - Bootstrapping Spring Data JPA repositories in DEFAULT mode.
2025-05-02 14:01:31 [restartedMain] INFO  o.s.d.r.c.RepositoryConfigurationDelegate - Finished Spring Data repository scanning in 15 ms. Found 4 JPA repository interfaces.
2025-05-02 14:01:31 [restartedMain] INFO  o.s.b.w.e.tomcat.TomcatWebServer - Tomcat initialized with port 8080 (http)
2025-05-02 14:01:31 [restartedMain] INFO  o.a.coyote.http11.Http11NioProtocol - Initializing ProtocolHandler ["http-nio-8080"]
2025-05-02 14:01:31 [restartedMain] INFO  o.a.catalina.core.StandardService - Starting service [Tomcat]
2025-05-02 14:01:31 [restartedMain] INFO  o.a.catalina.core.StandardEngine - Starting Servlet engine: [Apache Tomcat/10.1.28]
2025-05-02 14:01:31 [restartedMain] INFO  o.a.c.c.C.[Tomcat].[localhost].[/] - Initializing Spring embedded WebApplicationContext
2025-05-02 14:01:31 [restartedMain] INFO  o.s.b.w.s.c.ServletWebServerApplicationContext - Root WebApplicationContext: initialization completed in 387 ms
2025-05-02 14:01:31 [restartedMain] INFO  com.zaxxer.hikari.HikariDataSource - HikariPool-32 - Starting...
2025-05-02 14:01:31 [restartedMain] INFO  com.zaxxer.hikari.pool.HikariPool - HikariPool-32 - Added connection com.mysql.cj.jdbc.ConnectionImpl@4f5c31af
2025-05-02 14:01:31 [restartedMain] INFO  com.zaxxer.hikari.HikariDataSource - HikariPool-32 - Start completed.
2025-05-02 14:01:31 [restartedMain] INFO  o.s.b.a.h.H2ConsoleAutoConfiguration - H2 console available at '/h2-console'. Database available at 'jdbc:mysql://localhost:3306/stock_mng'
2025-05-02 14:01:31 [restartedMain] INFO  o.s.o.j.p.SpringPersistenceUnitInfo - No LoadTimeWeaver setup: ignoring JPA class transformer
2025-05-02 14:01:31 [restartedMain] INFO  o.s.o.j.LocalContainerEntityManagerFactoryBean - Initialized JPA EntityManagerFactory for persistence unit 'default'
2025-05-02 14:01:32 [restartedMain] WARN  o.s.b.a.o.j.JpaBaseConfiguration$JpaWebConfiguration - spring.jpa.open-in-view is enabled by default. Therefore, database queries may be performed during view rendering. Explicitly configure spring.jpa.open-in-view to disable this warning
2025-05-02 14:01:32 [restartedMain] WARN  o.s.b.a.s.s.UserDetailsServiceAutoConfiguration - 

Using generated security password: 32b5033a-3316-4d9e-89fa-f0db042d00f4

This generated password is for development use only. Your security configuration must be updated before running your application in production.

2025-05-02 14:01:32 [restartedMain] INFO  o.s.s.web.DefaultSecurityFilterChain - Will secure any request with [org.springframework.security.web.session.DisableEncodeUrlFilter@4406cdf4, org.springframework.security.web.context.request.async.WebAsyncManagerIntegrationFilter@68f06f89, org.springframework.security.web.context.SecurityContextHolderFilter@678ebaf4, org.springframework.security.web.header.HeaderWriterFilter@3dbacc2c, org.springframework.security.web.csrf.CsrfFilter@6a726f69, org.springframework.security.web.authentication.logout.LogoutFilter@6a51d4f0, org.springframework.security.web.authentication.UsernamePasswordAuthenticationFilter@87a521, org.springframework.security.web.savedrequest.RequestCacheAwareFilter@1efe884b, org.springframework.security.web.servletapi.SecurityContextHolderAwareRequestFilter@13aafdf8, org.springframework.security.web.authentication.AnonymousAuthenticationFilter@c62d033, org.springframework.security.web.access.ExceptionTranslationFilter@1063a753]
2025-05-02 14:01:32 [restartedMain] INFO  o.s.b.d.a.OptionalLiveReloadServer - LiveReload server is running on port 35729
2025-05-02 14:01:32 [restartedMain] INFO  o.a.coyote.http11.Http11NioProtocol - Starting ProtocolHandler ["http-nio-8080"]
2025-05-02 14:01:32 [restartedMain] INFO  o.s.b.w.e.tomcat.TomcatWebServer - Tomcat started on port 8080 (http) with context path ''
2025-05-02 14:01:32 [restartedMain] INFO  c.d.w.DroneInventorySystemApplication - Started DroneInventorySystemApplication in 0.883 seconds (process running for 5000.09)
2025-05-02 14:01:32 [restartedMain] INFO  o.s.b.d.a.ConditionEvaluationDeltaLoggingListener - Condition evaluation unchanged
2025-05-02 14:06:38 [File Watcher] INFO  o.s.b.d.a.LocalDevToolsAutoConfiguration$RestartingClassPathChangeChangedEventListener - Restarting due to 1 class path change (1 addition, 0 deletions, 0 modifications)
2025-05-02 14:06:38 [Thread-127] INFO  o.a.coyote.http11.Http11NioProtocol - Stopping ProtocolHandler ["http-nio-8080"]
2025-05-02 14:06:38 [Thread-127] INFO  o.s.o.j.LocalContainerEntityManagerFactoryBean - Closing JPA EntityManagerFactory for persistence unit 'default'
2025-05-02 14:06:38 [Thread-127] INFO  com.zaxxer.hikari.HikariDataSource - HikariPool-32 - Shutdown initiated...
2025-05-02 14:06:38 [Thread-127] INFO  com.zaxxer.hikari.HikariDataSource - HikariPool-32 - Shutdown completed.
2025-05-02 14:06:38 [restartedMain] INFO  c.d.w.DroneInventorySystemApplication - Starting DroneInventorySystemApplication using Java 17.0.10 with PID 773 (/Users/KurokiKazuma/Workspace/Digital-OJT/DroneInventorySystem/target/classes started by KurokiKazuma in /Users/KurokiKazuma/Workspace/Digital-OJT/DroneInventorySystem)
2025-05-02 14:06:38 [restartedMain] INFO  c.d.w.DroneInventorySystemApplication - The following 1 profile is active: "develop"
2025-05-02 14:06:39 [restartedMain] INFO  o.s.d.r.c.RepositoryConfigurationDelegate - Bootstrapping Spring Data JPA repositories in DEFAULT mode.
2025-05-02 14:06:39 [restartedMain] INFO  o.s.d.r.c.RepositoryConfigurationDelegate - Finished Spring Data repository scanning in 13 ms. Found 4 JPA repository interfaces.
2025-05-02 14:06:39 [restartedMain] INFO  o.s.b.w.e.tomcat.TomcatWebServer - Tomcat initialized with port 8080 (http)
2025-05-02 14:06:39 [restartedMain] INFO  o.a.coyote.http11.Http11NioProtocol - Initializing ProtocolHandler ["http-nio-8080"]
2025-05-02 14:06:39 [restartedMain] INFO  o.a.catalina.core.StandardService - Starting service [Tomcat]
2025-05-02 14:06:39 [restartedMain] INFO  o.a.catalina.core.StandardEngine - Starting Servlet engine: [Apache Tomcat/10.1.28]
2025-05-02 14:06:39 [restartedMain] INFO  o.a.c.c.C.[Tomcat].[localhost].[/] - Initializing Spring embedded WebApplicationContext
2025-05-02 14:06:39 [restartedMain] INFO  o.s.b.w.s.c.ServletWebServerApplicationContext - Root WebApplicationContext: initialization completed in 375 ms
2025-05-02 14:06:39 [restartedMain] INFO  com.zaxxer.hikari.HikariDataSource - HikariPool-33 - Starting...
2025-05-02 14:06:39 [restartedMain] INFO  com.zaxxer.hikari.pool.HikariPool - HikariPool-33 - Added connection com.mysql.cj.jdbc.ConnectionImpl@24cc3c5
2025-05-02 14:06:39 [restartedMain] INFO  com.zaxxer.hikari.HikariDataSource - HikariPool-33 - Start completed.
2025-05-02 14:06:39 [restartedMain] INFO  o.s.b.a.h.H2ConsoleAutoConfiguration - H2 console available at '/h2-console'. Database available at 'jdbc:mysql://localhost:3306/stock_mng'
2025-05-02 14:06:39 [restartedMain] INFO  o.s.o.j.p.SpringPersistenceUnitInfo - No LoadTimeWeaver setup: ignoring JPA class transformer
2025-05-02 14:06:39 [restartedMain] INFO  o.s.o.j.LocalContainerEntityManagerFactoryBean - Initialized JPA EntityManagerFactory for persistence unit 'default'
2025-05-02 14:06:39 [restartedMain] WARN  o.s.b.a.o.j.JpaBaseConfiguration$JpaWebConfiguration - spring.jpa.open-in-view is enabled by default. Therefore, database queries may be performed during view rendering. Explicitly configure spring.jpa.open-in-view to disable this warning
2025-05-02 14:06:39 [restartedMain] WARN  o.s.b.a.s.s.UserDetailsServiceAutoConfiguration - 

Using generated security password: 819bf199-6efe-4c46-ba7c-19ccb0b3794c

This generated password is for development use only. Your security configuration must be updated before running your application in production.

2025-05-02 14:06:39 [restartedMain] INFO  o.s.s.web.DefaultSecurityFilterChain - Will secure any request with [org.springframework.security.web.session.DisableEncodeUrlFilter@44362d56, org.springframework.security.web.context.request.async.WebAsyncManagerIntegrationFilter@70d386e2, org.springframework.security.web.context.SecurityContextHolderFilter@2aa6087d, org.springframework.security.web.header.HeaderWriterFilter@2a9a16e1, org.springframework.security.web.csrf.CsrfFilter@2f1f0c21, org.springframework.security.web.authentication.logout.LogoutFilter@35bc7235, org.springframework.security.web.authentication.UsernamePasswordAuthenticationFilter@338dd499, org.springframework.security.web.savedrequest.RequestCacheAwareFilter@7d0f770c, org.springframework.security.web.servletapi.SecurityContextHolderAwareRequestFilter@55144b1d, org.springframework.security.web.authentication.AnonymousAuthenticationFilter@26287f17, org.springframework.security.web.access.ExceptionTranslationFilter@3c329020]
2025-05-02 14:06:39 [restartedMain] INFO  o.s.b.d.a.OptionalLiveReloadServer - LiveReload server is running on port 35729
2025-05-02 14:06:39 [restartedMain] INFO  o.a.coyote.http11.Http11NioProtocol - Starting ProtocolHandler ["http-nio-8080"]
2025-05-02 14:06:39 [restartedMain] INFO  o.s.b.w.e.tomcat.TomcatWebServer - Tomcat started on port 8080 (http) with context path ''
2025-05-02 14:06:39 [restartedMain] INFO  c.d.w.DroneInventorySystemApplication - Started DroneInventorySystemApplication in 0.931 seconds (process running for 5307.578)
2025-05-02 14:06:39 [restartedMain] INFO  o.s.b.d.a.ConditionEvaluationDeltaLoggingListener - Condition evaluation unchanged
2025-05-02 14:07:19 [File Watcher] INFO  o.s.b.d.a.LocalDevToolsAutoConfiguration$RestartingClassPathChangeChangedEventListener - Restarting due to 1 class path change (0 additions, 0 deletions, 1 modification)
2025-05-02 14:07:19 [Thread-131] INFO  o.a.coyote.http11.Http11NioProtocol - Stopping ProtocolHandler ["http-nio-8080"]
2025-05-02 14:07:19 [Thread-131] INFO  o.s.o.j.LocalContainerEntityManagerFactoryBean - Closing JPA EntityManagerFactory for persistence unit 'default'
2025-05-02 14:07:19 [Thread-131] INFO  com.zaxxer.hikari.HikariDataSource - HikariPool-33 - Shutdown initiated...
2025-05-02 14:07:19 [Thread-131] INFO  com.zaxxer.hikari.HikariDataSource - HikariPool-33 - Shutdown completed.
2025-05-02 14:07:19 [restartedMain] INFO  c.d.w.DroneInventorySystemApplication - Starting DroneInventorySystemApplication using Java 17.0.10 with PID 773 (/Users/KurokiKazuma/Workspace/Digital-OJT/DroneInventorySystem/target/classes started by KurokiKazuma in /Users/KurokiKazuma/Workspace/Digital-OJT/DroneInventorySystem)
2025-05-02 14:07:19 [restartedMain] INFO  c.d.w.DroneInventorySystemApplication - The following 1 profile is active: "develop"
2025-05-02 14:07:20 [restartedMain] INFO  o.s.d.r.c.RepositoryConfigurationDelegate - Bootstrapping Spring Data JPA repositories in DEFAULT mode.
2025-05-02 14:07:20 [restartedMain] INFO  o.s.d.r.c.RepositoryConfigurationDelegate - Finished Spring Data repository scanning in 14 ms. Found 4 JPA repository interfaces.
2025-05-02 14:07:20 [restartedMain] INFO  o.s.b.w.e.tomcat.TomcatWebServer - Tomcat initialized with port 8080 (http)
2025-05-02 14:07:20 [restartedMain] INFO  o.a.coyote.http11.Http11NioProtocol - Initializing ProtocolHandler ["http-nio-8080"]
2025-05-02 14:07:20 [restartedMain] INFO  o.a.catalina.core.StandardService - Starting service [Tomcat]
2025-05-02 14:07:20 [restartedMain] INFO  o.a.catalina.core.StandardEngine - Starting Servlet engine: [Apache Tomcat/10.1.28]
2025-05-02 14:07:20 [restartedMain] INFO  o.a.c.c.C.[Tomcat].[localhost].[/] - Initializing Spring embedded WebApplicationContext
2025-05-02 14:07:20 [restartedMain] INFO  o.s.b.w.s.c.ServletWebServerApplicationContext - Root WebApplicationContext: initialization completed in 351 ms
2025-05-02 14:07:20 [restartedMain] INFO  com.zaxxer.hikari.HikariDataSource - HikariPool-34 - Starting...
2025-05-02 14:07:20 [restartedMain] INFO  com.zaxxer.hikari.pool.HikariPool - HikariPool-34 - Added connection com.mysql.cj.jdbc.ConnectionImpl@2172226f
2025-05-02 14:07:20 [restartedMain] INFO  com.zaxxer.hikari.HikariDataSource - HikariPool-34 - Start completed.
2025-05-02 14:07:20 [restartedMain] INFO  o.s.b.a.h.H2ConsoleAutoConfiguration - H2 console available at '/h2-console'. Database available at 'jdbc:mysql://localhost:3306/stock_mng'
2025-05-02 14:07:20 [restartedMain] INFO  o.s.o.j.p.SpringPersistenceUnitInfo - No LoadTimeWeaver setup: ignoring JPA class transformer
2025-05-02 14:07:20 [restartedMain] INFO  o.s.o.j.LocalContainerEntityManagerFactoryBean - Initialized JPA EntityManagerFactory for persistence unit 'default'
2025-05-02 14:07:20 [restartedMain] WARN  o.s.b.a.o.j.JpaBaseConfiguration$JpaWebConfiguration - spring.jpa.open-in-view is enabled by default. Therefore, database queries may be performed during view rendering. Explicitly configure spring.jpa.open-in-view to disable this warning
2025-05-02 14:07:20 [restartedMain] WARN  o.s.b.a.s.s.UserDetailsServiceAutoConfiguration - 

Using generated security password: fe3e5a25-9b63-4026-b16f-7b28336c68dc

This generated password is for development use only. Your security configuration must be updated before running your application in production.

2025-05-02 14:07:20 [restartedMain] INFO  o.s.s.web.DefaultSecurityFilterChain - Will secure any request with [org.springframework.security.web.session.DisableEncodeUrlFilter@14edc0bb, org.springframework.security.web.context.request.async.WebAsyncManagerIntegrationFilter@3ecc5bfe, org.springframework.security.web.context.SecurityContextHolderFilter@75d67170, org.springframework.security.web.header.HeaderWriterFilter@65aca36a, org.springframework.security.web.csrf.CsrfFilter@49daf77b, org.springframework.security.web.authentication.logout.LogoutFilter@2682e2c8, org.springframework.security.web.authentication.UsernamePasswordAuthenticationFilter@4850257, org.springframework.security.web.savedrequest.RequestCacheAwareFilter@6b29219e, org.springframework.security.web.servletapi.SecurityContextHolderAwareRequestFilter@60ae1ad6, org.springframework.security.web.authentication.AnonymousAuthenticationFilter@fe97a4d, org.springframework.security.web.access.ExceptionTranslationFilter@4b980297]
2025-05-02 14:07:20 [restartedMain] INFO  o.s.b.d.a.OptionalLiveReloadServer - LiveReload server is running on port 35729
2025-05-02 14:07:20 [restartedMain] INFO  o.a.coyote.http11.Http11NioProtocol - Starting ProtocolHandler ["http-nio-8080"]
2025-05-02 14:07:20 [restartedMain] INFO  o.s.b.w.e.tomcat.TomcatWebServer - Tomcat started on port 8080 (http) with context path ''
2025-05-02 14:07:20 [restartedMain] INFO  c.d.w.DroneInventorySystemApplication - Started DroneInventorySystemApplication in 0.882 seconds (process running for 5348.519)
2025-05-02 14:07:20 [restartedMain] INFO  o.s.b.d.a.ConditionEvaluationDeltaLoggingListener - Condition evaluation unchanged
2025-05-02 14:07:29 [http-nio-8080-exec-1] INFO  o.a.c.c.C.[Tomcat].[localhost].[/] - Initializing Spring DispatcherServlet 'dispatcherServlet'
2025-05-02 14:07:29 [http-nio-8080-exec-1] INFO  o.s.web.servlet.DispatcherServlet - Initializing Servlet 'dispatcherServlet'
2025-05-02 14:07:29 [http-nio-8080-exec-1] INFO  o.s.web.servlet.DispatcherServlet - Completed initialization in 4 ms
2025-05-02 14:07:29 [http-nio-8080-exec-1] INFO  APP - 【INFO】時間: 1746162449635 | 処理対象: 在庫一覧画面 | 処理内容: 初期表示 | 処理結果: 開始
2025-05-02 14:07:29 [http-nio-8080-exec-1] INFO  APP - 【INFO】時間: 1746162449663 | 処理対象: 在庫一覧画面 | 処理内容: 初期表示 | 処理結果: 成功
2025-05-02 14:07:31 [http-nio-8080-exec-1] INFO  APP - 【INFO】時間: 1746162451241 | 処理対象: 在庫一覧画面 | 処理内容: 初期表示 | 処理結果: 開始
2025-05-02 14:07:31 [http-nio-8080-exec-1] INFO  APP - 【INFO】時間: 1746162451257 | 処理対象: 在庫一覧画面 | 処理内容: 初期表示 | 処理結果: 成功
2025-05-02 14:09:49 [File Watcher] INFO  o.s.b.d.a.LocalDevToolsAutoConfiguration$RestartingClassPathChangeChangedEventListener - Restarting due to 1 class path change (0 additions, 0 deletions, 1 modification)
2025-05-02 14:09:49 [Thread-135] INFO  o.a.coyote.http11.Http11NioProtocol - Stopping ProtocolHandler ["http-nio-8080"]
2025-05-02 14:09:49 [Thread-135] INFO  o.s.o.j.LocalContainerEntityManagerFactoryBean - Closing JPA EntityManagerFactory for persistence unit 'default'
2025-05-02 14:09:49 [Thread-135] INFO  com.zaxxer.hikari.HikariDataSource - HikariPool-34 - Shutdown initiated...
2025-05-02 14:09:49 [Thread-135] INFO  com.zaxxer.hikari.HikariDataSource - HikariPool-34 - Shutdown completed.
2025-05-02 14:09:49 [restartedMain] INFO  c.d.w.DroneInventorySystemApplication - Starting DroneInventorySystemApplication using Java 17.0.10 with PID 773 (/Users/KurokiKazuma/Workspace/Digital-OJT/DroneInventorySystem/target/classes started by KurokiKazuma in /Users/KurokiKazuma/Workspace/Digital-OJT/DroneInventorySystem)
2025-05-02 14:09:49 [restartedMain] INFO  c.d.w.DroneInventorySystemApplication - The following 1 profile is active: "develop"
2025-05-02 14:09:49 [restartedMain] INFO  o.s.d.r.c.RepositoryConfigurationDelegate - Bootstrapping Spring Data JPA repositories in DEFAULT mode.
2025-05-02 14:09:49 [restartedMain] INFO  o.s.d.r.c.RepositoryConfigurationDelegate - Finished Spring Data repository scanning in 13 ms. Found 4 JPA repository interfaces.
2025-05-02 14:09:49 [restartedMain] INFO  o.s.b.w.e.tomcat.TomcatWebServer - Tomcat initialized with port 8080 (http)
2025-05-02 14:09:49 [restartedMain] INFO  o.a.coyote.http11.Http11NioProtocol - Initializing ProtocolHandler ["http-nio-8080"]
2025-05-02 14:09:49 [restartedMain] INFO  o.a.catalina.core.StandardService - Starting service [Tomcat]
2025-05-02 14:09:49 [restartedMain] INFO  o.a.catalina.core.StandardEngine - Starting Servlet engine: [Apache Tomcat/10.1.28]
2025-05-02 14:09:49 [restartedMain] INFO  o.a.c.c.C.[Tomcat].[localhost].[/] - Initializing Spring embedded WebApplicationContext
2025-05-02 14:09:49 [restartedMain] INFO  o.s.b.w.s.c.ServletWebServerApplicationContext - Root WebApplicationContext: initialization completed in 374 ms
2025-05-02 14:09:49 [restartedMain] INFO  com.zaxxer.hikari.HikariDataSource - HikariPool-35 - Starting...
2025-05-02 14:09:49 [restartedMain] INFO  com.zaxxer.hikari.pool.HikariPool - HikariPool-35 - Added connection com.mysql.cj.jdbc.ConnectionImpl@6f835f0
2025-05-02 14:09:49 [restartedMain] INFO  com.zaxxer.hikari.HikariDataSource - HikariPool-35 - Start completed.
2025-05-02 14:09:49 [restartedMain] INFO  o.s.b.a.h.H2ConsoleAutoConfiguration - H2 console available at '/h2-console'. Database available at 'jdbc:mysql://localhost:3306/stock_mng'
2025-05-02 14:09:49 [restartedMain] INFO  o.s.o.j.p.SpringPersistenceUnitInfo - No LoadTimeWeaver setup: ignoring JPA class transformer
2025-05-02 14:09:49 [restartedMain] INFO  o.s.o.j.LocalContainerEntityManagerFactoryBean - Initialized JPA EntityManagerFactory for persistence unit 'default'
2025-05-02 14:09:50 [restartedMain] WARN  o.s.b.a.o.j.JpaBaseConfiguration$JpaWebConfiguration - spring.jpa.open-in-view is enabled by default. Therefore, database queries may be performed during view rendering. Explicitly configure spring.jpa.open-in-view to disable this warning
2025-05-02 14:09:50 [restartedMain] WARN  o.s.b.a.s.s.UserDetailsServiceAutoConfiguration - 

Using generated security password: bae85bb5-f983-4ea6-90e4-8f1fe7be1218

This generated password is for development use only. Your security configuration must be updated before running your application in production.

2025-05-02 14:09:50 [restartedMain] INFO  o.s.s.web.DefaultSecurityFilterChain - Will secure any request with [org.springframework.security.web.session.DisableEncodeUrlFilter@40751cd1, org.springframework.security.web.context.request.async.WebAsyncManagerIntegrationFilter@3dbbf35b, org.springframework.security.web.context.SecurityContextHolderFilter@2a9e3de8, org.springframework.security.web.header.HeaderWriterFilter@2e8037fd, org.springframework.security.web.csrf.CsrfFilter@5bc3f06c, org.springframework.security.web.authentication.logout.LogoutFilter@2cbb5637, org.springframework.security.web.authentication.UsernamePasswordAuthenticationFilter@15da4b27, org.springframework.security.web.savedrequest.RequestCacheAwareFilter@6e1af847, org.springframework.security.web.servletapi.SecurityContextHolderAwareRequestFilter@5801af72, org.springframework.security.web.authentication.AnonymousAuthenticationFilter@4b470035, org.springframework.security.web.access.ExceptionTranslationFilter@1955ff01]
2025-05-02 14:09:50 [restartedMain] INFO  o.s.b.d.a.OptionalLiveReloadServer - LiveReload server is running on port 35729
2025-05-02 14:09:50 [restartedMain] INFO  o.a.coyote.http11.Http11NioProtocol - Starting ProtocolHandler ["http-nio-8080"]
2025-05-02 14:09:50 [restartedMain] INFO  o.s.b.w.e.tomcat.TomcatWebServer - Tomcat started on port 8080 (http) with context path ''
2025-05-02 14:09:50 [restartedMain] INFO  c.d.w.DroneInventorySystemApplication - Started DroneInventorySystemApplication in 0.856 seconds (process running for 5498.108)
2025-05-02 14:09:50 [restartedMain] INFO  o.s.b.d.a.ConditionEvaluationDeltaLoggingListener - Condition evaluation unchanged
2025-05-02 14:10:16 [File Watcher] INFO  o.s.b.d.a.LocalDevToolsAutoConfiguration$RestartingClassPathChangeChangedEventListener - Restarting due to 1 class path change (0 additions, 0 deletions, 1 modification)
2025-05-02 14:10:16 [Thread-139] INFO  o.a.coyote.http11.Http11NioProtocol - Stopping ProtocolHandler ["http-nio-8080"]
2025-05-02 14:10:16 [Thread-139] INFO  o.s.o.j.LocalContainerEntityManagerFactoryBean - Closing JPA EntityManagerFactory for persistence unit 'default'
2025-05-02 14:10:16 [Thread-139] INFO  com.zaxxer.hikari.HikariDataSource - HikariPool-35 - Shutdown initiated...
2025-05-02 14:10:16 [Thread-139] INFO  com.zaxxer.hikari.HikariDataSource - HikariPool-35 - Shutdown completed.
2025-05-02 14:10:16 [restartedMain] INFO  c.d.w.DroneInventorySystemApplication - Starting DroneInventorySystemApplication using Java 17.0.10 with PID 773 (/Users/KurokiKazuma/Workspace/Digital-OJT/DroneInventorySystem/target/classes started by KurokiKazuma in /Users/KurokiKazuma/Workspace/Digital-OJT/DroneInventorySystem)
2025-05-02 14:10:16 [restartedMain] INFO  c.d.w.DroneInventorySystemApplication - The following 1 profile is active: "develop"
2025-05-02 14:10:16 [restartedMain] INFO  o.s.d.r.c.RepositoryConfigurationDelegate - Bootstrapping Spring Data JPA repositories in DEFAULT mode.
2025-05-02 14:10:16 [restartedMain] INFO  o.s.d.r.c.RepositoryConfigurationDelegate - Finished Spring Data repository scanning in 13 ms. Found 4 JPA repository interfaces.
2025-05-02 14:10:16 [restartedMain] INFO  o.s.b.w.e.tomcat.TomcatWebServer - Tomcat initialized with port 8080 (http)
2025-05-02 14:10:16 [restartedMain] INFO  o.a.coyote.http11.Http11NioProtocol - Initializing ProtocolHandler ["http-nio-8080"]
2025-05-02 14:10:16 [restartedMain] INFO  o.a.catalina.core.StandardService - Starting service [Tomcat]
2025-05-02 14:10:16 [restartedMain] INFO  o.a.catalina.core.StandardEngine - Starting Servlet engine: [Apache Tomcat/10.1.28]
2025-05-02 14:10:16 [restartedMain] INFO  o.a.c.c.C.[Tomcat].[localhost].[/] - Initializing Spring embedded WebApplicationContext
2025-05-02 14:10:16 [restartedMain] INFO  o.s.b.w.s.c.ServletWebServerApplicationContext - Root WebApplicationContext: initialization completed in 373 ms
2025-05-02 14:10:16 [restartedMain] INFO  com.zaxxer.hikari.HikariDataSource - HikariPool-36 - Starting...
2025-05-02 14:10:16 [restartedMain] INFO  com.zaxxer.hikari.pool.HikariPool - HikariPool-36 - Added connection com.mysql.cj.jdbc.ConnectionImpl@f98798c
2025-05-02 14:10:16 [restartedMain] INFO  com.zaxxer.hikari.HikariDataSource - HikariPool-36 - Start completed.
2025-05-02 14:10:16 [restartedMain] INFO  o.s.b.a.h.H2ConsoleAutoConfiguration - H2 console available at '/h2-console'. Database available at 'jdbc:mysql://localhost:3306/stock_mng'
2025-05-02 14:10:16 [restartedMain] INFO  o.s.o.j.p.SpringPersistenceUnitInfo - No LoadTimeWeaver setup: ignoring JPA class transformer
2025-05-02 14:10:16 [restartedMain] INFO  o.s.o.j.LocalContainerEntityManagerFactoryBean - Initialized JPA EntityManagerFactory for persistence unit 'default'
2025-05-02 14:10:16 [restartedMain] WARN  o.s.b.a.o.j.JpaBaseConfiguration$JpaWebConfiguration - spring.jpa.open-in-view is enabled by default. Therefore, database queries may be performed during view rendering. Explicitly configure spring.jpa.open-in-view to disable this warning
2025-05-02 14:10:16 [restartedMain] WARN  o.s.b.a.s.s.UserDetailsServiceAutoConfiguration - 

Using generated security password: 09179cd5-a1bf-4b48-9b10-d24a42ab40fe

This generated password is for development use only. Your security configuration must be updated before running your application in production.

2025-05-02 14:10:16 [restartedMain] INFO  o.s.s.web.DefaultSecurityFilterChain - Will secure any request with [org.springframework.security.web.session.DisableEncodeUrlFilter@1fafc3cc, org.springframework.security.web.context.request.async.WebAsyncManagerIntegrationFilter@12acb0ee, org.springframework.security.web.context.SecurityContextHolderFilter@133f3507, org.springframework.security.web.header.HeaderWriterFilter@7ab22785, org.springframework.security.web.csrf.CsrfFilter@2b79de19, org.springframework.security.web.authentication.logout.LogoutFilter@3ec6b634, org.springframework.security.web.authentication.UsernamePasswordAuthenticationFilter@55bd7153, org.springframework.security.web.savedrequest.RequestCacheAwareFilter@7653a86f, org.springframework.security.web.servletapi.SecurityContextHolderAwareRequestFilter@3f5ea0c8, org.springframework.security.web.authentication.AnonymousAuthenticationFilter@19d0d399, org.springframework.security.web.access.ExceptionTranslationFilter@6415aa3f]
2025-05-02 14:10:17 [restartedMain] INFO  o.s.b.d.a.OptionalLiveReloadServer - LiveReload server is running on port 35729
2025-05-02 14:10:17 [restartedMain] INFO  o.a.coyote.http11.Http11NioProtocol - Starting ProtocolHandler ["http-nio-8080"]
2025-05-02 14:10:17 [restartedMain] INFO  o.s.b.w.e.tomcat.TomcatWebServer - Tomcat started on port 8080 (http) with context path ''
2025-05-02 14:10:17 [restartedMain] INFO  c.d.w.DroneInventorySystemApplication - Started DroneInventorySystemApplication in 0.895 seconds (process running for 5524.892)
2025-05-02 14:10:17 [restartedMain] INFO  o.s.b.d.a.ConditionEvaluationDeltaLoggingListener - Condition evaluation unchanged
2025-05-02 14:11:01 [File Watcher] INFO  o.s.b.d.a.LocalDevToolsAutoConfiguration$RestartingClassPathChangeChangedEventListener - Restarting due to 1 class path change (0 additions, 0 deletions, 1 modification)
2025-05-02 14:11:01 [Thread-143] INFO  o.a.coyote.http11.Http11NioProtocol - Stopping ProtocolHandler ["http-nio-8080"]
2025-05-02 14:11:01 [Thread-143] INFO  o.s.o.j.LocalContainerEntityManagerFactoryBean - Closing JPA EntityManagerFactory for persistence unit 'default'
2025-05-02 14:11:01 [Thread-143] INFO  com.zaxxer.hikari.HikariDataSource - HikariPool-36 - Shutdown initiated...
2025-05-02 14:11:01 [Thread-143] INFO  com.zaxxer.hikari.HikariDataSource - HikariPool-36 - Shutdown completed.
2025-05-02 14:11:01 [restartedMain] INFO  c.d.w.DroneInventorySystemApplication - Starting DroneInventorySystemApplication using Java 17.0.10 with PID 773 (/Users/KurokiKazuma/Workspace/Digital-OJT/DroneInventorySystem/target/classes started by KurokiKazuma in /Users/KurokiKazuma/Workspace/Digital-OJT/DroneInventorySystem)
2025-05-02 14:11:01 [restartedMain] INFO  c.d.w.DroneInventorySystemApplication - The following 1 profile is active: "develop"
2025-05-02 14:11:01 [restartedMain] INFO  o.s.d.r.c.RepositoryConfigurationDelegate - Bootstrapping Spring Data JPA repositories in DEFAULT mode.
2025-05-02 14:11:01 [restartedMain] INFO  o.s.d.r.c.RepositoryConfigurationDelegate - Finished Spring Data repository scanning in 13 ms. Found 4 JPA repository interfaces.
2025-05-02 14:11:01 [restartedMain] INFO  o.s.b.w.e.tomcat.TomcatWebServer - Tomcat initialized with port 8080 (http)
2025-05-02 14:11:01 [restartedMain] INFO  o.a.coyote.http11.Http11NioProtocol - Initializing ProtocolHandler ["http-nio-8080"]
2025-05-02 14:11:01 [restartedMain] INFO  o.a.catalina.core.StandardService - Starting service [Tomcat]
2025-05-02 14:11:01 [restartedMain] INFO  o.a.catalina.core.StandardEngine - Starting Servlet engine: [Apache Tomcat/10.1.28]
2025-05-02 14:11:01 [restartedMain] INFO  o.a.c.c.C.[Tomcat].[localhost].[/] - Initializing Spring embedded WebApplicationContext
2025-05-02 14:11:01 [restartedMain] INFO  o.s.b.w.s.c.ServletWebServerApplicationContext - Root WebApplicationContext: initialization completed in 344 ms
2025-05-02 14:11:01 [restartedMain] INFO  com.zaxxer.hikari.HikariDataSource - HikariPool-37 - Starting...
2025-05-02 14:11:01 [restartedMain] INFO  com.zaxxer.hikari.pool.HikariPool - HikariPool-37 - Added connection com.mysql.cj.jdbc.ConnectionImpl@1cbaef56
2025-05-02 14:11:01 [restartedMain] INFO  com.zaxxer.hikari.HikariDataSource - HikariPool-37 - Start completed.
2025-05-02 14:11:01 [restartedMain] INFO  o.s.b.a.h.H2ConsoleAutoConfiguration - H2 console available at '/h2-console'. Database available at 'jdbc:mysql://localhost:3306/stock_mng'
2025-05-02 14:11:01 [restartedMain] INFO  o.s.o.j.p.SpringPersistenceUnitInfo - No LoadTimeWeaver setup: ignoring JPA class transformer
2025-05-02 14:11:01 [restartedMain] INFO  o.s.o.j.LocalContainerEntityManagerFactoryBean - Initialized JPA EntityManagerFactory for persistence unit 'default'
2025-05-02 14:11:01 [restartedMain] WARN  o.s.b.a.o.j.JpaBaseConfiguration$JpaWebConfiguration - spring.jpa.open-in-view is enabled by default. Therefore, database queries may be performed during view rendering. Explicitly configure spring.jpa.open-in-view to disable this warning
2025-05-02 14:11:01 [restartedMain] WARN  o.s.b.a.s.s.UserDetailsServiceAutoConfiguration - 

Using generated security password: 687f6a5c-946b-489d-b02e-a7e14c231f13

This generated password is for development use only. Your security configuration must be updated before running your application in production.

2025-05-02 14:11:01 [restartedMain] INFO  o.s.s.web.DefaultSecurityFilterChain - Will secure any request with [org.springframework.security.web.session.DisableEncodeUrlFilter@58d5cdec, org.springframework.security.web.context.request.async.WebAsyncManagerIntegrationFilter@7cc7dd0e, org.springframework.security.web.context.SecurityContextHolderFilter@1921fed9, org.springframework.security.web.header.HeaderWriterFilter@10d87df8, org.springframework.security.web.csrf.CsrfFilter@6d0c937, org.springframework.security.web.authentication.logout.LogoutFilter@52ddec29, org.springframework.security.web.authentication.UsernamePasswordAuthenticationFilter@b113e14, org.springframework.security.web.savedrequest.RequestCacheAwareFilter@193805bb, org.springframework.security.web.servletapi.SecurityContextHolderAwareRequestFilter@17789dff, org.springframework.security.web.authentication.AnonymousAuthenticationFilter@4146da1b, org.springframework.security.web.access.ExceptionTranslationFilter@31e7e536]
2025-05-02 14:11:02 [restartedMain] INFO  o.s.b.d.a.OptionalLiveReloadServer - LiveReload server is running on port 35729
2025-05-02 14:11:02 [restartedMain] INFO  o.a.coyote.http11.Http11NioProtocol - Starting ProtocolHandler ["http-nio-8080"]
2025-05-02 14:11:02 [restartedMain] INFO  o.s.b.w.e.tomcat.TomcatWebServer - Tomcat started on port 8080 (http) with context path ''
2025-05-02 14:11:02 [restartedMain] INFO  c.d.w.DroneInventorySystemApplication - Started DroneInventorySystemApplication in 0.847 seconds (process running for 5569.902)
2025-05-02 14:11:02 [restartedMain] INFO  o.s.b.d.a.ConditionEvaluationDeltaLoggingListener - Condition evaluation unchanged
2025-05-02 14:11:14 [File Watcher] INFO  o.s.b.d.a.LocalDevToolsAutoConfiguration$RestartingClassPathChangeChangedEventListener - Restarting due to 1 class path change (0 additions, 0 deletions, 1 modification)
2025-05-02 14:11:14 [Thread-147] INFO  o.a.coyote.http11.Http11NioProtocol - Stopping ProtocolHandler ["http-nio-8080"]
2025-05-02 14:11:14 [Thread-147] INFO  o.s.o.j.LocalContainerEntityManagerFactoryBean - Closing JPA EntityManagerFactory for persistence unit 'default'
2025-05-02 14:11:14 [Thread-147] INFO  com.zaxxer.hikari.HikariDataSource - HikariPool-37 - Shutdown initiated...
2025-05-02 14:11:14 [Thread-147] INFO  com.zaxxer.hikari.HikariDataSource - HikariPool-37 - Shutdown completed.
2025-05-02 14:11:14 [restartedMain] INFO  c.d.w.DroneInventorySystemApplication - Starting DroneInventorySystemApplication using Java 17.0.10 with PID 773 (/Users/KurokiKazuma/Workspace/Digital-OJT/DroneInventorySystem/target/classes started by KurokiKazuma in /Users/KurokiKazuma/Workspace/Digital-OJT/DroneInventorySystem)
2025-05-02 14:11:14 [restartedMain] INFO  c.d.w.DroneInventorySystemApplication - The following 1 profile is active: "develop"
2025-05-02 14:11:14 [restartedMain] INFO  o.s.d.r.c.RepositoryConfigurationDelegate - Bootstrapping Spring Data JPA repositories in DEFAULT mode.
2025-05-02 14:11:14 [restartedMain] INFO  o.s.d.r.c.RepositoryConfigurationDelegate - Finished Spring Data repository scanning in 14 ms. Found 4 JPA repository interfaces.
2025-05-02 14:11:15 [restartedMain] INFO  o.s.b.w.e.tomcat.TomcatWebServer - Tomcat initialized with port 8080 (http)
2025-05-02 14:11:15 [restartedMain] INFO  o.a.coyote.http11.Http11NioProtocol - Initializing ProtocolHandler ["http-nio-8080"]
2025-05-02 14:11:15 [restartedMain] INFO  o.a.catalina.core.StandardService - Starting service [Tomcat]
2025-05-02 14:11:15 [restartedMain] INFO  o.a.catalina.core.StandardEngine - Starting Servlet engine: [Apache Tomcat/10.1.28]
2025-05-02 14:11:15 [restartedMain] INFO  o.a.c.c.C.[Tomcat].[localhost].[/] - Initializing Spring embedded WebApplicationContext
2025-05-02 14:11:15 [restartedMain] INFO  o.s.b.w.s.c.ServletWebServerApplicationContext - Root WebApplicationContext: initialization completed in 290 ms
2025-05-02 14:11:15 [restartedMain] INFO  com.zaxxer.hikari.HikariDataSource - HikariPool-38 - Starting...
2025-05-02 14:11:15 [restartedMain] INFO  com.zaxxer.hikari.pool.HikariPool - HikariPool-38 - Added connection com.mysql.cj.jdbc.ConnectionImpl@31df6253
2025-05-02 14:11:15 [restartedMain] INFO  com.zaxxer.hikari.HikariDataSource - HikariPool-38 - Start completed.
2025-05-02 14:11:15 [restartedMain] INFO  o.s.b.a.h.H2ConsoleAutoConfiguration - H2 console available at '/h2-console'. Database available at 'jdbc:mysql://localhost:3306/stock_mng'
2025-05-02 14:11:15 [restartedMain] INFO  o.s.o.j.p.SpringPersistenceUnitInfo - No LoadTimeWeaver setup: ignoring JPA class transformer
2025-05-02 14:11:15 [restartedMain] INFO  o.s.o.j.LocalContainerEntityManagerFactoryBean - Initialized JPA EntityManagerFactory for persistence unit 'default'
2025-05-02 14:11:15 [restartedMain] WARN  o.s.b.a.o.j.JpaBaseConfiguration$JpaWebConfiguration - spring.jpa.open-in-view is enabled by default. Therefore, database queries may be performed during view rendering. Explicitly configure spring.jpa.open-in-view to disable this warning
2025-05-02 14:11:15 [restartedMain] WARN  o.s.b.a.s.s.UserDetailsServiceAutoConfiguration - 

Using generated security password: e2ab3881-e5ab-4cc4-81b9-1f961b223c55

This generated password is for development use only. Your security configuration must be updated before running your application in production.

2025-05-02 14:11:15 [restartedMain] INFO  o.s.s.web.DefaultSecurityFilterChain - Will secure any request with [org.springframework.security.web.session.DisableEncodeUrlFilter@6ea2accc, org.springframework.security.web.context.request.async.WebAsyncManagerIntegrationFilter@2faca722, org.springframework.security.web.context.SecurityContextHolderFilter@5118b979, org.springframework.security.web.header.HeaderWriterFilter@a5b45a, org.springframework.security.web.csrf.CsrfFilter@7e38ce39, org.springframework.security.web.authentication.logout.LogoutFilter@7783ef03, org.springframework.security.web.authentication.UsernamePasswordAuthenticationFilter@512faf52, org.springframework.security.web.savedrequest.RequestCacheAwareFilter@69e9ec65, org.springframework.security.web.servletapi.SecurityContextHolderAwareRequestFilter@4eee3b80, org.springframework.security.web.authentication.AnonymousAuthenticationFilter@473fbe23, org.springframework.security.web.access.ExceptionTranslationFilter@cf56aa2]
2025-05-02 14:11:15 [restartedMain] INFO  o.s.b.d.a.OptionalLiveReloadServer - LiveReload server is running on port 35729
2025-05-02 14:11:15 [restartedMain] INFO  o.a.coyote.http11.Http11NioProtocol - Starting ProtocolHandler ["http-nio-8080"]
2025-05-02 14:11:15 [restartedMain] INFO  o.s.b.w.e.tomcat.TomcatWebServer - Tomcat started on port 8080 (http) with context path ''
2025-05-02 14:11:15 [restartedMain] INFO  c.d.w.DroneInventorySystemApplication - Started DroneInventorySystemApplication in 0.802 seconds (process running for 5583.373)
2025-05-02 14:11:15 [restartedMain] INFO  o.s.b.d.a.ConditionEvaluationDeltaLoggingListener - Condition evaluation unchanged
2025-05-02 14:11:31 [File Watcher] INFO  o.s.b.d.a.LocalDevToolsAutoConfiguration$RestartingClassPathChangeChangedEventListener - Restarting due to 1 class path change (0 additions, 0 deletions, 1 modification)
2025-05-02 14:11:31 [Thread-151] INFO  o.a.coyote.http11.Http11NioProtocol - Stopping ProtocolHandler ["http-nio-8080"]
2025-05-02 14:11:31 [Thread-151] INFO  o.s.o.j.LocalContainerEntityManagerFactoryBean - Closing JPA EntityManagerFactory for persistence unit 'default'
2025-05-02 14:11:31 [Thread-151] INFO  com.zaxxer.hikari.HikariDataSource - HikariPool-38 - Shutdown initiated...
2025-05-02 14:11:31 [Thread-151] INFO  com.zaxxer.hikari.HikariDataSource - HikariPool-38 - Shutdown completed.
2025-05-02 14:11:31 [restartedMain] INFO  c.d.w.DroneInventorySystemApplication - Starting DroneInventorySystemApplication using Java 17.0.10 with PID 773 (/Users/KurokiKazuma/Workspace/Digital-OJT/DroneInventorySystem/target/classes started by KurokiKazuma in /Users/KurokiKazuma/Workspace/Digital-OJT/DroneInventorySystem)
2025-05-02 14:11:31 [restartedMain] INFO  c.d.w.DroneInventorySystemApplication - The following 1 profile is active: "develop"
2025-05-02 14:11:31 [restartedMain] INFO  o.s.d.r.c.RepositoryConfigurationDelegate - Bootstrapping Spring Data JPA repositories in DEFAULT mode.
2025-05-02 14:11:31 [restartedMain] INFO  o.s.d.r.c.RepositoryConfigurationDelegate - Finished Spring Data repository scanning in 14 ms. Found 4 JPA repository interfaces.
2025-05-02 14:11:31 [restartedMain] INFO  o.s.b.w.e.tomcat.TomcatWebServer - Tomcat initialized with port 8080 (http)
2025-05-02 14:11:31 [restartedMain] INFO  o.a.coyote.http11.Http11NioProtocol - Initializing ProtocolHandler ["http-nio-8080"]
2025-05-02 14:11:31 [restartedMain] INFO  o.a.catalina.core.StandardService - Starting service [Tomcat]
2025-05-02 14:11:31 [restartedMain] INFO  o.a.catalina.core.StandardEngine - Starting Servlet engine: [Apache Tomcat/10.1.28]
2025-05-02 14:11:31 [restartedMain] INFO  o.a.c.c.C.[Tomcat].[localhost].[/] - Initializing Spring embedded WebApplicationContext
2025-05-02 14:11:31 [restartedMain] INFO  o.s.b.w.s.c.ServletWebServerApplicationContext - Root WebApplicationContext: initialization completed in 304 ms
2025-05-02 14:11:31 [restartedMain] INFO  com.zaxxer.hikari.HikariDataSource - HikariPool-39 - Starting...
2025-05-02 14:11:31 [restartedMain] INFO  com.zaxxer.hikari.pool.HikariPool - HikariPool-39 - Added connection com.mysql.cj.jdbc.ConnectionImpl@1baf182b
2025-05-02 14:11:31 [restartedMain] INFO  com.zaxxer.hikari.HikariDataSource - HikariPool-39 - Start completed.
2025-05-02 14:11:31 [restartedMain] INFO  o.s.b.a.h.H2ConsoleAutoConfiguration - H2 console available at '/h2-console'. Database available at 'jdbc:mysql://localhost:3306/stock_mng'
2025-05-02 14:11:31 [restartedMain] INFO  o.s.o.j.p.SpringPersistenceUnitInfo - No LoadTimeWeaver setup: ignoring JPA class transformer
2025-05-02 14:11:31 [restartedMain] INFO  o.s.o.j.LocalContainerEntityManagerFactoryBean - Initialized JPA EntityManagerFactory for persistence unit 'default'
2025-05-02 14:11:31 [restartedMain] WARN  o.s.b.a.o.j.JpaBaseConfiguration$JpaWebConfiguration - spring.jpa.open-in-view is enabled by default. Therefore, database queries may be performed during view rendering. Explicitly configure spring.jpa.open-in-view to disable this warning
2025-05-02 14:11:31 [restartedMain] WARN  o.s.b.a.s.s.UserDetailsServiceAutoConfiguration - 

Using generated security password: 54c7b349-957b-4555-a3c9-06128e2e0b37

This generated password is for development use only. Your security configuration must be updated before running your application in production.

2025-05-02 14:11:32 [restartedMain] INFO  o.s.s.web.DefaultSecurityFilterChain - Will secure any request with [org.springframework.security.web.session.DisableEncodeUrlFilter@246d600e, org.springframework.security.web.context.request.async.WebAsyncManagerIntegrationFilter@475e6bfa, org.springframework.security.web.context.SecurityContextHolderFilter@1fc231de, org.springframework.security.web.header.HeaderWriterFilter@4a8a469f, org.springframework.security.web.csrf.CsrfFilter@6d08dfd6, org.springframework.security.web.authentication.logout.LogoutFilter@266be73c, org.springframework.security.web.authentication.UsernamePasswordAuthenticationFilter@6fe1733d, org.springframework.security.web.savedrequest.RequestCacheAwareFilter@349fab9f, org.springframework.security.web.servletapi.SecurityContextHolderAwareRequestFilter@308f6916, org.springframework.security.web.authentication.AnonymousAuthenticationFilter@3e75362a, org.springframework.security.web.access.ExceptionTranslationFilter@3016905a]
2025-05-02 14:11:32 [restartedMain] INFO  o.s.b.d.a.OptionalLiveReloadServer - LiveReload server is running on port 35729
2025-05-02 14:11:32 [restartedMain] INFO  o.a.coyote.http11.Http11NioProtocol - Starting ProtocolHandler ["http-nio-8080"]
2025-05-02 14:11:32 [restartedMain] INFO  o.s.b.w.e.tomcat.TomcatWebServer - Tomcat started on port 8080 (http) with context path ''
2025-05-02 14:11:32 [restartedMain] INFO  c.d.w.DroneInventorySystemApplication - Started DroneInventorySystemApplication in 0.841 seconds (process running for 5599.971)
2025-05-02 14:11:32 [restartedMain] INFO  o.s.b.d.a.ConditionEvaluationDeltaLoggingListener - Condition evaluation unchanged
2025-05-02 14:11:40 [File Watcher] INFO  o.s.b.d.a.LocalDevToolsAutoConfiguration$RestartingClassPathChangeChangedEventListener - Restarting due to 1 class path change (0 additions, 0 deletions, 1 modification)
2025-05-02 14:11:40 [Thread-155] INFO  o.a.coyote.http11.Http11NioProtocol - Stopping ProtocolHandler ["http-nio-8080"]
2025-05-02 14:11:40 [Thread-155] INFO  o.s.o.j.LocalContainerEntityManagerFactoryBean - Closing JPA EntityManagerFactory for persistence unit 'default'
2025-05-02 14:11:40 [Thread-155] INFO  com.zaxxer.hikari.HikariDataSource - HikariPool-39 - Shutdown initiated...
2025-05-02 14:11:40 [Thread-155] INFO  com.zaxxer.hikari.HikariDataSource - HikariPool-39 - Shutdown completed.
2025-05-02 14:11:40 [restartedMain] INFO  c.d.w.DroneInventorySystemApplication - Starting DroneInventorySystemApplication using Java 17.0.10 with PID 773 (/Users/KurokiKazuma/Workspace/Digital-OJT/DroneInventorySystem/target/classes started by KurokiKazuma in /Users/KurokiKazuma/Workspace/Digital-OJT/DroneInventorySystem)
2025-05-02 14:11:40 [restartedMain] INFO  c.d.w.DroneInventorySystemApplication - The following 1 profile is active: "develop"
2025-05-02 14:11:40 [restartedMain] INFO  o.s.d.r.c.RepositoryConfigurationDelegate - Bootstrapping Spring Data JPA repositories in DEFAULT mode.
2025-05-02 14:11:40 [restartedMain] INFO  o.s.d.r.c.RepositoryConfigurationDelegate - Finished Spring Data repository scanning in 15 ms. Found 4 JPA repository interfaces.
2025-05-02 14:11:41 [restartedMain] INFO  o.s.b.w.e.tomcat.TomcatWebServer - Tomcat initialized with port 8080 (http)
2025-05-02 14:11:41 [restartedMain] INFO  o.a.coyote.http11.Http11NioProtocol - Initializing ProtocolHandler ["http-nio-8080"]
2025-05-02 14:11:41 [restartedMain] INFO  o.a.catalina.core.StandardService - Starting service [Tomcat]
2025-05-02 14:11:41 [restartedMain] INFO  o.a.catalina.core.StandardEngine - Starting Servlet engine: [Apache Tomcat/10.1.28]
2025-05-02 14:11:41 [restartedMain] INFO  o.a.c.c.C.[Tomcat].[localhost].[/] - Initializing Spring embedded WebApplicationContext
2025-05-02 14:11:41 [restartedMain] INFO  o.s.b.w.s.c.ServletWebServerApplicationContext - Root WebApplicationContext: initialization completed in 352 ms
2025-05-02 14:11:41 [restartedMain] INFO  com.zaxxer.hikari.HikariDataSource - HikariPool-40 - Starting...
2025-05-02 14:11:41 [restartedMain] INFO  com.zaxxer.hikari.pool.HikariPool - HikariPool-40 - Added connection com.mysql.cj.jdbc.ConnectionImpl@6d13f4f8
2025-05-02 14:11:41 [restartedMain] INFO  com.zaxxer.hikari.HikariDataSource - HikariPool-40 - Start completed.
2025-05-02 14:11:41 [restartedMain] INFO  o.s.b.a.h.H2ConsoleAutoConfiguration - H2 console available at '/h2-console'. Database available at 'jdbc:mysql://localhost:3306/stock_mng'
2025-05-02 14:11:41 [restartedMain] INFO  o.s.o.j.p.SpringPersistenceUnitInfo - No LoadTimeWeaver setup: ignoring JPA class transformer
2025-05-02 14:11:41 [restartedMain] INFO  o.s.o.j.LocalContainerEntityManagerFactoryBean - Initialized JPA EntityManagerFactory for persistence unit 'default'
2025-05-02 14:11:41 [restartedMain] WARN  o.s.b.a.o.j.JpaBaseConfiguration$JpaWebConfiguration - spring.jpa.open-in-view is enabled by default. Therefore, database queries may be performed during view rendering. Explicitly configure spring.jpa.open-in-view to disable this warning
2025-05-02 14:11:41 [restartedMain] WARN  o.s.b.a.s.s.UserDetailsServiceAutoConfiguration - 

Using generated security password: 65682781-bd3a-40a5-8166-73f2b39b5eae

This generated password is for development use only. Your security configuration must be updated before running your application in production.

2025-05-02 14:11:41 [restartedMain] INFO  o.s.s.web.DefaultSecurityFilterChain - Will secure any request with [org.springframework.security.web.session.DisableEncodeUrlFilter@6ff68ed3, org.springframework.security.web.context.request.async.WebAsyncManagerIntegrationFilter@3d7bec9e, org.springframework.security.web.context.SecurityContextHolderFilter@37e9e845, org.springframework.security.web.header.HeaderWriterFilter@640ab533, org.springframework.security.web.csrf.CsrfFilter@150ab28a, org.springframework.security.web.authentication.logout.LogoutFilter@534c46f5, org.springframework.security.web.authentication.UsernamePasswordAuthenticationFilter@1826ef4e, org.springframework.security.web.savedrequest.RequestCacheAwareFilter@77b782d0, org.springframework.security.web.servletapi.SecurityContextHolderAwareRequestFilter@1a0db54c, org.springframework.security.web.authentication.AnonymousAuthenticationFilter@c316e2a, org.springframework.security.web.access.ExceptionTranslationFilter@73a3ce84]
2025-05-02 14:11:41 [restartedMain] INFO  o.s.b.d.a.OptionalLiveReloadServer - LiveReload server is running on port 35729
2025-05-02 14:11:41 [restartedMain] INFO  o.a.coyote.http11.Http11NioProtocol - Starting ProtocolHandler ["http-nio-8080"]
2025-05-02 14:11:41 [restartedMain] INFO  o.s.b.w.e.tomcat.TomcatWebServer - Tomcat started on port 8080 (http) with context path ''
2025-05-02 14:11:41 [restartedMain] INFO  c.d.w.DroneInventorySystemApplication - Started DroneInventorySystemApplication in 0.921 seconds (process running for 5609.508)
2025-05-02 14:11:41 [restartedMain] INFO  o.s.b.d.a.ConditionEvaluationDeltaLoggingListener - Condition evaluation unchanged
2025-05-02 14:13:24 [File Watcher] INFO  o.s.b.d.a.LocalDevToolsAutoConfiguration$RestartingClassPathChangeChangedEventListener - Restarting due to 1 class path change (0 additions, 0 deletions, 1 modification)
2025-05-02 14:13:24 [Thread-159] INFO  o.a.coyote.http11.Http11NioProtocol - Stopping ProtocolHandler ["http-nio-8080"]
2025-05-02 14:13:24 [Thread-159] INFO  o.s.o.j.LocalContainerEntityManagerFactoryBean - Closing JPA EntityManagerFactory for persistence unit 'default'
2025-05-02 14:13:24 [Thread-159] INFO  com.zaxxer.hikari.HikariDataSource - HikariPool-40 - Shutdown initiated...
2025-05-02 14:13:24 [Thread-159] INFO  com.zaxxer.hikari.HikariDataSource - HikariPool-40 - Shutdown completed.
2025-05-02 14:13:24 [restartedMain] INFO  c.d.w.DroneInventorySystemApplication - Starting DroneInventorySystemApplication using Java 17.0.10 with PID 773 (/Users/KurokiKazuma/Workspace/Digital-OJT/DroneInventorySystem/target/classes started by KurokiKazuma in /Users/KurokiKazuma/Workspace/Digital-OJT/DroneInventorySystem)
2025-05-02 14:13:24 [restartedMain] INFO  c.d.w.DroneInventorySystemApplication - The following 1 profile is active: "develop"
2025-05-02 14:13:25 [restartedMain] INFO  o.s.d.r.c.RepositoryConfigurationDelegate - Bootstrapping Spring Data JPA repositories in DEFAULT mode.
2025-05-02 14:13:25 [restartedMain] INFO  o.s.d.r.c.RepositoryConfigurationDelegate - Finished Spring Data repository scanning in 14 ms. Found 4 JPA repository interfaces.
2025-05-02 14:13:25 [restartedMain] INFO  o.s.b.w.e.tomcat.TomcatWebServer - Tomcat initialized with port 8080 (http)
2025-05-02 14:13:25 [restartedMain] INFO  o.a.coyote.http11.Http11NioProtocol - Initializing ProtocolHandler ["http-nio-8080"]
2025-05-02 14:13:25 [restartedMain] INFO  o.a.catalina.core.StandardService - Starting service [Tomcat]
2025-05-02 14:13:25 [restartedMain] INFO  o.a.catalina.core.StandardEngine - Starting Servlet engine: [Apache Tomcat/10.1.28]
2025-05-02 14:13:25 [restartedMain] INFO  o.a.c.c.C.[Tomcat].[localhost].[/] - Initializing Spring embedded WebApplicationContext
2025-05-02 14:13:25 [restartedMain] INFO  o.s.b.w.s.c.ServletWebServerApplicationContext - Root WebApplicationContext: initialization completed in 415 ms
2025-05-02 14:13:25 [restartedMain] INFO  com.zaxxer.hikari.HikariDataSource - HikariPool-41 - Starting...
2025-05-02 14:13:25 [restartedMain] INFO  com.zaxxer.hikari.pool.HikariPool - HikariPool-41 - Added connection com.mysql.cj.jdbc.ConnectionImpl@2edfed45
2025-05-02 14:13:25 [restartedMain] INFO  com.zaxxer.hikari.HikariDataSource - HikariPool-41 - Start completed.
2025-05-02 14:13:25 [restartedMain] INFO  o.s.b.a.h.H2ConsoleAutoConfiguration - H2 console available at '/h2-console'. Database available at 'jdbc:mysql://localhost:3306/stock_mng'
2025-05-02 14:13:25 [restartedMain] INFO  o.s.o.j.p.SpringPersistenceUnitInfo - No LoadTimeWeaver setup: ignoring JPA class transformer
2025-05-02 14:13:25 [restartedMain] INFO  o.s.o.j.LocalContainerEntityManagerFactoryBean - Initialized JPA EntityManagerFactory for persistence unit 'default'
2025-05-02 14:13:25 [restartedMain] WARN  o.s.b.a.o.j.JpaBaseConfiguration$JpaWebConfiguration - spring.jpa.open-in-view is enabled by default. Therefore, database queries may be performed during view rendering. Explicitly configure spring.jpa.open-in-view to disable this warning
2025-05-02 14:13:25 [restartedMain] WARN  o.s.b.a.s.s.UserDetailsServiceAutoConfiguration - 

Using generated security password: 56f5ccf1-2227-43ea-8d17-67801ed8175c

This generated password is for development use only. Your security configuration must be updated before running your application in production.

2025-05-02 14:13:25 [restartedMain] INFO  o.s.s.web.DefaultSecurityFilterChain - Will secure any request with [org.springframework.security.web.session.DisableEncodeUrlFilter@33a0aaaf, org.springframework.security.web.context.request.async.WebAsyncManagerIntegrationFilter@25ec6272, org.springframework.security.web.context.SecurityContextHolderFilter@26cf79ad, org.springframework.security.web.header.HeaderWriterFilter@42251583, org.springframework.security.web.csrf.CsrfFilter@78d59cc, org.springframework.security.web.authentication.logout.LogoutFilter@10647636, org.springframework.security.web.authentication.UsernamePasswordAuthenticationFilter@53fab6a4, org.springframework.security.web.savedrequest.RequestCacheAwareFilter@4b611781, org.springframework.security.web.servletapi.SecurityContextHolderAwareRequestFilter@2758ec58, org.springframework.security.web.authentication.AnonymousAuthenticationFilter@160a753f, org.springframework.security.web.access.ExceptionTranslationFilter@2169b792]
2025-05-02 14:13:25 [restartedMain] INFO  o.s.b.d.a.OptionalLiveReloadServer - LiveReload server is running on port 35729
2025-05-02 14:13:25 [restartedMain] INFO  o.a.coyote.http11.Http11NioProtocol - Starting ProtocolHandler ["http-nio-8080"]
2025-05-02 14:13:25 [restartedMain] INFO  o.s.b.w.e.tomcat.TomcatWebServer - Tomcat started on port 8080 (http) with context path ''
2025-05-02 14:13:25 [restartedMain] INFO  c.d.w.DroneInventorySystemApplication - Started DroneInventorySystemApplication in 1.188 seconds (process running for 5713.823)
2025-05-02 14:13:25 [restartedMain] INFO  o.s.b.d.a.ConditionEvaluationDeltaLoggingListener - Condition evaluation unchanged
2025-05-02 14:19:45 [File Watcher] INFO  o.s.b.d.a.LocalDevToolsAutoConfiguration$RestartingClassPathChangeChangedEventListener - Restarting due to 1 class path change (0 additions, 0 deletions, 1 modification)
2025-05-02 14:19:45 [Thread-163] INFO  o.a.coyote.http11.Http11NioProtocol - Stopping ProtocolHandler ["http-nio-8080"]
2025-05-02 14:19:45 [Thread-163] INFO  o.s.o.j.LocalContainerEntityManagerFactoryBean - Closing JPA EntityManagerFactory for persistence unit 'default'
2025-05-02 14:19:45 [Thread-163] INFO  com.zaxxer.hikari.HikariDataSource - HikariPool-41 - Shutdown initiated...
2025-05-02 14:19:45 [Thread-163] INFO  com.zaxxer.hikari.HikariDataSource - HikariPool-41 - Shutdown completed.
2025-05-02 14:19:45 [restartedMain] INFO  c.d.w.DroneInventorySystemApplication - Starting DroneInventorySystemApplication using Java 17.0.10 with PID 773 (/Users/KurokiKazuma/Workspace/Digital-OJT/DroneInventorySystem/target/classes started by KurokiKazuma in /Users/KurokiKazuma/Workspace/Digital-OJT/DroneInventorySystem)
2025-05-02 14:19:45 [restartedMain] INFO  c.d.w.DroneInventorySystemApplication - The following 1 profile is active: "develop"
2025-05-02 14:19:46 [restartedMain] INFO  o.s.d.r.c.RepositoryConfigurationDelegate - Bootstrapping Spring Data JPA repositories in DEFAULT mode.
2025-05-02 14:19:46 [restartedMain] INFO  o.s.d.r.c.RepositoryConfigurationDelegate - Finished Spring Data repository scanning in 15 ms. Found 4 JPA repository interfaces.
2025-05-02 14:19:46 [restartedMain] INFO  o.s.b.w.e.tomcat.TomcatWebServer - Tomcat initialized with port 8080 (http)
2025-05-02 14:19:46 [restartedMain] INFO  o.a.coyote.http11.Http11NioProtocol - Initializing ProtocolHandler ["http-nio-8080"]
2025-05-02 14:19:46 [restartedMain] INFO  o.a.catalina.core.StandardService - Starting service [Tomcat]
2025-05-02 14:19:46 [restartedMain] INFO  o.a.catalina.core.StandardEngine - Starting Servlet engine: [Apache Tomcat/10.1.28]
2025-05-02 14:19:46 [restartedMain] INFO  o.a.c.c.C.[Tomcat].[localhost].[/] - Initializing Spring embedded WebApplicationContext
2025-05-02 14:19:46 [restartedMain] INFO  o.s.b.w.s.c.ServletWebServerApplicationContext - Root WebApplicationContext: initialization completed in 415 ms
2025-05-02 14:19:46 [restartedMain] INFO  com.zaxxer.hikari.HikariDataSource - HikariPool-42 - Starting...
2025-05-02 14:19:46 [restartedMain] INFO  com.zaxxer.hikari.pool.HikariPool - HikariPool-42 - Added connection com.mysql.cj.jdbc.ConnectionImpl@695f83b
2025-05-02 14:19:46 [restartedMain] INFO  com.zaxxer.hikari.HikariDataSource - HikariPool-42 - Start completed.
2025-05-02 14:19:46 [restartedMain] INFO  o.s.b.a.h.H2ConsoleAutoConfiguration - H2 console available at '/h2-console'. Database available at 'jdbc:mysql://localhost:3306/stock_mng'
2025-05-02 14:19:46 [restartedMain] INFO  o.s.o.j.p.SpringPersistenceUnitInfo - No LoadTimeWeaver setup: ignoring JPA class transformer
2025-05-02 14:19:46 [restartedMain] INFO  o.s.o.j.LocalContainerEntityManagerFactoryBean - Initialized JPA EntityManagerFactory for persistence unit 'default'
2025-05-02 14:19:46 [restartedMain] WARN  o.s.b.a.o.j.JpaBaseConfiguration$JpaWebConfiguration - spring.jpa.open-in-view is enabled by default. Therefore, database queries may be performed during view rendering. Explicitly configure spring.jpa.open-in-view to disable this warning
2025-05-02 14:19:46 [restartedMain] WARN  o.s.b.a.s.s.UserDetailsServiceAutoConfiguration - 

Using generated security password: cb2853c6-ffc0-444e-b811-19e13abd1e72

This generated password is for development use only. Your security configuration must be updated before running your application in production.

2025-05-02 14:19:46 [restartedMain] INFO  o.s.s.web.DefaultSecurityFilterChain - Will secure any request with [org.springframework.security.web.session.DisableEncodeUrlFilter@3e0ea79b, org.springframework.security.web.context.request.async.WebAsyncManagerIntegrationFilter@fe9c8f2, org.springframework.security.web.context.SecurityContextHolderFilter@38e09869, org.springframework.security.web.header.HeaderWriterFilter@f31d939, org.springframework.security.web.csrf.CsrfFilter@2e2e5a00, org.springframework.security.web.authentication.logout.LogoutFilter@70c8c6ce, org.springframework.security.web.authentication.UsernamePasswordAuthenticationFilter@4c91693b, org.springframework.security.web.savedrequest.RequestCacheAwareFilter@64c23b2f, org.springframework.security.web.servletapi.SecurityContextHolderAwareRequestFilter@384094b8, org.springframework.security.web.authentication.AnonymousAuthenticationFilter@39a19177, org.springframework.security.web.access.ExceptionTranslationFilter@77357d62]
2025-05-02 14:19:46 [restartedMain] INFO  o.s.b.d.a.OptionalLiveReloadServer - LiveReload server is running on port 35729
2025-05-02 14:19:46 [restartedMain] INFO  o.a.coyote.http11.Http11NioProtocol - Starting ProtocolHandler ["http-nio-8080"]
2025-05-02 14:19:46 [restartedMain] INFO  o.s.b.w.e.tomcat.TomcatWebServer - Tomcat started on port 8080 (http) with context path ''
2025-05-02 14:19:46 [restartedMain] INFO  c.d.w.DroneInventorySystemApplication - Started DroneInventorySystemApplication in 0.951 seconds (process running for 6094.696)
2025-05-02 14:19:46 [restartedMain] INFO  o.s.b.d.a.ConditionEvaluationDeltaLoggingListener - Condition evaluation unchanged
2025-05-02 14:20:01 [File Watcher] INFO  o.s.b.d.a.LocalDevToolsAutoConfiguration$RestartingClassPathChangeChangedEventListener - Restarting due to 1 class path change (0 additions, 0 deletions, 1 modification)
2025-05-02 14:20:01 [Thread-167] INFO  o.a.coyote.http11.Http11NioProtocol - Stopping ProtocolHandler ["http-nio-8080"]
2025-05-02 14:20:01 [Thread-167] INFO  o.s.o.j.LocalContainerEntityManagerFactoryBean - Closing JPA EntityManagerFactory for persistence unit 'default'
2025-05-02 14:20:01 [Thread-167] INFO  com.zaxxer.hikari.HikariDataSource - HikariPool-42 - Shutdown initiated...
2025-05-02 14:20:01 [Thread-167] INFO  com.zaxxer.hikari.HikariDataSource - HikariPool-42 - Shutdown completed.
2025-05-02 14:20:01 [restartedMain] INFO  c.d.w.DroneInventorySystemApplication - Starting DroneInventorySystemApplication using Java 17.0.10 with PID 773 (/Users/KurokiKazuma/Workspace/Digital-OJT/DroneInventorySystem/target/classes started by KurokiKazuma in /Users/KurokiKazuma/Workspace/Digital-OJT/DroneInventorySystem)
2025-05-02 14:20:01 [restartedMain] INFO  c.d.w.DroneInventorySystemApplication - The following 1 profile is active: "develop"
2025-05-02 14:20:01 [restartedMain] INFO  o.s.d.r.c.RepositoryConfigurationDelegate - Bootstrapping Spring Data JPA repositories in DEFAULT mode.
2025-05-02 14:20:01 [restartedMain] INFO  o.s.d.r.c.RepositoryConfigurationDelegate - Finished Spring Data repository scanning in 13 ms. Found 4 JPA repository interfaces.
2025-05-02 14:20:01 [restartedMain] INFO  o.s.b.w.e.tomcat.TomcatWebServer - Tomcat initialized with port 8080 (http)
2025-05-02 14:20:01 [restartedMain] INFO  o.a.coyote.http11.Http11NioProtocol - Initializing ProtocolHandler ["http-nio-8080"]
2025-05-02 14:20:01 [restartedMain] INFO  o.a.catalina.core.StandardService - Starting service [Tomcat]
2025-05-02 14:20:01 [restartedMain] INFO  o.a.catalina.core.StandardEngine - Starting Servlet engine: [Apache Tomcat/10.1.28]
2025-05-02 14:20:01 [restartedMain] INFO  o.a.c.c.C.[Tomcat].[localhost].[/] - Initializing Spring embedded WebApplicationContext
2025-05-02 14:20:01 [restartedMain] INFO  o.s.b.w.s.c.ServletWebServerApplicationContext - Root WebApplicationContext: initialization completed in 319 ms
2025-05-02 14:20:01 [restartedMain] INFO  com.zaxxer.hikari.HikariDataSource - HikariPool-43 - Starting...
2025-05-02 14:20:01 [restartedMain] INFO  com.zaxxer.hikari.pool.HikariPool - HikariPool-43 - Added connection com.mysql.cj.jdbc.ConnectionImpl@7b37fcb5
2025-05-02 14:20:01 [restartedMain] INFO  com.zaxxer.hikari.HikariDataSource - HikariPool-43 - Start completed.
2025-05-02 14:20:01 [restartedMain] INFO  o.s.b.a.h.H2ConsoleAutoConfiguration - H2 console available at '/h2-console'. Database available at 'jdbc:mysql://localhost:3306/stock_mng'
2025-05-02 14:20:01 [restartedMain] INFO  o.s.o.j.p.SpringPersistenceUnitInfo - No LoadTimeWeaver setup: ignoring JPA class transformer
2025-05-02 14:20:02 [restartedMain] INFO  o.s.o.j.LocalContainerEntityManagerFactoryBean - Initialized JPA EntityManagerFactory for persistence unit 'default'
2025-05-02 14:20:02 [restartedMain] WARN  o.s.b.a.o.j.JpaBaseConfiguration$JpaWebConfiguration - spring.jpa.open-in-view is enabled by default. Therefore, database queries may be performed during view rendering. Explicitly configure spring.jpa.open-in-view to disable this warning
2025-05-02 14:20:02 [restartedMain] WARN  o.s.b.a.s.s.UserDetailsServiceAutoConfiguration - 

Using generated security password: bf7c03c4-764d-42ea-972a-49ad1da90471

This generated password is for development use only. Your security configuration must be updated before running your application in production.

2025-05-02 14:20:02 [restartedMain] INFO  o.s.s.web.DefaultSecurityFilterChain - Will secure any request with [org.springframework.security.web.session.DisableEncodeUrlFilter@7fb66ba8, org.springframework.security.web.context.request.async.WebAsyncManagerIntegrationFilter@13fe9dcd, org.springframework.security.web.context.SecurityContextHolderFilter@f495d87, org.springframework.security.web.header.HeaderWriterFilter@7b98448b, org.springframework.security.web.csrf.CsrfFilter@7c6f9b0d, org.springframework.security.web.authentication.logout.LogoutFilter@782afa95, org.springframework.security.web.authentication.UsernamePasswordAuthenticationFilter@7efc798, org.springframework.security.web.savedrequest.RequestCacheAwareFilter@f7e1890, org.springframework.security.web.servletapi.SecurityContextHolderAwareRequestFilter@44f9dd0, org.springframework.security.web.authentication.AnonymousAuthenticationFilter@3caf2375, org.springframework.security.web.access.ExceptionTranslationFilter@5e0aa601]
2025-05-02 14:20:02 [restartedMain] INFO  o.s.b.d.a.OptionalLiveReloadServer - LiveReload server is running on port 35729
2025-05-02 14:20:02 [restartedMain] INFO  o.a.coyote.http11.Http11NioProtocol - Starting ProtocolHandler ["http-nio-8080"]
2025-05-02 14:20:02 [restartedMain] INFO  o.s.b.w.e.tomcat.TomcatWebServer - Tomcat started on port 8080 (http) with context path ''
2025-05-02 14:20:02 [restartedMain] INFO  c.d.w.DroneInventorySystemApplication - Started DroneInventorySystemApplication in 0.796 seconds (process running for 6110.185)
2025-05-02 14:20:02 [restartedMain] INFO  o.s.b.d.a.ConditionEvaluationDeltaLoggingListener - Condition evaluation unchanged
2025-05-02 14:42:59 [File Watcher] INFO  o.s.b.d.a.LocalDevToolsAutoConfiguration$RestartingClassPathChangeChangedEventListener - Restarting due to 1 class path change (0 additions, 0 deletions, 1 modification)
2025-05-02 14:42:59 [Thread-171] INFO  o.a.coyote.http11.Http11NioProtocol - Stopping ProtocolHandler ["http-nio-8080"]
2025-05-02 14:42:59 [Thread-171] INFO  o.s.o.j.LocalContainerEntityManagerFactoryBean - Closing JPA EntityManagerFactory for persistence unit 'default'
2025-05-02 14:42:59 [Thread-171] INFO  com.zaxxer.hikari.HikariDataSource - HikariPool-43 - Shutdown initiated...
2025-05-02 14:42:59 [Thread-171] INFO  com.zaxxer.hikari.HikariDataSource - HikariPool-43 - Shutdown completed.
2025-05-02 14:42:59 [restartedMain] INFO  c.d.w.DroneInventorySystemApplication - Starting DroneInventorySystemApplication using Java 17.0.10 with PID 773 (/Users/KurokiKazuma/Workspace/Digital-OJT/DroneInventorySystem/target/classes started by KurokiKazuma in /Users/KurokiKazuma/Workspace/Digital-OJT/DroneInventorySystem)
2025-05-02 14:42:59 [restartedMain] INFO  c.d.w.DroneInventorySystemApplication - The following 1 profile is active: "develop"
2025-05-02 14:42:59 [restartedMain] INFO  o.s.d.r.c.RepositoryConfigurationDelegate - Bootstrapping Spring Data JPA repositories in DEFAULT mode.
2025-05-02 14:42:59 [restartedMain] INFO  o.s.d.r.c.RepositoryConfigurationDelegate - Finished Spring Data repository scanning in 16 ms. Found 4 JPA repository interfaces.
2025-05-02 14:42:59 [restartedMain] INFO  o.s.b.w.e.tomcat.TomcatWebServer - Tomcat initialized with port 8080 (http)
2025-05-02 14:42:59 [restartedMain] INFO  o.a.coyote.http11.Http11NioProtocol - Initializing ProtocolHandler ["http-nio-8080"]
2025-05-02 14:42:59 [restartedMain] INFO  o.a.catalina.core.StandardService - Starting service [Tomcat]
2025-05-02 14:42:59 [restartedMain] INFO  o.a.catalina.core.StandardEngine - Starting Servlet engine: [Apache Tomcat/10.1.28]
2025-05-02 14:42:59 [restartedMain] INFO  o.a.c.c.C.[Tomcat].[localhost].[/] - Initializing Spring embedded WebApplicationContext
2025-05-02 14:42:59 [restartedMain] INFO  o.s.b.w.s.c.ServletWebServerApplicationContext - Root WebApplicationContext: initialization completed in 415 ms
2025-05-02 14:42:59 [restartedMain] INFO  com.zaxxer.hikari.HikariDataSource - HikariPool-44 - Starting...
2025-05-02 14:42:59 [restartedMain] INFO  com.zaxxer.hikari.pool.HikariPool - HikariPool-44 - Added connection com.mysql.cj.jdbc.ConnectionImpl@64e02890
2025-05-02 14:42:59 [restartedMain] INFO  com.zaxxer.hikari.HikariDataSource - HikariPool-44 - Start completed.
2025-05-02 14:42:59 [restartedMain] INFO  o.s.b.a.h.H2ConsoleAutoConfiguration - H2 console available at '/h2-console'. Database available at 'jdbc:mysql://localhost:3306/stock_mng'
2025-05-02 14:42:59 [restartedMain] INFO  o.s.o.j.p.SpringPersistenceUnitInfo - No LoadTimeWeaver setup: ignoring JPA class transformer
2025-05-02 14:42:59 [restartedMain] INFO  o.s.o.j.LocalContainerEntityManagerFactoryBean - Initialized JPA EntityManagerFactory for persistence unit 'default'
2025-05-02 14:42:59 [restartedMain] WARN  o.s.b.a.o.j.JpaBaseConfiguration$JpaWebConfiguration - spring.jpa.open-in-view is enabled by default. Therefore, database queries may be performed during view rendering. Explicitly configure spring.jpa.open-in-view to disable this warning
2025-05-02 14:42:59 [restartedMain] WARN  o.s.b.a.s.s.UserDetailsServiceAutoConfiguration - 

Using generated security password: 01da2247-c0a8-4450-9d1a-e865c7d2fa63

This generated password is for development use only. Your security configuration must be updated before running your application in production.

2025-05-02 14:43:00 [restartedMain] INFO  o.s.s.web.DefaultSecurityFilterChain - Will secure any request with [org.springframework.security.web.session.DisableEncodeUrlFilter@74c6fbcc, org.springframework.security.web.context.request.async.WebAsyncManagerIntegrationFilter@25106142, org.springframework.security.web.context.SecurityContextHolderFilter@fa433ce, org.springframework.security.web.header.HeaderWriterFilter@21d22b4d, org.springframework.security.web.csrf.CsrfFilter@3ed38c3d, org.springframework.security.web.authentication.logout.LogoutFilter@2c6d111, org.springframework.security.web.authentication.UsernamePasswordAuthenticationFilter@28e3495f, org.springframework.security.web.savedrequest.RequestCacheAwareFilter@2db4f463, org.springframework.security.web.servletapi.SecurityContextHolderAwareRequestFilter@16f78f11, org.springframework.security.web.authentication.AnonymousAuthenticationFilter@11ea72a8, org.springframework.security.web.access.ExceptionTranslationFilter@4bce16c2]
2025-05-02 14:43:00 [restartedMain] INFO  o.s.b.d.a.OptionalLiveReloadServer - LiveReload server is running on port 35729
2025-05-02 14:43:00 [restartedMain] INFO  o.a.coyote.http11.Http11NioProtocol - Starting ProtocolHandler ["http-nio-8080"]
2025-05-02 14:43:00 [restartedMain] INFO  o.s.b.w.e.tomcat.TomcatWebServer - Tomcat started on port 8080 (http) with context path ''
2025-05-02 14:43:00 [restartedMain] INFO  c.d.w.DroneInventorySystemApplication - Started DroneInventorySystemApplication in 1.215 seconds (process running for 7488.182)
2025-05-02 14:43:00 [restartedMain] INFO  o.s.b.d.a.ConditionEvaluationDeltaLoggingListener - Condition evaluation unchanged
2025-05-02 14:43:01 [File Watcher] INFO  o.s.b.d.a.LocalDevToolsAutoConfiguration$RestartingClassPathChangeChangedEventListener - Restarting due to 1 class path change (0 additions, 0 deletions, 1 modification)
2025-05-02 14:43:01 [Thread-175] INFO  o.a.coyote.http11.Http11NioProtocol - Stopping ProtocolHandler ["http-nio-8080"]
2025-05-02 14:43:01 [Thread-175] INFO  o.s.o.j.LocalContainerEntityManagerFactoryBean - Closing JPA EntityManagerFactory for persistence unit 'default'
2025-05-02 14:43:01 [Thread-175] INFO  com.zaxxer.hikari.HikariDataSource - HikariPool-44 - Shutdown initiated...
2025-05-02 14:43:01 [Thread-175] INFO  com.zaxxer.hikari.HikariDataSource - HikariPool-44 - Shutdown completed.
2025-05-02 14:43:01 [restartedMain] INFO  c.d.w.DroneInventorySystemApplication - Starting DroneInventorySystemApplication using Java 17.0.10 with PID 773 (/Users/KurokiKazuma/Workspace/Digital-OJT/DroneInventorySystem/target/classes started by KurokiKazuma in /Users/KurokiKazuma/Workspace/Digital-OJT/DroneInventorySystem)
2025-05-02 14:43:01 [restartedMain] INFO  c.d.w.DroneInventorySystemApplication - The following 1 profile is active: "develop"
2025-05-02 14:43:02 [restartedMain] INFO  o.s.d.r.c.RepositoryConfigurationDelegate - Bootstrapping Spring Data JPA repositories in DEFAULT mode.
2025-05-02 14:43:02 [restartedMain] INFO  o.s.d.r.c.RepositoryConfigurationDelegate - Finished Spring Data repository scanning in 12 ms. Found 4 JPA repository interfaces.
2025-05-02 14:43:02 [restartedMain] INFO  o.s.b.w.e.tomcat.TomcatWebServer - Tomcat initialized with port 8080 (http)
2025-05-02 14:43:02 [restartedMain] INFO  o.a.coyote.http11.Http11NioProtocol - Initializing ProtocolHandler ["http-nio-8080"]
2025-05-02 14:43:02 [restartedMain] INFO  o.a.catalina.core.StandardService - Starting service [Tomcat]
2025-05-02 14:43:02 [restartedMain] INFO  o.a.catalina.core.StandardEngine - Starting Servlet engine: [Apache Tomcat/10.1.28]
2025-05-02 14:43:02 [restartedMain] INFO  o.a.c.c.C.[Tomcat].[localhost].[/] - Initializing Spring embedded WebApplicationContext
2025-05-02 14:43:02 [restartedMain] INFO  o.s.b.w.s.c.ServletWebServerApplicationContext - Root WebApplicationContext: initialization completed in 277 ms
2025-05-02 14:43:02 [restartedMain] INFO  com.zaxxer.hikari.HikariDataSource - HikariPool-45 - Starting...
2025-05-02 14:43:02 [restartedMain] INFO  com.zaxxer.hikari.pool.HikariPool - HikariPool-45 - Added connection com.mysql.cj.jdbc.ConnectionImpl@4412270f
2025-05-02 14:43:02 [restartedMain] INFO  com.zaxxer.hikari.HikariDataSource - HikariPool-45 - Start completed.
2025-05-02 14:43:02 [restartedMain] INFO  o.s.b.a.h.H2ConsoleAutoConfiguration - H2 console available at '/h2-console'. Database available at 'jdbc:mysql://localhost:3306/stock_mng'
2025-05-02 14:43:02 [restartedMain] INFO  o.s.o.j.p.SpringPersistenceUnitInfo - No LoadTimeWeaver setup: ignoring JPA class transformer
2025-05-02 14:43:02 [restartedMain] INFO  o.s.o.j.LocalContainerEntityManagerFactoryBean - Initialized JPA EntityManagerFactory for persistence unit 'default'
2025-05-02 14:43:02 [restartedMain] WARN  o.s.b.a.o.j.JpaBaseConfiguration$JpaWebConfiguration - spring.jpa.open-in-view is enabled by default. Therefore, database queries may be performed during view rendering. Explicitly configure spring.jpa.open-in-view to disable this warning
2025-05-02 14:43:02 [restartedMain] WARN  o.s.b.a.s.s.UserDetailsServiceAutoConfiguration - 

Using generated security password: 378c72af-93bb-4569-af68-80746a8e014e

This generated password is for development use only. Your security configuration must be updated before running your application in production.

2025-05-02 14:43:02 [restartedMain] INFO  o.s.s.web.DefaultSecurityFilterChain - Will secure any request with [org.springframework.security.web.session.DisableEncodeUrlFilter@67c9114, org.springframework.security.web.context.request.async.WebAsyncManagerIntegrationFilter@4af75c0f, org.springframework.security.web.context.SecurityContextHolderFilter@24adacba, org.springframework.security.web.header.HeaderWriterFilter@651d3e4, org.springframework.security.web.csrf.CsrfFilter@3f6da0e1, org.springframework.security.web.authentication.logout.LogoutFilter@2e94c26a, org.springframework.security.web.authentication.UsernamePasswordAuthenticationFilter@738fdb94, org.springframework.security.web.savedrequest.RequestCacheAwareFilter@76957a66, org.springframework.security.web.servletapi.SecurityContextHolderAwareRequestFilter@6f534aa3, org.springframework.security.web.authentication.AnonymousAuthenticationFilter@427850a9, org.springframework.security.web.access.ExceptionTranslationFilter@3b544166]
2025-05-02 14:43:02 [restartedMain] INFO  o.s.b.d.a.OptionalLiveReloadServer - LiveReload server is running on port 35729
2025-05-02 14:43:02 [restartedMain] INFO  o.a.coyote.http11.Http11NioProtocol - Starting ProtocolHandler ["http-nio-8080"]
2025-05-02 14:43:02 [restartedMain] INFO  o.s.b.w.e.tomcat.TomcatWebServer - Tomcat started on port 8080 (http) with context path ''
2025-05-02 14:43:02 [restartedMain] INFO  c.d.w.DroneInventorySystemApplication - Started DroneInventorySystemApplication in 0.716 seconds (process running for 7490.413)
2025-05-02 14:43:02 [restartedMain] INFO  o.s.b.d.a.ConditionEvaluationDeltaLoggingListener - Condition evaluation unchanged
2025-05-02 14:47:52 [File Watcher] INFO  o.s.b.d.a.LocalDevToolsAutoConfiguration$RestartingClassPathChangeChangedEventListener - Restarting due to 1 class path change (0 additions, 0 deletions, 1 modification)
2025-05-02 14:47:52 [Thread-179] INFO  o.a.coyote.http11.Http11NioProtocol - Stopping ProtocolHandler ["http-nio-8080"]
2025-05-02 14:47:52 [Thread-179] INFO  o.s.o.j.LocalContainerEntityManagerFactoryBean - Closing JPA EntityManagerFactory for persistence unit 'default'
2025-05-02 14:47:52 [Thread-179] INFO  com.zaxxer.hikari.HikariDataSource - HikariPool-45 - Shutdown initiated...
2025-05-02 14:47:52 [Thread-179] INFO  com.zaxxer.hikari.HikariDataSource - HikariPool-45 - Shutdown completed.
2025-05-02 14:47:52 [restartedMain] INFO  c.d.w.DroneInventorySystemApplication - Starting DroneInventorySystemApplication using Java 17.0.10 with PID 773 (/Users/KurokiKazuma/Workspace/Digital-OJT/DroneInventorySystem/target/classes started by KurokiKazuma in /Users/KurokiKazuma/Workspace/Digital-OJT/DroneInventorySystem)
2025-05-02 14:47:52 [restartedMain] INFO  c.d.w.DroneInventorySystemApplication - The following 1 profile is active: "develop"
2025-05-02 14:47:52 [restartedMain] INFO  o.s.d.r.c.RepositoryConfigurationDelegate - Bootstrapping Spring Data JPA repositories in DEFAULT mode.
2025-05-02 14:47:53 [restartedMain] INFO  o.s.d.r.c.RepositoryConfigurationDelegate - Finished Spring Data repository scanning in 14 ms. Found 4 JPA repository interfaces.
2025-05-02 14:47:53 [restartedMain] INFO  o.s.b.w.e.tomcat.TomcatWebServer - Tomcat initialized with port 8080 (http)
2025-05-02 14:47:53 [restartedMain] INFO  o.a.coyote.http11.Http11NioProtocol - Initializing ProtocolHandler ["http-nio-8080"]
2025-05-02 14:47:53 [restartedMain] INFO  o.a.catalina.core.StandardService - Starting service [Tomcat]
2025-05-02 14:47:53 [restartedMain] INFO  o.a.catalina.core.StandardEngine - Starting Servlet engine: [Apache Tomcat/10.1.28]
2025-05-02 14:47:53 [restartedMain] INFO  o.a.c.c.C.[Tomcat].[localhost].[/] - Initializing Spring embedded WebApplicationContext
2025-05-02 14:47:53 [restartedMain] INFO  o.s.b.w.s.c.ServletWebServerApplicationContext - Root WebApplicationContext: initialization completed in 401 ms
2025-05-02 14:47:53 [restartedMain] INFO  com.zaxxer.hikari.HikariDataSource - HikariPool-46 - Starting...
2025-05-02 14:47:53 [restartedMain] INFO  com.zaxxer.hikari.pool.HikariPool - HikariPool-46 - Added connection com.mysql.cj.jdbc.ConnectionImpl@20a372d1
2025-05-02 14:47:53 [restartedMain] INFO  com.zaxxer.hikari.HikariDataSource - HikariPool-46 - Start completed.
2025-05-02 14:47:53 [restartedMain] INFO  o.s.b.a.h.H2ConsoleAutoConfiguration - H2 console available at '/h2-console'. Database available at 'jdbc:mysql://localhost:3306/stock_mng'
2025-05-02 14:47:53 [restartedMain] INFO  o.s.o.j.p.SpringPersistenceUnitInfo - No LoadTimeWeaver setup: ignoring JPA class transformer
2025-05-02 14:47:53 [restartedMain] INFO  o.s.o.j.LocalContainerEntityManagerFactoryBean - Initialized JPA EntityManagerFactory for persistence unit 'default'
2025-05-02 14:47:53 [restartedMain] WARN  o.s.b.a.o.j.JpaBaseConfiguration$JpaWebConfiguration - spring.jpa.open-in-view is enabled by default. Therefore, database queries may be performed during view rendering. Explicitly configure spring.jpa.open-in-view to disable this warning
2025-05-02 14:47:53 [restartedMain] WARN  o.s.b.a.s.s.UserDetailsServiceAutoConfiguration - 

Using generated security password: 34eb7f03-634f-43cf-ab63-6781160dd95b

This generated password is for development use only. Your security configuration must be updated before running your application in production.

2025-05-02 14:47:53 [restartedMain] INFO  o.s.s.web.DefaultSecurityFilterChain - Will secure any request with [org.springframework.security.web.session.DisableEncodeUrlFilter@6c6c3ce0, org.springframework.security.web.context.request.async.WebAsyncManagerIntegrationFilter@45a1f945, org.springframework.security.web.context.SecurityContextHolderFilter@441e9baa, org.springframework.security.web.header.HeaderWriterFilter@49fccb24, org.springframework.security.web.csrf.CsrfFilter@7768ffee, org.springframework.security.web.authentication.logout.LogoutFilter@11dba127, org.springframework.security.web.authentication.UsernamePasswordAuthenticationFilter@6da033d0, org.springframework.security.web.savedrequest.RequestCacheAwareFilter@74398b48, org.springframework.security.web.servletapi.SecurityContextHolderAwareRequestFilter@36795fcb, org.springframework.security.web.authentication.AnonymousAuthenticationFilter@93fba4f, org.springframework.security.web.access.ExceptionTranslationFilter@43c0284c]
2025-05-02 14:47:53 [restartedMain] INFO  o.s.b.d.a.OptionalLiveReloadServer - LiveReload server is running on port 35729
2025-05-02 14:47:53 [restartedMain] INFO  o.a.coyote.http11.Http11NioProtocol - Starting ProtocolHandler ["http-nio-8080"]
2025-05-02 14:47:53 [restartedMain] INFO  o.s.b.w.e.tomcat.TomcatWebServer - Tomcat started on port 8080 (http) with context path ''
2025-05-02 14:47:53 [restartedMain] INFO  c.d.w.DroneInventorySystemApplication - Started DroneInventorySystemApplication in 0.924 seconds (process running for 7781.467)
2025-05-02 14:47:53 [restartedMain] INFO  o.s.b.d.a.ConditionEvaluationDeltaLoggingListener - Condition evaluation unchanged
2025-05-02 14:48:03 [File Watcher] INFO  o.s.b.d.a.LocalDevToolsAutoConfiguration$RestartingClassPathChangeChangedEventListener - Restarting due to 1 class path change (0 additions, 0 deletions, 1 modification)
2025-05-02 14:48:03 [Thread-183] INFO  o.a.coyote.http11.Http11NioProtocol - Stopping ProtocolHandler ["http-nio-8080"]
2025-05-02 14:48:03 [Thread-183] INFO  o.s.o.j.LocalContainerEntityManagerFactoryBean - Closing JPA EntityManagerFactory for persistence unit 'default'
2025-05-02 14:48:03 [Thread-183] INFO  com.zaxxer.hikari.HikariDataSource - HikariPool-46 - Shutdown initiated...
2025-05-02 14:48:03 [Thread-183] INFO  com.zaxxer.hikari.HikariDataSource - HikariPool-46 - Shutdown completed.
2025-05-02 14:48:03 [restartedMain] INFO  c.d.w.DroneInventorySystemApplication - Starting DroneInventorySystemApplication using Java 17.0.10 with PID 773 (/Users/KurokiKazuma/Workspace/Digital-OJT/DroneInventorySystem/target/classes started by KurokiKazuma in /Users/KurokiKazuma/Workspace/Digital-OJT/DroneInventorySystem)
2025-05-02 14:48:03 [restartedMain] INFO  c.d.w.DroneInventorySystemApplication - The following 1 profile is active: "develop"
2025-05-02 14:48:03 [restartedMain] INFO  o.s.d.r.c.RepositoryConfigurationDelegate - Bootstrapping Spring Data JPA repositories in DEFAULT mode.
2025-05-02 14:48:03 [restartedMain] INFO  o.s.d.r.c.RepositoryConfigurationDelegate - Finished Spring Data repository scanning in 13 ms. Found 4 JPA repository interfaces.
2025-05-02 14:48:03 [restartedMain] INFO  o.s.b.w.e.tomcat.TomcatWebServer - Tomcat initialized with port 8080 (http)
2025-05-02 14:48:03 [restartedMain] INFO  o.a.coyote.http11.Http11NioProtocol - Initializing ProtocolHandler ["http-nio-8080"]
2025-05-02 14:48:03 [restartedMain] INFO  o.a.catalina.core.StandardService - Starting service [Tomcat]
2025-05-02 14:48:03 [restartedMain] INFO  o.a.catalina.core.StandardEngine - Starting Servlet engine: [Apache Tomcat/10.1.28]
2025-05-02 14:48:03 [restartedMain] INFO  o.a.c.c.C.[Tomcat].[localhost].[/] - Initializing Spring embedded WebApplicationContext
2025-05-02 14:48:03 [restartedMain] INFO  o.s.b.w.s.c.ServletWebServerApplicationContext - Root WebApplicationContext: initialization completed in 301 ms
2025-05-02 14:48:03 [restartedMain] INFO  com.zaxxer.hikari.HikariDataSource - HikariPool-47 - Starting...
2025-05-02 14:48:03 [restartedMain] INFO  com.zaxxer.hikari.pool.HikariPool - HikariPool-47 - Added connection com.mysql.cj.jdbc.ConnectionImpl@7f3fb0db
2025-05-02 14:48:03 [restartedMain] INFO  com.zaxxer.hikari.HikariDataSource - HikariPool-47 - Start completed.
2025-05-02 14:48:03 [restartedMain] INFO  o.s.b.a.h.H2ConsoleAutoConfiguration - H2 console available at '/h2-console'. Database available at 'jdbc:mysql://localhost:3306/stock_mng'
2025-05-02 14:48:03 [restartedMain] INFO  o.s.o.j.p.SpringPersistenceUnitInfo - No LoadTimeWeaver setup: ignoring JPA class transformer
2025-05-02 14:48:03 [restartedMain] INFO  o.s.o.j.LocalContainerEntityManagerFactoryBean - Initialized JPA EntityManagerFactory for persistence unit 'default'
2025-05-02 14:48:03 [restartedMain] WARN  o.s.b.a.o.j.JpaBaseConfiguration$JpaWebConfiguration - spring.jpa.open-in-view is enabled by default. Therefore, database queries may be performed during view rendering. Explicitly configure spring.jpa.open-in-view to disable this warning
2025-05-02 14:48:03 [restartedMain] WARN  o.s.b.a.s.s.UserDetailsServiceAutoConfiguration - 

Using generated security password: 1cc73fd1-64bd-419f-b3dc-e20446147f80

This generated password is for development use only. Your security configuration must be updated before running your application in production.

2025-05-02 14:48:03 [restartedMain] INFO  o.s.s.web.DefaultSecurityFilterChain - Will secure any request with [org.springframework.security.web.session.DisableEncodeUrlFilter@770abdf9, org.springframework.security.web.context.request.async.WebAsyncManagerIntegrationFilter@2fcf504f, org.springframework.security.web.context.SecurityContextHolderFilter@7f80568e, org.springframework.security.web.header.HeaderWriterFilter@49f98d39, org.springframework.security.web.csrf.CsrfFilter@6f8b09b2, org.springframework.security.web.authentication.logout.LogoutFilter@446523a4, org.springframework.security.web.authentication.UsernamePasswordAuthenticationFilter@4e646d3, org.springframework.security.web.savedrequest.RequestCacheAwareFilter@48f10655, org.springframework.security.web.servletapi.SecurityContextHolderAwareRequestFilter@3c39f4d2, org.springframework.security.web.authentication.AnonymousAuthenticationFilter@42da2e11, org.springframework.security.web.access.ExceptionTranslationFilter@658227ce]
2025-05-02 14:48:04 [restartedMain] INFO  o.s.b.d.a.OptionalLiveReloadServer - LiveReload server is running on port 35729
2025-05-02 14:48:04 [restartedMain] INFO  o.a.coyote.http11.Http11NioProtocol - Starting ProtocolHandler ["http-nio-8080"]
2025-05-02 14:48:04 [restartedMain] INFO  o.s.b.w.e.tomcat.TomcatWebServer - Tomcat started on port 8080 (http) with context path ''
2025-05-02 14:48:04 [restartedMain] INFO  c.d.w.DroneInventorySystemApplication - Started DroneInventorySystemApplication in 0.804 seconds (process running for 7791.912)
2025-05-02 14:48:04 [restartedMain] INFO  o.s.b.d.a.ConditionEvaluationDeltaLoggingListener - Condition evaluation unchanged
2025-05-02 14:48:16 [File Watcher] INFO  o.s.b.d.a.LocalDevToolsAutoConfiguration$RestartingClassPathChangeChangedEventListener - Restarting due to 1 class path change (0 additions, 0 deletions, 1 modification)
2025-05-02 14:48:16 [Thread-187] INFO  o.a.coyote.http11.Http11NioProtocol - Stopping ProtocolHandler ["http-nio-8080"]
2025-05-02 14:48:16 [Thread-187] INFO  o.s.o.j.LocalContainerEntityManagerFactoryBean - Closing JPA EntityManagerFactory for persistence unit 'default'
2025-05-02 14:48:16 [Thread-187] INFO  com.zaxxer.hikari.HikariDataSource - HikariPool-47 - Shutdown initiated...
2025-05-02 14:48:16 [Thread-187] INFO  com.zaxxer.hikari.HikariDataSource - HikariPool-47 - Shutdown completed.
2025-05-02 14:48:16 [restartedMain] INFO  c.d.w.DroneInventorySystemApplication - Starting DroneInventorySystemApplication using Java 17.0.10 with PID 773 (/Users/KurokiKazuma/Workspace/Digital-OJT/DroneInventorySystem/target/classes started by KurokiKazuma in /Users/KurokiKazuma/Workspace/Digital-OJT/DroneInventorySystem)
2025-05-02 14:48:16 [restartedMain] INFO  c.d.w.DroneInventorySystemApplication - The following 1 profile is active: "develop"
2025-05-02 14:48:17 [restartedMain] INFO  o.s.d.r.c.RepositoryConfigurationDelegate - Bootstrapping Spring Data JPA repositories in DEFAULT mode.
2025-05-02 14:48:17 [restartedMain] INFO  o.s.d.r.c.RepositoryConfigurationDelegate - Finished Spring Data repository scanning in 13 ms. Found 4 JPA repository interfaces.
2025-05-02 14:48:17 [restartedMain] INFO  o.s.b.w.e.tomcat.TomcatWebServer - Tomcat initialized with port 8080 (http)
2025-05-02 14:48:17 [restartedMain] INFO  o.a.coyote.http11.Http11NioProtocol - Initializing ProtocolHandler ["http-nio-8080"]
2025-05-02 14:48:17 [restartedMain] INFO  o.a.catalina.core.StandardService - Starting service [Tomcat]
2025-05-02 14:48:17 [restartedMain] INFO  o.a.catalina.core.StandardEngine - Starting Servlet engine: [Apache Tomcat/10.1.28]
2025-05-02 14:48:17 [restartedMain] INFO  o.a.c.c.C.[Tomcat].[localhost].[/] - Initializing Spring embedded WebApplicationContext
2025-05-02 14:48:17 [restartedMain] INFO  o.s.b.w.s.c.ServletWebServerApplicationContext - Root WebApplicationContext: initialization completed in 292 ms
2025-05-02 14:48:17 [restartedMain] INFO  com.zaxxer.hikari.HikariDataSource - HikariPool-48 - Starting...
2025-05-02 14:48:17 [restartedMain] INFO  com.zaxxer.hikari.pool.HikariPool - HikariPool-48 - Added connection com.mysql.cj.jdbc.ConnectionImpl@619211ea
2025-05-02 14:48:17 [restartedMain] INFO  com.zaxxer.hikari.HikariDataSource - HikariPool-48 - Start completed.
2025-05-02 14:48:17 [restartedMain] INFO  o.s.b.a.h.H2ConsoleAutoConfiguration - H2 console available at '/h2-console'. Database available at 'jdbc:mysql://localhost:3306/stock_mng'
2025-05-02 14:48:17 [restartedMain] INFO  o.s.o.j.p.SpringPersistenceUnitInfo - No LoadTimeWeaver setup: ignoring JPA class transformer
2025-05-02 14:48:17 [restartedMain] INFO  o.s.o.j.LocalContainerEntityManagerFactoryBean - Initialized JPA EntityManagerFactory for persistence unit 'default'
2025-05-02 14:48:17 [restartedMain] WARN  o.s.b.a.o.j.JpaBaseConfiguration$JpaWebConfiguration - spring.jpa.open-in-view is enabled by default. Therefore, database queries may be performed during view rendering. Explicitly configure spring.jpa.open-in-view to disable this warning
2025-05-02 14:48:17 [restartedMain] WARN  o.s.b.a.s.s.UserDetailsServiceAutoConfiguration - 

Using generated security password: 6d924484-91b1-48a6-a06f-76345e5fc8be

This generated password is for development use only. Your security configuration must be updated before running your application in production.

2025-05-02 14:48:17 [restartedMain] INFO  o.s.s.web.DefaultSecurityFilterChain - Will secure any request with [org.springframework.security.web.session.DisableEncodeUrlFilter@5303764d, org.springframework.security.web.context.request.async.WebAsyncManagerIntegrationFilter@2197feeb, org.springframework.security.web.context.SecurityContextHolderFilter@48fbd083, org.springframework.security.web.header.HeaderWriterFilter@58d7d0c4, org.springframework.security.web.csrf.CsrfFilter@3593a71c, org.springframework.security.web.authentication.logout.LogoutFilter@5bae5ad1, org.springframework.security.web.authentication.UsernamePasswordAuthenticationFilter@7ad98a7e, org.springframework.security.web.savedrequest.RequestCacheAwareFilter@60f825c7, org.springframework.security.web.servletapi.SecurityContextHolderAwareRequestFilter@2bf04068, org.springframework.security.web.authentication.AnonymousAuthenticationFilter@84640da, org.springframework.security.web.access.ExceptionTranslationFilter@50137a1a]
2025-05-02 14:48:17 [restartedMain] INFO  o.s.b.d.a.OptionalLiveReloadServer - LiveReload server is running on port 35729
2025-05-02 14:48:17 [restartedMain] INFO  o.a.coyote.http11.Http11NioProtocol - Starting ProtocolHandler ["http-nio-8080"]
2025-05-02 14:48:17 [restartedMain] INFO  o.s.b.w.e.tomcat.TomcatWebServer - Tomcat started on port 8080 (http) with context path ''
2025-05-02 14:48:17 [restartedMain] INFO  c.d.w.DroneInventorySystemApplication - Started DroneInventorySystemApplication in 0.754 seconds (process running for 7805.391)
2025-05-02 14:48:17 [restartedMain] INFO  o.s.b.d.a.ConditionEvaluationDeltaLoggingListener - Condition evaluation unchanged
2025-05-02 14:51:25 [http-nio-8080-exec-1] INFO  o.a.c.c.C.[Tomcat].[localhost].[/] - Initializing Spring DispatcherServlet 'dispatcherServlet'
2025-05-02 14:51:25 [http-nio-8080-exec-1] INFO  o.s.web.servlet.DispatcherServlet - Initializing Servlet 'dispatcherServlet'
2025-05-02 14:51:25 [http-nio-8080-exec-1] INFO  o.s.web.servlet.DispatcherServlet - Completed initialization in 2 ms
2025-05-02 14:51:25 [http-nio-8080-exec-6] INFO  APP - 【INFO】時間: 1746165085632 | 処理対象: 在庫一覧画面 | 処理内容: 初期表示 | 処理結果: 開始
2025-05-02 14:51:25 [http-nio-8080-exec-6] ERROR o.a.c.c.C.[.[.[.[dispatcherServlet] - Servlet.service() for servlet [dispatcherServlet] in context with path [] threw exception [Request processing failed: java.lang.IndexOutOfBoundsException: Index 1 out of bounds for length 1] with root cause
java.lang.IndexOutOfBoundsException: Index 1 out of bounds for length 1
	at java.base/jdk.internal.util.Preconditions.outOfBounds(Preconditions.java:64)
	at java.base/jdk.internal.util.Preconditions.outOfBoundsCheckIndex(Preconditions.java:70)
	at java.base/jdk.internal.util.Preconditions.checkIndex(Preconditions.java:266)
	at java.base/java.util.Objects.checkIndex(Objects.java:361)
	at java.base/java.util.ArrayList.get(ArrayList.java:427)
	at com.digitalojt.web.controller.StockInfoController.index(StockInfoController.java:86)
	at java.base/jdk.internal.reflect.NativeMethodAccessorImpl.invoke0(Native Method)
	at java.base/jdk.internal.reflect.NativeMethodAccessorImpl.invoke(NativeMethodAccessorImpl.java:77)
	at java.base/jdk.internal.reflect.DelegatingMethodAccessorImpl.invoke(DelegatingMethodAccessorImpl.java:43)
	at java.base/java.lang.reflect.Method.invoke(Method.java:568)
	at org.springframework.web.method.support.InvocableHandlerMethod.doInvoke(InvocableHandlerMethod.java:255)
	at org.springframework.web.method.support.InvocableHandlerMethod.invokeForRequest(InvocableHandlerMethod.java:188)
	at org.springframework.web.servlet.mvc.method.annotation.ServletInvocableHandlerMethod.invokeAndHandle(ServletInvocableHandlerMethod.java:118)
	at org.springframework.web.servlet.mvc.method.annotation.RequestMappingHandlerAdapter.invokeHandlerMethod(RequestMappingHandlerAdapter.java:926)
	at org.springframework.web.servlet.mvc.method.annotation.RequestMappingHandlerAdapter.handleInternal(RequestMappingHandlerAdapter.java:831)
	at org.springframework.web.servlet.mvc.method.AbstractHandlerMethodAdapter.handle(AbstractHandlerMethodAdapter.java:87)
	at org.springframework.web.servlet.DispatcherServlet.doDispatch(DispatcherServlet.java:1089)
	at org.springframework.web.servlet.DispatcherServlet.doService(DispatcherServlet.java:979)
	at org.springframework.web.servlet.FrameworkServlet.processRequest(FrameworkServlet.java:1014)
	at org.springframework.web.servlet.FrameworkServlet.doGet(FrameworkServlet.java:903)
	at jakarta.servlet.http.HttpServlet.service(HttpServlet.java:564)
	at org.springframework.web.servlet.FrameworkServlet.service(FrameworkServlet.java:885)
	at jakarta.servlet.http.HttpServlet.service(HttpServlet.java:658)
	at org.apache.catalina.core.ApplicationFilterChain.internalDoFilter(ApplicationFilterChain.java:195)
	at org.apache.catalina.core.ApplicationFilterChain.doFilter(ApplicationFilterChain.java:140)
	at org.apache.tomcat.websocket.server.WsFilter.doFilter(WsFilter.java:51)
	at org.apache.catalina.core.ApplicationFilterChain.internalDoFilter(ApplicationFilterChain.java:164)
	at org.apache.catalina.core.ApplicationFilterChain.doFilter(ApplicationFilterChain.java:140)
	at org.springframework.web.filter.CompositeFilter$VirtualFilterChain.doFilter(CompositeFilter.java:108)
	at org.springframework.security.web.FilterChainProxy.lambda$doFilterInternal$3(FilterChainProxy.java:231)
	at org.springframework.security.web.FilterChainProxy$VirtualFilterChain.doFilter(FilterChainProxy.java:365)
	at org.springframework.security.web.access.ExceptionTranslationFilter.doFilter(ExceptionTranslationFilter.java:126)
	at org.springframework.security.web.access.ExceptionTranslationFilter.doFilter(ExceptionTranslationFilter.java:120)
	at org.springframework.security.web.FilterChainProxy$VirtualFilterChain.doFilter(FilterChainProxy.java:374)
	at org.springframework.security.web.authentication.AnonymousAuthenticationFilter.doFilter(AnonymousAuthenticationFilter.java:100)
	at org.springframework.security.web.FilterChainProxy$VirtualFilterChain.doFilter(FilterChainProxy.java:374)
	at org.springframework.security.web.servletapi.SecurityContextHolderAwareRequestFilter.doFilter(SecurityContextHolderAwareRequestFilter.java:179)
	at org.springframework.security.web.FilterChainProxy$VirtualFilterChain.doFilter(FilterChainProxy.java:374)
	at org.springframework.security.web.savedrequest.RequestCacheAwareFilter.doFilter(RequestCacheAwareFilter.java:63)
	at org.springframework.security.web.FilterChainProxy$VirtualFilterChain.doFilter(FilterChainProxy.java:374)
	at org.springframework.security.web.authentication.AbstractAuthenticationProcessingFilter.doFilter(AbstractAuthenticationProcessingFilter.java:227)
	at org.springframework.security.web.authentication.AbstractAuthenticationProcessingFilter.doFilter(AbstractAuthenticationProcessingFilter.java:221)
	at org.springframework.security.web.FilterChainProxy$VirtualFilterChain.doFilter(FilterChainProxy.java:374)
	at org.springframework.security.web.authentication.logout.LogoutFilter.doFilter(LogoutFilter.java:107)
	at org.springframework.security.web.authentication.logout.LogoutFilter.doFilter(LogoutFilter.java:93)
	at org.springframework.security.web.FilterChainProxy$VirtualFilterChain.doFilter(FilterChainProxy.java:374)
	at org.springframework.security.web.csrf.CsrfFilter.doFilterInternal(CsrfFilter.java:117)
	at org.springframework.web.filter.OncePerRequestFilter.doFilter(OncePerRequestFilter.java:116)
	at org.springframework.security.web.FilterChainProxy$VirtualFilterChain.doFilter(FilterChainProxy.java:374)
	at org.springframework.security.web.header.HeaderWriterFilter.doHeadersAfter(HeaderWriterFilter.java:90)
	at org.springframework.security.web.header.HeaderWriterFilter.doFilterInternal(HeaderWriterFilter.java:75)
	at org.springframework.web.filter.OncePerRequestFilter.doFilter(OncePerRequestFilter.java:116)
	at org.springframework.security.web.FilterChainProxy$VirtualFilterChain.doFilter(FilterChainProxy.java:374)
	at org.springframework.security.web.context.SecurityContextHolderFilter.doFilter(SecurityContextHolderFilter.java:82)
	at org.springframework.security.web.context.SecurityContextHolderFilter.doFilter(SecurityContextHolderFilter.java:69)
	at org.springframework.security.web.FilterChainProxy$VirtualFilterChain.doFilter(FilterChainProxy.java:374)
	at org.springframework.security.web.context.request.async.WebAsyncManagerIntegrationFilter.doFilterInternal(WebAsyncManagerIntegrationFilter.java:62)
	at org.springframework.web.filter.OncePerRequestFilter.doFilter(OncePerRequestFilter.java:116)
	at org.springframework.security.web.FilterChainProxy$VirtualFilterChain.doFilter(FilterChainProxy.java:374)
	at org.springframework.security.web.session.DisableEncodeUrlFilter.doFilterInternal(DisableEncodeUrlFilter.java:42)
	at org.springframework.web.filter.OncePerRequestFilter.doFilter(OncePerRequestFilter.java:116)
	at org.springframework.security.web.FilterChainProxy$VirtualFilterChain.doFilter(FilterChainProxy.java:374)
	at org.springframework.security.web.FilterChainProxy.doFilterInternal(FilterChainProxy.java:233)
	at org.springframework.security.web.FilterChainProxy.doFilter(FilterChainProxy.java:191)
	at org.springframework.web.filter.CompositeFilter$VirtualFilterChain.doFilter(CompositeFilter.java:113)
	at org.springframework.web.servlet.handler.HandlerMappingIntrospector.lambda$createCacheFilter$3(HandlerMappingIntrospector.java:195)
	at org.springframework.web.filter.CompositeFilter$VirtualFilterChain.doFilter(CompositeFilter.java:113)
	at org.springframework.web.filter.CompositeFilter.doFilter(CompositeFilter.java:74)
	at org.springframework.security.config.annotation.web.configuration.WebMvcSecurityConfiguration$CompositeFilterChainProxy.doFilter(WebMvcSecurityConfiguration.java:230)
	at org.springframework.web.filter.DelegatingFilterProxy.invokeDelegate(DelegatingFilterProxy.java:352)
	at org.springframework.web.filter.DelegatingFilterProxy.doFilter(DelegatingFilterProxy.java:268)
	at org.apache.catalina.core.ApplicationFilterChain.internalDoFilter(ApplicationFilterChain.java:164)
	at org.apache.catalina.core.ApplicationFilterChain.doFilter(ApplicationFilterChain.java:140)
	at org.springframework.web.filter.RequestContextFilter.doFilterInternal(RequestContextFilter.java:100)
	at org.springframework.web.filter.OncePerRequestFilter.doFilter(OncePerRequestFilter.java:116)
	at org.apache.catalina.core.ApplicationFilterChain.internalDoFilter(ApplicationFilterChain.java:164)
	at org.apache.catalina.core.ApplicationFilterChain.doFilter(ApplicationFilterChain.java:140)
	at org.springframework.web.filter.FormContentFilter.doFilterInternal(FormContentFilter.java:93)
	at org.springframework.web.filter.OncePerRequestFilter.doFilter(OncePerRequestFilter.java:116)
	at org.apache.catalina.core.ApplicationFilterChain.internalDoFilter(ApplicationFilterChain.java:164)
	at org.apache.catalina.core.ApplicationFilterChain.doFilter(ApplicationFilterChain.java:140)
	at org.springframework.web.filter.CharacterEncodingFilter.doFilterInternal(CharacterEncodingFilter.java:201)
	at org.springframework.web.filter.OncePerRequestFilter.doFilter(OncePerRequestFilter.java:116)
	at org.apache.catalina.core.ApplicationFilterChain.internalDoFilter(ApplicationFilterChain.java:164)
	at org.apache.catalina.core.ApplicationFilterChain.doFilter(ApplicationFilterChain.java:140)
	at org.apache.catalina.core.StandardWrapperValve.invoke(StandardWrapperValve.java:167)
	at org.apache.catalina.core.StandardContextValve.invoke(StandardContextValve.java:90)
	at org.apache.catalina.authenticator.AuthenticatorBase.invoke(AuthenticatorBase.java:483)
	at org.apache.catalina.core.StandardHostValve.invoke(StandardHostValve.java:115)
	at org.apache.catalina.valves.ErrorReportValve.invoke(ErrorReportValve.java:93)
	at org.apache.catalina.core.StandardEngineValve.invoke(StandardEngineValve.java:74)
	at org.apache.catalina.connector.CoyoteAdapter.service(CoyoteAdapter.java:344)
	at org.apache.coyote.http11.Http11Processor.service(Http11Processor.java:384)
	at org.apache.coyote.AbstractProcessorLight.process(AbstractProcessorLight.java:63)
	at org.apache.coyote.AbstractProtocol$ConnectionHandler.process(AbstractProtocol.java:904)
	at org.apache.tomcat.util.net.NioEndpoint$SocketProcessor.doRun(NioEndpoint.java:1741)
	at org.apache.tomcat.util.net.SocketProcessorBase.run(SocketProcessorBase.java:52)
	at org.apache.tomcat.util.threads.ThreadPoolExecutor.runWorker(ThreadPoolExecutor.java:1190)
	at org.apache.tomcat.util.threads.ThreadPoolExecutor$Worker.run(ThreadPoolExecutor.java:659)
	at org.apache.tomcat.util.threads.TaskThread$WrappingRunnable.run(TaskThread.java:63)
	at java.base/java.lang.Thread.run(Thread.java:840)
2025-05-02 14:51:28 [http-nio-8080-exec-7] INFO  APP - 【INFO】時間: 1746165088014 | 処理対象: 在庫一覧画面 | 処理内容: 初期表示 | 処理結果: 開始
2025-05-02 14:51:28 [http-nio-8080-exec-7] ERROR o.a.c.c.C.[.[.[.[dispatcherServlet] - Servlet.service() for servlet [dispatcherServlet] in context with path [] threw exception [Request processing failed: java.lang.IndexOutOfBoundsException: Index 1 out of bounds for length 1] with root cause
java.lang.IndexOutOfBoundsException: Index 1 out of bounds for length 1
	at java.base/jdk.internal.util.Preconditions.outOfBounds(Preconditions.java:64)
	at java.base/jdk.internal.util.Preconditions.outOfBoundsCheckIndex(Preconditions.java:70)
	at java.base/jdk.internal.util.Preconditions.checkIndex(Preconditions.java:266)
	at java.base/java.util.Objects.checkIndex(Objects.java:361)
	at java.base/java.util.ArrayList.get(ArrayList.java:427)
	at com.digitalojt.web.controller.StockInfoController.index(StockInfoController.java:86)
	at java.base/jdk.internal.reflect.NativeMethodAccessorImpl.invoke0(Native Method)
	at java.base/jdk.internal.reflect.NativeMethodAccessorImpl.invoke(NativeMethodAccessorImpl.java:77)
	at java.base/jdk.internal.reflect.DelegatingMethodAccessorImpl.invoke(DelegatingMethodAccessorImpl.java:43)
	at java.base/java.lang.reflect.Method.invoke(Method.java:568)
	at org.springframework.web.method.support.InvocableHandlerMethod.doInvoke(InvocableHandlerMethod.java:255)
	at org.springframework.web.method.support.InvocableHandlerMethod.invokeForRequest(InvocableHandlerMethod.java:188)
	at org.springframework.web.servlet.mvc.method.annotation.ServletInvocableHandlerMethod.invokeAndHandle(ServletInvocableHandlerMethod.java:118)
	at org.springframework.web.servlet.mvc.method.annotation.RequestMappingHandlerAdapter.invokeHandlerMethod(RequestMappingHandlerAdapter.java:926)
	at org.springframework.web.servlet.mvc.method.annotation.RequestMappingHandlerAdapter.handleInternal(RequestMappingHandlerAdapter.java:831)
	at org.springframework.web.servlet.mvc.method.AbstractHandlerMethodAdapter.handle(AbstractHandlerMethodAdapter.java:87)
	at org.springframework.web.servlet.DispatcherServlet.doDispatch(DispatcherServlet.java:1089)
	at org.springframework.web.servlet.DispatcherServlet.doService(DispatcherServlet.java:979)
	at org.springframework.web.servlet.FrameworkServlet.processRequest(FrameworkServlet.java:1014)
	at org.springframework.web.servlet.FrameworkServlet.doGet(FrameworkServlet.java:903)
	at jakarta.servlet.http.HttpServlet.service(HttpServlet.java:564)
	at org.springframework.web.servlet.FrameworkServlet.service(FrameworkServlet.java:885)
	at jakarta.servlet.http.HttpServlet.service(HttpServlet.java:658)
	at org.apache.catalina.core.ApplicationFilterChain.internalDoFilter(ApplicationFilterChain.java:195)
	at org.apache.catalina.core.ApplicationFilterChain.doFilter(ApplicationFilterChain.java:140)
	at org.apache.tomcat.websocket.server.WsFilter.doFilter(WsFilter.java:51)
	at org.apache.catalina.core.ApplicationFilterChain.internalDoFilter(ApplicationFilterChain.java:164)
	at org.apache.catalina.core.ApplicationFilterChain.doFilter(ApplicationFilterChain.java:140)
	at org.springframework.web.filter.CompositeFilter$VirtualFilterChain.doFilter(CompositeFilter.java:108)
	at org.springframework.security.web.FilterChainProxy.lambda$doFilterInternal$3(FilterChainProxy.java:231)
	at org.springframework.security.web.FilterChainProxy$VirtualFilterChain.doFilter(FilterChainProxy.java:365)
	at org.springframework.security.web.access.ExceptionTranslationFilter.doFilter(ExceptionTranslationFilter.java:126)
	at org.springframework.security.web.access.ExceptionTranslationFilter.doFilter(ExceptionTranslationFilter.java:120)
	at org.springframework.security.web.FilterChainProxy$VirtualFilterChain.doFilter(FilterChainProxy.java:374)
	at org.springframework.security.web.authentication.AnonymousAuthenticationFilter.doFilter(AnonymousAuthenticationFilter.java:100)
	at org.springframework.security.web.FilterChainProxy$VirtualFilterChain.doFilter(FilterChainProxy.java:374)
	at org.springframework.security.web.servletapi.SecurityContextHolderAwareRequestFilter.doFilter(SecurityContextHolderAwareRequestFilter.java:179)
	at org.springframework.security.web.FilterChainProxy$VirtualFilterChain.doFilter(FilterChainProxy.java:374)
	at org.springframework.security.web.savedrequest.RequestCacheAwareFilter.doFilter(RequestCacheAwareFilter.java:63)
	at org.springframework.security.web.FilterChainProxy$VirtualFilterChain.doFilter(FilterChainProxy.java:374)
	at org.springframework.security.web.authentication.AbstractAuthenticationProcessingFilter.doFilter(AbstractAuthenticationProcessingFilter.java:227)
	at org.springframework.security.web.authentication.AbstractAuthenticationProcessingFilter.doFilter(AbstractAuthenticationProcessingFilter.java:221)
	at org.springframework.security.web.FilterChainProxy$VirtualFilterChain.doFilter(FilterChainProxy.java:374)
	at org.springframework.security.web.authentication.logout.LogoutFilter.doFilter(LogoutFilter.java:107)
	at org.springframework.security.web.authentication.logout.LogoutFilter.doFilter(LogoutFilter.java:93)
	at org.springframework.security.web.FilterChainProxy$VirtualFilterChain.doFilter(FilterChainProxy.java:374)
	at org.springframework.security.web.csrf.CsrfFilter.doFilterInternal(CsrfFilter.java:117)
	at org.springframework.web.filter.OncePerRequestFilter.doFilter(OncePerRequestFilter.java:116)
	at org.springframework.security.web.FilterChainProxy$VirtualFilterChain.doFilter(FilterChainProxy.java:374)
	at org.springframework.security.web.header.HeaderWriterFilter.doHeadersAfter(HeaderWriterFilter.java:90)
	at org.springframework.security.web.header.HeaderWriterFilter.doFilterInternal(HeaderWriterFilter.java:75)
	at org.springframework.web.filter.OncePerRequestFilter.doFilter(OncePerRequestFilter.java:116)
	at org.springframework.security.web.FilterChainProxy$VirtualFilterChain.doFilter(FilterChainProxy.java:374)
	at org.springframework.security.web.context.SecurityContextHolderFilter.doFilter(SecurityContextHolderFilter.java:82)
	at org.springframework.security.web.context.SecurityContextHolderFilter.doFilter(SecurityContextHolderFilter.java:69)
	at org.springframework.security.web.FilterChainProxy$VirtualFilterChain.doFilter(FilterChainProxy.java:374)
	at org.springframework.security.web.context.request.async.WebAsyncManagerIntegrationFilter.doFilterInternal(WebAsyncManagerIntegrationFilter.java:62)
	at org.springframework.web.filter.OncePerRequestFilter.doFilter(OncePerRequestFilter.java:116)
	at org.springframework.security.web.FilterChainProxy$VirtualFilterChain.doFilter(FilterChainProxy.java:374)
	at org.springframework.security.web.session.DisableEncodeUrlFilter.doFilterInternal(DisableEncodeUrlFilter.java:42)
	at org.springframework.web.filter.OncePerRequestFilter.doFilter(OncePerRequestFilter.java:116)
	at org.springframework.security.web.FilterChainProxy$VirtualFilterChain.doFilter(FilterChainProxy.java:374)
	at org.springframework.security.web.FilterChainProxy.doFilterInternal(FilterChainProxy.java:233)
	at org.springframework.security.web.FilterChainProxy.doFilter(FilterChainProxy.java:191)
	at org.springframework.web.filter.CompositeFilter$VirtualFilterChain.doFilter(CompositeFilter.java:113)
	at org.springframework.web.servlet.handler.HandlerMappingIntrospector.lambda$createCacheFilter$3(HandlerMappingIntrospector.java:195)
	at org.springframework.web.filter.CompositeFilter$VirtualFilterChain.doFilter(CompositeFilter.java:113)
	at org.springframework.web.filter.CompositeFilter.doFilter(CompositeFilter.java:74)
	at org.springframework.security.config.annotation.web.configuration.WebMvcSecurityConfiguration$CompositeFilterChainProxy.doFilter(WebMvcSecurityConfiguration.java:230)
	at org.springframework.web.filter.DelegatingFilterProxy.invokeDelegate(DelegatingFilterProxy.java:352)
	at org.springframework.web.filter.DelegatingFilterProxy.doFilter(DelegatingFilterProxy.java:268)
	at org.apache.catalina.core.ApplicationFilterChain.internalDoFilter(ApplicationFilterChain.java:164)
	at org.apache.catalina.core.ApplicationFilterChain.doFilter(ApplicationFilterChain.java:140)
	at org.springframework.web.filter.RequestContextFilter.doFilterInternal(RequestContextFilter.java:100)
	at org.springframework.web.filter.OncePerRequestFilter.doFilter(OncePerRequestFilter.java:116)
	at org.apache.catalina.core.ApplicationFilterChain.internalDoFilter(ApplicationFilterChain.java:164)
	at org.apache.catalina.core.ApplicationFilterChain.doFilter(ApplicationFilterChain.java:140)
	at org.springframework.web.filter.FormContentFilter.doFilterInternal(FormContentFilter.java:93)
	at org.springframework.web.filter.OncePerRequestFilter.doFilter(OncePerRequestFilter.java:116)
	at org.apache.catalina.core.ApplicationFilterChain.internalDoFilter(ApplicationFilterChain.java:164)
	at org.apache.catalina.core.ApplicationFilterChain.doFilter(ApplicationFilterChain.java:140)
	at org.springframework.web.filter.CharacterEncodingFilter.doFilterInternal(CharacterEncodingFilter.java:201)
	at org.springframework.web.filter.OncePerRequestFilter.doFilter(OncePerRequestFilter.java:116)
	at org.apache.catalina.core.ApplicationFilterChain.internalDoFilter(ApplicationFilterChain.java:164)
	at org.apache.catalina.core.ApplicationFilterChain.doFilter(ApplicationFilterChain.java:140)
	at org.apache.catalina.core.StandardWrapperValve.invoke(StandardWrapperValve.java:167)
	at org.apache.catalina.core.StandardContextValve.invoke(StandardContextValve.java:90)
	at org.apache.catalina.authenticator.AuthenticatorBase.invoke(AuthenticatorBase.java:483)
	at org.apache.catalina.core.StandardHostValve.invoke(StandardHostValve.java:115)
	at org.apache.catalina.valves.ErrorReportValve.invoke(ErrorReportValve.java:93)
	at org.apache.catalina.core.StandardEngineValve.invoke(StandardEngineValve.java:74)
	at org.apache.catalina.connector.CoyoteAdapter.service(CoyoteAdapter.java:344)
	at org.apache.coyote.http11.Http11Processor.service(Http11Processor.java:384)
	at org.apache.coyote.AbstractProcessorLight.process(AbstractProcessorLight.java:63)
	at org.apache.coyote.AbstractProtocol$ConnectionHandler.process(AbstractProtocol.java:904)
	at org.apache.tomcat.util.net.NioEndpoint$SocketProcessor.doRun(NioEndpoint.java:1741)
	at org.apache.tomcat.util.net.SocketProcessorBase.run(SocketProcessorBase.java:52)
	at org.apache.tomcat.util.threads.ThreadPoolExecutor.runWorker(ThreadPoolExecutor.java:1190)
	at org.apache.tomcat.util.threads.ThreadPoolExecutor$Worker.run(ThreadPoolExecutor.java:659)
	at org.apache.tomcat.util.threads.TaskThread$WrappingRunnable.run(TaskThread.java:63)
	at java.base/java.lang.Thread.run(Thread.java:840)
2025-05-02 14:51:31 [http-nio-8080-exec-5] INFO  APP - 【INFO】時間: 1746165091811 | 処理対象: 在庫一覧画面 | 処理内容: 初期表示 | 処理結果: 開始
2025-05-02 14:51:31 [http-nio-8080-exec-5] ERROR o.a.c.c.C.[.[.[.[dispatcherServlet] - Servlet.service() for servlet [dispatcherServlet] in context with path [] threw exception [Request processing failed: java.lang.IndexOutOfBoundsException: Index 1 out of bounds for length 1] with root cause
java.lang.IndexOutOfBoundsException: Index 1 out of bounds for length 1
	at java.base/jdk.internal.util.Preconditions.outOfBounds(Preconditions.java:64)
	at java.base/jdk.internal.util.Preconditions.outOfBoundsCheckIndex(Preconditions.java:70)
	at java.base/jdk.internal.util.Preconditions.checkIndex(Preconditions.java:266)
	at java.base/java.util.Objects.checkIndex(Objects.java:361)
	at java.base/java.util.ArrayList.get(ArrayList.java:427)
	at com.digitalojt.web.controller.StockInfoController.index(StockInfoController.java:86)
	at java.base/jdk.internal.reflect.NativeMethodAccessorImpl.invoke0(Native Method)
	at java.base/jdk.internal.reflect.NativeMethodAccessorImpl.invoke(NativeMethodAccessorImpl.java:77)
	at java.base/jdk.internal.reflect.DelegatingMethodAccessorImpl.invoke(DelegatingMethodAccessorImpl.java:43)
	at java.base/java.lang.reflect.Method.invoke(Method.java:568)
	at org.springframework.web.method.support.InvocableHandlerMethod.doInvoke(InvocableHandlerMethod.java:255)
	at org.springframework.web.method.support.InvocableHandlerMethod.invokeForRequest(InvocableHandlerMethod.java:188)
	at org.springframework.web.servlet.mvc.method.annotation.ServletInvocableHandlerMethod.invokeAndHandle(ServletInvocableHandlerMethod.java:118)
	at org.springframework.web.servlet.mvc.method.annotation.RequestMappingHandlerAdapter.invokeHandlerMethod(RequestMappingHandlerAdapter.java:926)
	at org.springframework.web.servlet.mvc.method.annotation.RequestMappingHandlerAdapter.handleInternal(RequestMappingHandlerAdapter.java:831)
	at org.springframework.web.servlet.mvc.method.AbstractHandlerMethodAdapter.handle(AbstractHandlerMethodAdapter.java:87)
	at org.springframework.web.servlet.DispatcherServlet.doDispatch(DispatcherServlet.java:1089)
	at org.springframework.web.servlet.DispatcherServlet.doService(DispatcherServlet.java:979)
	at org.springframework.web.servlet.FrameworkServlet.processRequest(FrameworkServlet.java:1014)
	at org.springframework.web.servlet.FrameworkServlet.doGet(FrameworkServlet.java:903)
	at jakarta.servlet.http.HttpServlet.service(HttpServlet.java:564)
	at org.springframework.web.servlet.FrameworkServlet.service(FrameworkServlet.java:885)
	at jakarta.servlet.http.HttpServlet.service(HttpServlet.java:658)
	at org.apache.catalina.core.ApplicationFilterChain.internalDoFilter(ApplicationFilterChain.java:195)
	at org.apache.catalina.core.ApplicationFilterChain.doFilter(ApplicationFilterChain.java:140)
	at org.apache.tomcat.websocket.server.WsFilter.doFilter(WsFilter.java:51)
	at org.apache.catalina.core.ApplicationFilterChain.internalDoFilter(ApplicationFilterChain.java:164)
	at org.apache.catalina.core.ApplicationFilterChain.doFilter(ApplicationFilterChain.java:140)
	at org.springframework.web.filter.CompositeFilter$VirtualFilterChain.doFilter(CompositeFilter.java:108)
	at org.springframework.security.web.FilterChainProxy.lambda$doFilterInternal$3(FilterChainProxy.java:231)
	at org.springframework.security.web.FilterChainProxy$VirtualFilterChain.doFilter(FilterChainProxy.java:365)
	at org.springframework.security.web.access.ExceptionTranslationFilter.doFilter(ExceptionTranslationFilter.java:126)
	at org.springframework.security.web.access.ExceptionTranslationFilter.doFilter(ExceptionTranslationFilter.java:120)
	at org.springframework.security.web.FilterChainProxy$VirtualFilterChain.doFilter(FilterChainProxy.java:374)
	at org.springframework.security.web.authentication.AnonymousAuthenticationFilter.doFilter(AnonymousAuthenticationFilter.java:100)
	at org.springframework.security.web.FilterChainProxy$VirtualFilterChain.doFilter(FilterChainProxy.java:374)
	at org.springframework.security.web.servletapi.SecurityContextHolderAwareRequestFilter.doFilter(SecurityContextHolderAwareRequestFilter.java:179)
	at org.springframework.security.web.FilterChainProxy$VirtualFilterChain.doFilter(FilterChainProxy.java:374)
	at org.springframework.security.web.savedrequest.RequestCacheAwareFilter.doFilter(RequestCacheAwareFilter.java:63)
	at org.springframework.security.web.FilterChainProxy$VirtualFilterChain.doFilter(FilterChainProxy.java:374)
	at org.springframework.security.web.authentication.AbstractAuthenticationProcessingFilter.doFilter(AbstractAuthenticationProcessingFilter.java:227)
	at org.springframework.security.web.authentication.AbstractAuthenticationProcessingFilter.doFilter(AbstractAuthenticationProcessingFilter.java:221)
	at org.springframework.security.web.FilterChainProxy$VirtualFilterChain.doFilter(FilterChainProxy.java:374)
	at org.springframework.security.web.authentication.logout.LogoutFilter.doFilter(LogoutFilter.java:107)
	at org.springframework.security.web.authentication.logout.LogoutFilter.doFilter(LogoutFilter.java:93)
	at org.springframework.security.web.FilterChainProxy$VirtualFilterChain.doFilter(FilterChainProxy.java:374)
	at org.springframework.security.web.csrf.CsrfFilter.doFilterInternal(CsrfFilter.java:117)
	at org.springframework.web.filter.OncePerRequestFilter.doFilter(OncePerRequestFilter.java:116)
	at org.springframework.security.web.FilterChainProxy$VirtualFilterChain.doFilter(FilterChainProxy.java:374)
	at org.springframework.security.web.header.HeaderWriterFilter.doHeadersAfter(HeaderWriterFilter.java:90)
	at org.springframework.security.web.header.HeaderWriterFilter.doFilterInternal(HeaderWriterFilter.java:75)
	at org.springframework.web.filter.OncePerRequestFilter.doFilter(OncePerRequestFilter.java:116)
	at org.springframework.security.web.FilterChainProxy$VirtualFilterChain.doFilter(FilterChainProxy.java:374)
	at org.springframework.security.web.context.SecurityContextHolderFilter.doFilter(SecurityContextHolderFilter.java:82)
	at org.springframework.security.web.context.SecurityContextHolderFilter.doFilter(SecurityContextHolderFilter.java:69)
	at org.springframework.security.web.FilterChainProxy$VirtualFilterChain.doFilter(FilterChainProxy.java:374)
	at org.springframework.security.web.context.request.async.WebAsyncManagerIntegrationFilter.doFilterInternal(WebAsyncManagerIntegrationFilter.java:62)
	at org.springframework.web.filter.OncePerRequestFilter.doFilter(OncePerRequestFilter.java:116)
	at org.springframework.security.web.FilterChainProxy$VirtualFilterChain.doFilter(FilterChainProxy.java:374)
	at org.springframework.security.web.session.DisableEncodeUrlFilter.doFilterInternal(DisableEncodeUrlFilter.java:42)
	at org.springframework.web.filter.OncePerRequestFilter.doFilter(OncePerRequestFilter.java:116)
	at org.springframework.security.web.FilterChainProxy$VirtualFilterChain.doFilter(FilterChainProxy.java:374)
	at org.springframework.security.web.FilterChainProxy.doFilterInternal(FilterChainProxy.java:233)
	at org.springframework.security.web.FilterChainProxy.doFilter(FilterChainProxy.java:191)
	at org.springframework.web.filter.CompositeFilter$VirtualFilterChain.doFilter(CompositeFilter.java:113)
	at org.springframework.web.servlet.handler.HandlerMappingIntrospector.lambda$createCacheFilter$3(HandlerMappingIntrospector.java:195)
	at org.springframework.web.filter.CompositeFilter$VirtualFilterChain.doFilter(CompositeFilter.java:113)
	at org.springframework.web.filter.CompositeFilter.doFilter(CompositeFilter.java:74)
	at org.springframework.security.config.annotation.web.configuration.WebMvcSecurityConfiguration$CompositeFilterChainProxy.doFilter(WebMvcSecurityConfiguration.java:230)
	at org.springframework.web.filter.DelegatingFilterProxy.invokeDelegate(DelegatingFilterProxy.java:352)
	at org.springframework.web.filter.DelegatingFilterProxy.doFilter(DelegatingFilterProxy.java:268)
	at org.apache.catalina.core.ApplicationFilterChain.internalDoFilter(ApplicationFilterChain.java:164)
	at org.apache.catalina.core.ApplicationFilterChain.doFilter(ApplicationFilterChain.java:140)
	at org.springframework.web.filter.RequestContextFilter.doFilterInternal(RequestContextFilter.java:100)
	at org.springframework.web.filter.OncePerRequestFilter.doFilter(OncePerRequestFilter.java:116)
	at org.apache.catalina.core.ApplicationFilterChain.internalDoFilter(ApplicationFilterChain.java:164)
	at org.apache.catalina.core.ApplicationFilterChain.doFilter(ApplicationFilterChain.java:140)
	at org.springframework.web.filter.FormContentFilter.doFilterInternal(FormContentFilter.java:93)
	at org.springframework.web.filter.OncePerRequestFilter.doFilter(OncePerRequestFilter.java:116)
	at org.apache.catalina.core.ApplicationFilterChain.internalDoFilter(ApplicationFilterChain.java:164)
	at org.apache.catalina.core.ApplicationFilterChain.doFilter(ApplicationFilterChain.java:140)
	at org.springframework.web.filter.CharacterEncodingFilter.doFilterInternal(CharacterEncodingFilter.java:201)
	at org.springframework.web.filter.OncePerRequestFilter.doFilter(OncePerRequestFilter.java:116)
	at org.apache.catalina.core.ApplicationFilterChain.internalDoFilter(ApplicationFilterChain.java:164)
	at org.apache.catalina.core.ApplicationFilterChain.doFilter(ApplicationFilterChain.java:140)
	at org.apache.catalina.core.StandardWrapperValve.invoke(StandardWrapperValve.java:167)
	at org.apache.catalina.core.StandardContextValve.invoke(StandardContextValve.java:90)
	at org.apache.catalina.authenticator.AuthenticatorBase.invoke(AuthenticatorBase.java:483)
	at org.apache.catalina.core.StandardHostValve.invoke(StandardHostValve.java:115)
	at org.apache.catalina.valves.ErrorReportValve.invoke(ErrorReportValve.java:93)
	at org.apache.catalina.core.StandardEngineValve.invoke(StandardEngineValve.java:74)
	at org.apache.catalina.connector.CoyoteAdapter.service(CoyoteAdapter.java:344)
	at org.apache.coyote.http11.Http11Processor.service(Http11Processor.java:384)
	at org.apache.coyote.AbstractProcessorLight.process(AbstractProcessorLight.java:63)
	at org.apache.coyote.AbstractProtocol$ConnectionHandler.process(AbstractProtocol.java:904)
	at org.apache.tomcat.util.net.NioEndpoint$SocketProcessor.doRun(NioEndpoint.java:1741)
	at org.apache.tomcat.util.net.SocketProcessorBase.run(SocketProcessorBase.java:52)
	at org.apache.tomcat.util.threads.ThreadPoolExecutor.runWorker(ThreadPoolExecutor.java:1190)
	at org.apache.tomcat.util.threads.ThreadPoolExecutor$Worker.run(ThreadPoolExecutor.java:659)
	at org.apache.tomcat.util.threads.TaskThread$WrappingRunnable.run(TaskThread.java:63)
	at java.base/java.lang.Thread.run(Thread.java:840)
2025-05-02 14:51:33 [http-nio-8080-exec-4] INFO  APP - 【INFO】時間: 1746165093851 | 処理対象: 在庫センター情報画面 | 処理内容: 初期表示 | 処理結果: 開始
2025-05-02 14:51:33 [http-nio-8080-exec-4] INFO  APP - 【INFO】時間: 1746165093863 | 処理対象: 在庫センター情報画面 | 処理内容: 初期表示 | 処理結果: 成功
2025-05-02 14:51:34 [http-nio-8080-exec-4] INFO  APP - 【INFO】時間: 1746165094706 | 処理対象: 在庫一覧画面 | 処理内容: 初期表示 | 処理結果: 開始
2025-05-02 14:51:34 [http-nio-8080-exec-4] ERROR o.a.c.c.C.[.[.[.[dispatcherServlet] - Servlet.service() for servlet [dispatcherServlet] in context with path [] threw exception [Request processing failed: java.lang.IndexOutOfBoundsException: Index 1 out of bounds for length 1] with root cause
java.lang.IndexOutOfBoundsException: Index 1 out of bounds for length 1
	at java.base/jdk.internal.util.Preconditions.outOfBounds(Preconditions.java:64)
	at java.base/jdk.internal.util.Preconditions.outOfBoundsCheckIndex(Preconditions.java:70)
	at java.base/jdk.internal.util.Preconditions.checkIndex(Preconditions.java:266)
	at java.base/java.util.Objects.checkIndex(Objects.java:361)
	at java.base/java.util.ArrayList.get(ArrayList.java:427)
	at com.digitalojt.web.controller.StockInfoController.index(StockInfoController.java:86)
	at java.base/jdk.internal.reflect.NativeMethodAccessorImpl.invoke0(Native Method)
	at java.base/jdk.internal.reflect.NativeMethodAccessorImpl.invoke(NativeMethodAccessorImpl.java:77)
	at java.base/jdk.internal.reflect.DelegatingMethodAccessorImpl.invoke(DelegatingMethodAccessorImpl.java:43)
	at java.base/java.lang.reflect.Method.invoke(Method.java:568)
	at org.springframework.web.method.support.InvocableHandlerMethod.doInvoke(InvocableHandlerMethod.java:255)
	at org.springframework.web.method.support.InvocableHandlerMethod.invokeForRequest(InvocableHandlerMethod.java:188)
	at org.springframework.web.servlet.mvc.method.annotation.ServletInvocableHandlerMethod.invokeAndHandle(ServletInvocableHandlerMethod.java:118)
	at org.springframework.web.servlet.mvc.method.annotation.RequestMappingHandlerAdapter.invokeHandlerMethod(RequestMappingHandlerAdapter.java:926)
	at org.springframework.web.servlet.mvc.method.annotation.RequestMappingHandlerAdapter.handleInternal(RequestMappingHandlerAdapter.java:831)
	at org.springframework.web.servlet.mvc.method.AbstractHandlerMethodAdapter.handle(AbstractHandlerMethodAdapter.java:87)
	at org.springframework.web.servlet.DispatcherServlet.doDispatch(DispatcherServlet.java:1089)
	at org.springframework.web.servlet.DispatcherServlet.doService(DispatcherServlet.java:979)
	at org.springframework.web.servlet.FrameworkServlet.processRequest(FrameworkServlet.java:1014)
	at org.springframework.web.servlet.FrameworkServlet.doGet(FrameworkServlet.java:903)
	at jakarta.servlet.http.HttpServlet.service(HttpServlet.java:564)
	at org.springframework.web.servlet.FrameworkServlet.service(FrameworkServlet.java:885)
	at jakarta.servlet.http.HttpServlet.service(HttpServlet.java:658)
	at org.apache.catalina.core.ApplicationFilterChain.internalDoFilter(ApplicationFilterChain.java:195)
	at org.apache.catalina.core.ApplicationFilterChain.doFilter(ApplicationFilterChain.java:140)
	at org.apache.tomcat.websocket.server.WsFilter.doFilter(WsFilter.java:51)
	at org.apache.catalina.core.ApplicationFilterChain.internalDoFilter(ApplicationFilterChain.java:164)
	at org.apache.catalina.core.ApplicationFilterChain.doFilter(ApplicationFilterChain.java:140)
	at org.springframework.web.filter.CompositeFilter$VirtualFilterChain.doFilter(CompositeFilter.java:108)
	at org.springframework.security.web.FilterChainProxy.lambda$doFilterInternal$3(FilterChainProxy.java:231)
	at org.springframework.security.web.FilterChainProxy$VirtualFilterChain.doFilter(FilterChainProxy.java:365)
	at org.springframework.security.web.access.ExceptionTranslationFilter.doFilter(ExceptionTranslationFilter.java:126)
	at org.springframework.security.web.access.ExceptionTranslationFilter.doFilter(ExceptionTranslationFilter.java:120)
	at org.springframework.security.web.FilterChainProxy$VirtualFilterChain.doFilter(FilterChainProxy.java:374)
	at org.springframework.security.web.authentication.AnonymousAuthenticationFilter.doFilter(AnonymousAuthenticationFilter.java:100)
	at org.springframework.security.web.FilterChainProxy$VirtualFilterChain.doFilter(FilterChainProxy.java:374)
	at org.springframework.security.web.servletapi.SecurityContextHolderAwareRequestFilter.doFilter(SecurityContextHolderAwareRequestFilter.java:179)
	at org.springframework.security.web.FilterChainProxy$VirtualFilterChain.doFilter(FilterChainProxy.java:374)
	at org.springframework.security.web.savedrequest.RequestCacheAwareFilter.doFilter(RequestCacheAwareFilter.java:63)
	at org.springframework.security.web.FilterChainProxy$VirtualFilterChain.doFilter(FilterChainProxy.java:374)
	at org.springframework.security.web.authentication.AbstractAuthenticationProcessingFilter.doFilter(AbstractAuthenticationProcessingFilter.java:227)
	at org.springframework.security.web.authentication.AbstractAuthenticationProcessingFilter.doFilter(AbstractAuthenticationProcessingFilter.java:221)
	at org.springframework.security.web.FilterChainProxy$VirtualFilterChain.doFilter(FilterChainProxy.java:374)
	at org.springframework.security.web.authentication.logout.LogoutFilter.doFilter(LogoutFilter.java:107)
	at org.springframework.security.web.authentication.logout.LogoutFilter.doFilter(LogoutFilter.java:93)
	at org.springframework.security.web.FilterChainProxy$VirtualFilterChain.doFilter(FilterChainProxy.java:374)
	at org.springframework.security.web.csrf.CsrfFilter.doFilterInternal(CsrfFilter.java:117)
	at org.springframework.web.filter.OncePerRequestFilter.doFilter(OncePerRequestFilter.java:116)
	at org.springframework.security.web.FilterChainProxy$VirtualFilterChain.doFilter(FilterChainProxy.java:374)
	at org.springframework.security.web.header.HeaderWriterFilter.doHeadersAfter(HeaderWriterFilter.java:90)
	at org.springframework.security.web.header.HeaderWriterFilter.doFilterInternal(HeaderWriterFilter.java:75)
	at org.springframework.web.filter.OncePerRequestFilter.doFilter(OncePerRequestFilter.java:116)
	at org.springframework.security.web.FilterChainProxy$VirtualFilterChain.doFilter(FilterChainProxy.java:374)
	at org.springframework.security.web.context.SecurityContextHolderFilter.doFilter(SecurityContextHolderFilter.java:82)
	at org.springframework.security.web.context.SecurityContextHolderFilter.doFilter(SecurityContextHolderFilter.java:69)
	at org.springframework.security.web.FilterChainProxy$VirtualFilterChain.doFilter(FilterChainProxy.java:374)
	at org.springframework.security.web.context.request.async.WebAsyncManagerIntegrationFilter.doFilterInternal(WebAsyncManagerIntegrationFilter.java:62)
	at org.springframework.web.filter.OncePerRequestFilter.doFilter(OncePerRequestFilter.java:116)
	at org.springframework.security.web.FilterChainProxy$VirtualFilterChain.doFilter(FilterChainProxy.java:374)
	at org.springframework.security.web.session.DisableEncodeUrlFilter.doFilterInternal(DisableEncodeUrlFilter.java:42)
	at org.springframework.web.filter.OncePerRequestFilter.doFilter(OncePerRequestFilter.java:116)
	at org.springframework.security.web.FilterChainProxy$VirtualFilterChain.doFilter(FilterChainProxy.java:374)
	at org.springframework.security.web.FilterChainProxy.doFilterInternal(FilterChainProxy.java:233)
	at org.springframework.security.web.FilterChainProxy.doFilter(FilterChainProxy.java:191)
	at org.springframework.web.filter.CompositeFilter$VirtualFilterChain.doFilter(CompositeFilter.java:113)
	at org.springframework.web.servlet.handler.HandlerMappingIntrospector.lambda$createCacheFilter$3(HandlerMappingIntrospector.java:195)
	at org.springframework.web.filter.CompositeFilter$VirtualFilterChain.doFilter(CompositeFilter.java:113)
	at org.springframework.web.filter.CompositeFilter.doFilter(CompositeFilter.java:74)
	at org.springframework.security.config.annotation.web.configuration.WebMvcSecurityConfiguration$CompositeFilterChainProxy.doFilter(WebMvcSecurityConfiguration.java:230)
	at org.springframework.web.filter.DelegatingFilterProxy.invokeDelegate(DelegatingFilterProxy.java:352)
	at org.springframework.web.filter.DelegatingFilterProxy.doFilter(DelegatingFilterProxy.java:268)
	at org.apache.catalina.core.ApplicationFilterChain.internalDoFilter(ApplicationFilterChain.java:164)
	at org.apache.catalina.core.ApplicationFilterChain.doFilter(ApplicationFilterChain.java:140)
	at org.springframework.web.filter.RequestContextFilter.doFilterInternal(RequestContextFilter.java:100)
	at org.springframework.web.filter.OncePerRequestFilter.doFilter(OncePerRequestFilter.java:116)
	at org.apache.catalina.core.ApplicationFilterChain.internalDoFilter(ApplicationFilterChain.java:164)
	at org.apache.catalina.core.ApplicationFilterChain.doFilter(ApplicationFilterChain.java:140)
	at org.springframework.web.filter.FormContentFilter.doFilterInternal(FormContentFilter.java:93)
	at org.springframework.web.filter.OncePerRequestFilter.doFilter(OncePerRequestFilter.java:116)
	at org.apache.catalina.core.ApplicationFilterChain.internalDoFilter(ApplicationFilterChain.java:164)
	at org.apache.catalina.core.ApplicationFilterChain.doFilter(ApplicationFilterChain.java:140)
	at org.springframework.web.filter.CharacterEncodingFilter.doFilterInternal(CharacterEncodingFilter.java:201)
	at org.springframework.web.filter.OncePerRequestFilter.doFilter(OncePerRequestFilter.java:116)
	at org.apache.catalina.core.ApplicationFilterChain.internalDoFilter(ApplicationFilterChain.java:164)
	at org.apache.catalina.core.ApplicationFilterChain.doFilter(ApplicationFilterChain.java:140)
	at org.apache.catalina.core.StandardWrapperValve.invoke(StandardWrapperValve.java:167)
	at org.apache.catalina.core.StandardContextValve.invoke(StandardContextValve.java:90)
	at org.apache.catalina.authenticator.AuthenticatorBase.invoke(AuthenticatorBase.java:483)
	at org.apache.catalina.core.StandardHostValve.invoke(StandardHostValve.java:115)
	at org.apache.catalina.valves.ErrorReportValve.invoke(ErrorReportValve.java:93)
	at org.apache.catalina.core.StandardEngineValve.invoke(StandardEngineValve.java:74)
	at org.apache.catalina.connector.CoyoteAdapter.service(CoyoteAdapter.java:344)
	at org.apache.coyote.http11.Http11Processor.service(Http11Processor.java:384)
	at org.apache.coyote.AbstractProcessorLight.process(AbstractProcessorLight.java:63)
	at org.apache.coyote.AbstractProtocol$ConnectionHandler.process(AbstractProtocol.java:904)
	at org.apache.tomcat.util.net.NioEndpoint$SocketProcessor.doRun(NioEndpoint.java:1741)
	at org.apache.tomcat.util.net.SocketProcessorBase.run(SocketProcessorBase.java:52)
	at org.apache.tomcat.util.threads.ThreadPoolExecutor.runWorker(ThreadPoolExecutor.java:1190)
	at org.apache.tomcat.util.threads.ThreadPoolExecutor$Worker.run(ThreadPoolExecutor.java:659)
	at org.apache.tomcat.util.threads.TaskThread$WrappingRunnable.run(TaskThread.java:63)
	at java.base/java.lang.Thread.run(Thread.java:840)
2025-05-02 14:56:05 [File Watcher] INFO  o.s.b.d.a.LocalDevToolsAutoConfiguration$RestartingClassPathChangeChangedEventListener - Restarting due to 1 class path change (0 additions, 0 deletions, 1 modification)
2025-05-02 14:56:05 [Thread-191] INFO  o.a.coyote.http11.Http11NioProtocol - Stopping ProtocolHandler ["http-nio-8080"]
2025-05-02 14:56:05 [Thread-191] INFO  o.s.o.j.LocalContainerEntityManagerFactoryBean - Closing JPA EntityManagerFactory for persistence unit 'default'
2025-05-02 14:56:05 [Thread-191] INFO  com.zaxxer.hikari.HikariDataSource - HikariPool-48 - Shutdown initiated...
2025-05-02 14:56:05 [Thread-191] INFO  com.zaxxer.hikari.HikariDataSource - HikariPool-48 - Shutdown completed.
2025-05-02 14:56:06 [restartedMain] INFO  c.d.w.DroneInventorySystemApplication - Starting DroneInventorySystemApplication using Java 17.0.10 with PID 773 (/Users/KurokiKazuma/Workspace/Digital-OJT/DroneInventorySystem/target/classes started by KurokiKazuma in /Users/KurokiKazuma/Workspace/Digital-OJT/DroneInventorySystem)
2025-05-02 14:56:06 [restartedMain] INFO  c.d.w.DroneInventorySystemApplication - The following 1 profile is active: "develop"
2025-05-02 14:56:06 [restartedMain] INFO  o.s.d.r.c.RepositoryConfigurationDelegate - Bootstrapping Spring Data JPA repositories in DEFAULT mode.
2025-05-02 14:56:06 [restartedMain] INFO  o.s.d.r.c.RepositoryConfigurationDelegate - Finished Spring Data repository scanning in 14 ms. Found 4 JPA repository interfaces.
2025-05-02 14:56:06 [restartedMain] INFO  o.s.b.w.e.tomcat.TomcatWebServer - Tomcat initialized with port 8080 (http)
2025-05-02 14:56:06 [restartedMain] INFO  o.a.coyote.http11.Http11NioProtocol - Initializing ProtocolHandler ["http-nio-8080"]
2025-05-02 14:56:06 [restartedMain] INFO  o.a.catalina.core.StandardService - Starting service [Tomcat]
2025-05-02 14:56:06 [restartedMain] INFO  o.a.catalina.core.StandardEngine - Starting Servlet engine: [Apache Tomcat/10.1.28]
2025-05-02 14:56:06 [restartedMain] INFO  o.a.c.c.C.[Tomcat].[localhost].[/] - Initializing Spring embedded WebApplicationContext
2025-05-02 14:56:06 [restartedMain] INFO  o.s.b.w.s.c.ServletWebServerApplicationContext - Root WebApplicationContext: initialization completed in 380 ms
2025-05-02 14:56:06 [restartedMain] INFO  com.zaxxer.hikari.HikariDataSource - HikariPool-49 - Starting...
2025-05-02 14:56:06 [restartedMain] INFO  com.zaxxer.hikari.pool.HikariPool - HikariPool-49 - Added connection com.mysql.cj.jdbc.ConnectionImpl@5ea098d5
2025-05-02 14:56:06 [restartedMain] INFO  com.zaxxer.hikari.HikariDataSource - HikariPool-49 - Start completed.
2025-05-02 14:56:06 [restartedMain] INFO  o.s.b.a.h.H2ConsoleAutoConfiguration - H2 console available at '/h2-console'. Database available at 'jdbc:mysql://localhost:3306/stock_mng'
2025-05-02 14:56:06 [restartedMain] INFO  o.s.o.j.p.SpringPersistenceUnitInfo - No LoadTimeWeaver setup: ignoring JPA class transformer
2025-05-02 14:56:06 [restartedMain] INFO  o.s.o.j.LocalContainerEntityManagerFactoryBean - Initialized JPA EntityManagerFactory for persistence unit 'default'
2025-05-02 14:56:06 [restartedMain] WARN  o.s.b.a.o.j.JpaBaseConfiguration$JpaWebConfiguration - spring.jpa.open-in-view is enabled by default. Therefore, database queries may be performed during view rendering. Explicitly configure spring.jpa.open-in-view to disable this warning
2025-05-02 14:56:06 [restartedMain] WARN  o.s.b.a.s.s.UserDetailsServiceAutoConfiguration - 

Using generated security password: 41672fee-d3e3-4368-9e4c-57a5816c7b08

This generated password is for development use only. Your security configuration must be updated before running your application in production.

2025-05-02 14:56:06 [restartedMain] INFO  o.s.s.web.DefaultSecurityFilterChain - Will secure any request with [org.springframework.security.web.session.DisableEncodeUrlFilter@d843f01, org.springframework.security.web.context.request.async.WebAsyncManagerIntegrationFilter@27042b97, org.springframework.security.web.context.SecurityContextHolderFilter@6c3da597, org.springframework.security.web.header.HeaderWriterFilter@5e81e9ba, org.springframework.security.web.csrf.CsrfFilter@2798a0e0, org.springframework.security.web.authentication.logout.LogoutFilter@33628d6c, org.springframework.security.web.authentication.UsernamePasswordAuthenticationFilter@2649b9bf, org.springframework.security.web.savedrequest.RequestCacheAwareFilter@e409750, org.springframework.security.web.servletapi.SecurityContextHolderAwareRequestFilter@699f8423, org.springframework.security.web.authentication.AnonymousAuthenticationFilter@aacbf6, org.springframework.security.web.access.ExceptionTranslationFilter@6ac3281]
2025-05-02 14:56:07 [restartedMain] INFO  o.s.b.d.a.OptionalLiveReloadServer - LiveReload server is running on port 35729
2025-05-02 14:56:07 [restartedMain] INFO  o.a.coyote.http11.Http11NioProtocol - Starting ProtocolHandler ["http-nio-8080"]
2025-05-02 14:56:07 [restartedMain] INFO  o.s.b.w.e.tomcat.TomcatWebServer - Tomcat started on port 8080 (http) with context path ''
2025-05-02 14:56:07 [restartedMain] INFO  c.d.w.DroneInventorySystemApplication - Started DroneInventorySystemApplication in 0.937 seconds (process running for 8274.851)
2025-05-02 14:56:07 [restartedMain] INFO  o.s.b.d.a.ConditionEvaluationDeltaLoggingListener - Condition evaluation unchanged
2025-05-02 14:56:25 [File Watcher] INFO  o.s.b.d.a.LocalDevToolsAutoConfiguration$RestartingClassPathChangeChangedEventListener - Restarting due to 1 class path change (0 additions, 0 deletions, 1 modification)
2025-05-02 14:56:25 [Thread-195] INFO  o.a.coyote.http11.Http11NioProtocol - Stopping ProtocolHandler ["http-nio-8080"]
2025-05-02 14:56:25 [Thread-195] INFO  o.s.o.j.LocalContainerEntityManagerFactoryBean - Closing JPA EntityManagerFactory for persistence unit 'default'
2025-05-02 14:56:25 [Thread-195] INFO  com.zaxxer.hikari.HikariDataSource - HikariPool-49 - Shutdown initiated...
2025-05-02 14:56:25 [Thread-195] INFO  com.zaxxer.hikari.HikariDataSource - HikariPool-49 - Shutdown completed.
2025-05-02 14:56:25 [restartedMain] INFO  c.d.w.DroneInventorySystemApplication - Starting DroneInventorySystemApplication using Java 17.0.10 with PID 773 (/Users/KurokiKazuma/Workspace/Digital-OJT/DroneInventorySystem/target/classes started by KurokiKazuma in /Users/KurokiKazuma/Workspace/Digital-OJT/DroneInventorySystem)
2025-05-02 14:56:25 [restartedMain] INFO  c.d.w.DroneInventorySystemApplication - The following 1 profile is active: "develop"
2025-05-02 14:56:26 [restartedMain] INFO  o.s.d.r.c.RepositoryConfigurationDelegate - Bootstrapping Spring Data JPA repositories in DEFAULT mode.
2025-05-02 14:56:26 [restartedMain] INFO  o.s.d.r.c.RepositoryConfigurationDelegate - Finished Spring Data repository scanning in 13 ms. Found 4 JPA repository interfaces.
2025-05-02 14:56:26 [restartedMain] INFO  o.s.b.w.e.tomcat.TomcatWebServer - Tomcat initialized with port 8080 (http)
2025-05-02 14:56:26 [restartedMain] INFO  o.a.coyote.http11.Http11NioProtocol - Initializing ProtocolHandler ["http-nio-8080"]
2025-05-02 14:56:26 [restartedMain] INFO  o.a.catalina.core.StandardService - Starting service [Tomcat]
2025-05-02 14:56:26 [restartedMain] INFO  o.a.catalina.core.StandardEngine - Starting Servlet engine: [Apache Tomcat/10.1.28]
2025-05-02 14:56:26 [restartedMain] INFO  o.a.c.c.C.[Tomcat].[localhost].[/] - Initializing Spring embedded WebApplicationContext
2025-05-02 14:56:26 [restartedMain] INFO  o.s.b.w.s.c.ServletWebServerApplicationContext - Root WebApplicationContext: initialization completed in 281 ms
2025-05-02 14:56:26 [restartedMain] INFO  com.zaxxer.hikari.HikariDataSource - HikariPool-50 - Starting...
2025-05-02 14:56:26 [restartedMain] INFO  com.zaxxer.hikari.pool.HikariPool - HikariPool-50 - Added connection com.mysql.cj.jdbc.ConnectionImpl@23ff4c9f
2025-05-02 14:56:26 [restartedMain] INFO  com.zaxxer.hikari.HikariDataSource - HikariPool-50 - Start completed.
2025-05-02 14:56:26 [restartedMain] INFO  o.s.b.a.h.H2ConsoleAutoConfiguration - H2 console available at '/h2-console'. Database available at 'jdbc:mysql://localhost:3306/stock_mng'
2025-05-02 14:56:26 [restartedMain] INFO  o.s.o.j.p.SpringPersistenceUnitInfo - No LoadTimeWeaver setup: ignoring JPA class transformer
2025-05-02 14:56:26 [restartedMain] INFO  o.s.o.j.LocalContainerEntityManagerFactoryBean - Initialized JPA EntityManagerFactory for persistence unit 'default'
2025-05-02 14:56:26 [restartedMain] WARN  o.s.b.a.o.j.JpaBaseConfiguration$JpaWebConfiguration - spring.jpa.open-in-view is enabled by default. Therefore, database queries may be performed during view rendering. Explicitly configure spring.jpa.open-in-view to disable this warning
2025-05-02 14:56:26 [restartedMain] WARN  o.s.b.a.s.s.UserDetailsServiceAutoConfiguration - 

Using generated security password: 48d66b1f-fbc9-4071-a13c-f7b7dae85cb2

This generated password is for development use only. Your security configuration must be updated before running your application in production.

2025-05-02 14:56:26 [restartedMain] INFO  o.s.s.web.DefaultSecurityFilterChain - Will secure any request with [org.springframework.security.web.session.DisableEncodeUrlFilter@472b9859, org.springframework.security.web.context.request.async.WebAsyncManagerIntegrationFilter@7e148c1a, org.springframework.security.web.context.SecurityContextHolderFilter@61dd0752, org.springframework.security.web.header.HeaderWriterFilter@55d83537, org.springframework.security.web.csrf.CsrfFilter@5c38dba1, org.springframework.security.web.authentication.logout.LogoutFilter@2f3d9ea3, org.springframework.security.web.authentication.UsernamePasswordAuthenticationFilter@459db4aa, org.springframework.security.web.savedrequest.RequestCacheAwareFilter@7ba22d1b, org.springframework.security.web.servletapi.SecurityContextHolderAwareRequestFilter@32360040, org.springframework.security.web.authentication.AnonymousAuthenticationFilter@3d9fcdfd, org.springframework.security.web.access.ExceptionTranslationFilter@52237fd0]
2025-05-02 14:56:26 [restartedMain] INFO  o.s.b.d.a.OptionalLiveReloadServer - LiveReload server is running on port 35729
2025-05-02 14:56:26 [restartedMain] INFO  o.a.coyote.http11.Http11NioProtocol - Starting ProtocolHandler ["http-nio-8080"]
2025-05-02 14:56:26 [restartedMain] INFO  o.s.b.w.e.tomcat.TomcatWebServer - Tomcat started on port 8080 (http) with context path ''
2025-05-02 14:56:26 [restartedMain] INFO  c.d.w.DroneInventorySystemApplication - Started DroneInventorySystemApplication in 0.736 seconds (process running for 8294.414)
2025-05-02 14:56:26 [restartedMain] INFO  o.s.b.d.a.ConditionEvaluationDeltaLoggingListener - Condition evaluation unchanged
2025-05-02 14:58:17 [File Watcher] INFO  o.s.b.d.a.LocalDevToolsAutoConfiguration$RestartingClassPathChangeChangedEventListener - Restarting due to 1 class path change (0 additions, 0 deletions, 1 modification)
2025-05-02 14:58:17 [Thread-199] INFO  o.a.coyote.http11.Http11NioProtocol - Stopping ProtocolHandler ["http-nio-8080"]
2025-05-02 14:58:17 [Thread-199] INFO  o.s.o.j.LocalContainerEntityManagerFactoryBean - Closing JPA EntityManagerFactory for persistence unit 'default'
2025-05-02 14:58:17 [Thread-199] INFO  com.zaxxer.hikari.HikariDataSource - HikariPool-50 - Shutdown initiated...
2025-05-02 14:58:17 [Thread-199] INFO  com.zaxxer.hikari.HikariDataSource - HikariPool-50 - Shutdown completed.
2025-05-02 14:58:17 [restartedMain] INFO  c.d.w.DroneInventorySystemApplication - Starting DroneInventorySystemApplication using Java 17.0.10 with PID 773 (/Users/KurokiKazuma/Workspace/Digital-OJT/DroneInventorySystem/target/classes started by KurokiKazuma in /Users/KurokiKazuma/Workspace/Digital-OJT/DroneInventorySystem)
2025-05-02 14:58:17 [restartedMain] INFO  c.d.w.DroneInventorySystemApplication - The following 1 profile is active: "develop"
2025-05-02 14:58:17 [restartedMain] INFO  o.s.d.r.c.RepositoryConfigurationDelegate - Bootstrapping Spring Data JPA repositories in DEFAULT mode.
2025-05-02 14:58:17 [restartedMain] INFO  o.s.d.r.c.RepositoryConfigurationDelegate - Finished Spring Data repository scanning in 11 ms. Found 4 JPA repository interfaces.
2025-05-02 14:58:18 [restartedMain] INFO  o.s.b.w.e.tomcat.TomcatWebServer - Tomcat initialized with port 8080 (http)
2025-05-02 14:58:18 [restartedMain] INFO  o.a.coyote.http11.Http11NioProtocol - Initializing ProtocolHandler ["http-nio-8080"]
2025-05-02 14:58:18 [restartedMain] INFO  o.a.catalina.core.StandardService - Starting service [Tomcat]
2025-05-02 14:58:18 [restartedMain] INFO  o.a.catalina.core.StandardEngine - Starting Servlet engine: [Apache Tomcat/10.1.28]
2025-05-02 14:58:18 [restartedMain] INFO  o.a.c.c.C.[Tomcat].[localhost].[/] - Initializing Spring embedded WebApplicationContext
2025-05-02 14:58:18 [restartedMain] INFO  o.s.b.w.s.c.ServletWebServerApplicationContext - Root WebApplicationContext: initialization completed in 272 ms
2025-05-02 14:58:18 [restartedMain] INFO  com.zaxxer.hikari.HikariDataSource - HikariPool-51 - Starting...
2025-05-02 14:58:18 [restartedMain] INFO  com.zaxxer.hikari.pool.HikariPool - HikariPool-51 - Added connection com.mysql.cj.jdbc.ConnectionImpl@7ad90f9f
2025-05-02 14:58:18 [restartedMain] INFO  com.zaxxer.hikari.HikariDataSource - HikariPool-51 - Start completed.
2025-05-02 14:58:18 [restartedMain] INFO  o.s.b.a.h.H2ConsoleAutoConfiguration - H2 console available at '/h2-console'. Database available at 'jdbc:mysql://localhost:3306/stock_mng'
2025-05-02 14:58:18 [restartedMain] INFO  o.s.o.j.p.SpringPersistenceUnitInfo - No LoadTimeWeaver setup: ignoring JPA class transformer
2025-05-02 14:58:18 [restartedMain] INFO  o.s.o.j.LocalContainerEntityManagerFactoryBean - Initialized JPA EntityManagerFactory for persistence unit 'default'
2025-05-02 14:58:18 [restartedMain] WARN  o.s.b.a.o.j.JpaBaseConfiguration$JpaWebConfiguration - spring.jpa.open-in-view is enabled by default. Therefore, database queries may be performed during view rendering. Explicitly configure spring.jpa.open-in-view to disable this warning
2025-05-02 14:58:18 [restartedMain] WARN  o.s.b.a.s.s.UserDetailsServiceAutoConfiguration - 

Using generated security password: 6e33668e-8c1c-470f-b72f-b71af3a53152

This generated password is for development use only. Your security configuration must be updated before running your application in production.

2025-05-02 14:58:18 [restartedMain] INFO  o.s.s.web.DefaultSecurityFilterChain - Will secure any request with [org.springframework.security.web.session.DisableEncodeUrlFilter@69a8fb97, org.springframework.security.web.context.request.async.WebAsyncManagerIntegrationFilter@1400f93c, org.springframework.security.web.context.SecurityContextHolderFilter@35527fea, org.springframework.security.web.header.HeaderWriterFilter@70c01def, org.springframework.security.web.csrf.CsrfFilter@53ee5091, org.springframework.security.web.authentication.logout.LogoutFilter@44887451, org.springframework.security.web.authentication.UsernamePasswordAuthenticationFilter@1e133e5a, org.springframework.security.web.savedrequest.RequestCacheAwareFilter@1419db09, org.springframework.security.web.servletapi.SecurityContextHolderAwareRequestFilter@125cb215, org.springframework.security.web.authentication.AnonymousAuthenticationFilter@13ad2d11, org.springframework.security.web.access.ExceptionTranslationFilter@364600a7]
2025-05-02 14:58:18 [restartedMain] INFO  o.s.b.d.a.OptionalLiveReloadServer - LiveReload server is running on port 35729
2025-05-02 14:58:18 [restartedMain] INFO  o.a.coyote.http11.Http11NioProtocol - Starting ProtocolHandler ["http-nio-8080"]
2025-05-02 14:58:18 [restartedMain] INFO  o.s.b.w.e.tomcat.TomcatWebServer - Tomcat started on port 8080 (http) with context path ''
2025-05-02 14:58:18 [restartedMain] INFO  c.d.w.DroneInventorySystemApplication - Started DroneInventorySystemApplication in 0.753 seconds (process running for 8406.332)
2025-05-02 14:58:18 [restartedMain] INFO  o.s.b.d.a.ConditionEvaluationDeltaLoggingListener - Condition evaluation unchanged
2025-05-02 14:59:55 [File Watcher] INFO  o.s.b.d.a.LocalDevToolsAutoConfiguration$RestartingClassPathChangeChangedEventListener - Restarting due to 1 class path change (0 additions, 0 deletions, 1 modification)
2025-05-02 14:59:55 [Thread-203] INFO  o.a.coyote.http11.Http11NioProtocol - Stopping ProtocolHandler ["http-nio-8080"]
2025-05-02 14:59:55 [Thread-203] INFO  o.s.o.j.LocalContainerEntityManagerFactoryBean - Closing JPA EntityManagerFactory for persistence unit 'default'
2025-05-02 14:59:55 [Thread-203] INFO  com.zaxxer.hikari.HikariDataSource - HikariPool-51 - Shutdown initiated...
2025-05-02 14:59:55 [Thread-203] INFO  com.zaxxer.hikari.HikariDataSource - HikariPool-51 - Shutdown completed.
2025-05-02 14:59:55 [restartedMain] INFO  c.d.w.DroneInventorySystemApplication - Starting DroneInventorySystemApplication using Java 17.0.10 with PID 773 (/Users/KurokiKazuma/Workspace/Digital-OJT/DroneInventorySystem/target/classes started by KurokiKazuma in /Users/KurokiKazuma/Workspace/Digital-OJT/DroneInventorySystem)
2025-05-02 14:59:55 [restartedMain] INFO  c.d.w.DroneInventorySystemApplication - The following 1 profile is active: "develop"
2025-05-02 14:59:55 [restartedMain] INFO  o.s.d.r.c.RepositoryConfigurationDelegate - Bootstrapping Spring Data JPA repositories in DEFAULT mode.
2025-05-02 14:59:55 [restartedMain] INFO  o.s.d.r.c.RepositoryConfigurationDelegate - Finished Spring Data repository scanning in 15 ms. Found 4 JPA repository interfaces.
2025-05-02 14:59:55 [restartedMain] INFO  o.s.b.w.e.tomcat.TomcatWebServer - Tomcat initialized with port 8080 (http)
2025-05-02 14:59:55 [restartedMain] INFO  o.a.coyote.http11.Http11NioProtocol - Initializing ProtocolHandler ["http-nio-8080"]
2025-05-02 14:59:55 [restartedMain] INFO  o.a.catalina.core.StandardService - Starting service [Tomcat]
2025-05-02 14:59:55 [restartedMain] INFO  o.a.catalina.core.StandardEngine - Starting Servlet engine: [Apache Tomcat/10.1.28]
2025-05-02 14:59:55 [restartedMain] INFO  o.a.c.c.C.[Tomcat].[localhost].[/] - Initializing Spring embedded WebApplicationContext
2025-05-02 14:59:55 [restartedMain] INFO  o.s.b.w.s.c.ServletWebServerApplicationContext - Root WebApplicationContext: initialization completed in 330 ms
2025-05-02 14:59:55 [restartedMain] INFO  com.zaxxer.hikari.HikariDataSource - HikariPool-52 - Starting...
2025-05-02 14:59:55 [restartedMain] INFO  com.zaxxer.hikari.pool.HikariPool - HikariPool-52 - Added connection com.mysql.cj.jdbc.ConnectionImpl@405527e7
2025-05-02 14:59:55 [restartedMain] INFO  com.zaxxer.hikari.HikariDataSource - HikariPool-52 - Start completed.
2025-05-02 14:59:55 [restartedMain] INFO  o.s.b.a.h.H2ConsoleAutoConfiguration - H2 console available at '/h2-console'. Database available at 'jdbc:mysql://localhost:3306/stock_mng'
2025-05-02 14:59:55 [restartedMain] INFO  o.s.o.j.p.SpringPersistenceUnitInfo - No LoadTimeWeaver setup: ignoring JPA class transformer
2025-05-02 14:59:55 [restartedMain] INFO  o.s.o.j.LocalContainerEntityManagerFactoryBean - Initialized JPA EntityManagerFactory for persistence unit 'default'
2025-05-02 14:59:56 [restartedMain] WARN  o.s.b.a.o.j.JpaBaseConfiguration$JpaWebConfiguration - spring.jpa.open-in-view is enabled by default. Therefore, database queries may be performed during view rendering. Explicitly configure spring.jpa.open-in-view to disable this warning
2025-05-02 14:59:56 [restartedMain] WARN  o.s.b.a.s.s.UserDetailsServiceAutoConfiguration - 

Using generated security password: efe47fce-87ac-4477-8a9b-382ca7588d78

This generated password is for development use only. Your security configuration must be updated before running your application in production.

2025-05-02 14:59:56 [restartedMain] INFO  o.s.s.web.DefaultSecurityFilterChain - Will secure any request with [org.springframework.security.web.session.DisableEncodeUrlFilter@2d8b6834, org.springframework.security.web.context.request.async.WebAsyncManagerIntegrationFilter@16be94a8, org.springframework.security.web.context.SecurityContextHolderFilter@38568797, org.springframework.security.web.header.HeaderWriterFilter@2c17c667, org.springframework.security.web.csrf.CsrfFilter@100b5d2c, org.springframework.security.web.authentication.logout.LogoutFilter@3256f5b4, org.springframework.security.web.authentication.UsernamePasswordAuthenticationFilter@32d4ce4d, org.springframework.security.web.savedrequest.RequestCacheAwareFilter@72fe5f8c, org.springframework.security.web.servletapi.SecurityContextHolderAwareRequestFilter@2c0668d3, org.springframework.security.web.authentication.AnonymousAuthenticationFilter@13c0289e, org.springframework.security.web.access.ExceptionTranslationFilter@d9a679f]
2025-05-02 14:59:56 [restartedMain] INFO  o.s.b.d.a.OptionalLiveReloadServer - LiveReload server is running on port 35729
2025-05-02 14:59:56 [restartedMain] INFO  o.a.coyote.http11.Http11NioProtocol - Starting ProtocolHandler ["http-nio-8080"]
2025-05-02 14:59:56 [restartedMain] INFO  o.s.b.w.e.tomcat.TomcatWebServer - Tomcat started on port 8080 (http) with context path ''
2025-05-02 14:59:56 [restartedMain] INFO  c.d.w.DroneInventorySystemApplication - Started DroneInventorySystemApplication in 0.872 seconds (process running for 8504.056)
2025-05-02 14:59:56 [restartedMain] INFO  o.s.b.d.a.ConditionEvaluationDeltaLoggingListener - Condition evaluation unchanged
2025-05-02 15:00:39 [File Watcher] INFO  o.s.b.d.a.LocalDevToolsAutoConfiguration$RestartingClassPathChangeChangedEventListener - Restarting due to 1 class path change (0 additions, 0 deletions, 1 modification)
2025-05-02 15:00:39 [Thread-207] INFO  o.a.coyote.http11.Http11NioProtocol - Stopping ProtocolHandler ["http-nio-8080"]
2025-05-02 15:00:39 [Thread-207] INFO  o.s.o.j.LocalContainerEntityManagerFactoryBean - Closing JPA EntityManagerFactory for persistence unit 'default'
2025-05-02 15:00:39 [Thread-207] INFO  com.zaxxer.hikari.HikariDataSource - HikariPool-52 - Shutdown initiated...
2025-05-02 15:00:39 [Thread-207] INFO  com.zaxxer.hikari.HikariDataSource - HikariPool-52 - Shutdown completed.
2025-05-02 15:00:39 [restartedMain] INFO  c.d.w.DroneInventorySystemApplication - Starting DroneInventorySystemApplication using Java 17.0.10 with PID 773 (/Users/KurokiKazuma/Workspace/Digital-OJT/DroneInventorySystem/target/classes started by KurokiKazuma in /Users/KurokiKazuma/Workspace/Digital-OJT/DroneInventorySystem)
2025-05-02 15:00:39 [restartedMain] INFO  c.d.w.DroneInventorySystemApplication - The following 1 profile is active: "develop"
2025-05-02 15:00:39 [restartedMain] INFO  o.s.d.r.c.RepositoryConfigurationDelegate - Bootstrapping Spring Data JPA repositories in DEFAULT mode.
2025-05-02 15:00:39 [restartedMain] INFO  o.s.d.r.c.RepositoryConfigurationDelegate - Finished Spring Data repository scanning in 12 ms. Found 4 JPA repository interfaces.
2025-05-02 15:00:39 [restartedMain] INFO  o.s.b.w.e.tomcat.TomcatWebServer - Tomcat initialized with port 8080 (http)
2025-05-02 15:00:39 [restartedMain] INFO  o.a.coyote.http11.Http11NioProtocol - Initializing ProtocolHandler ["http-nio-8080"]
2025-05-02 15:00:39 [restartedMain] INFO  o.a.catalina.core.StandardService - Starting service [Tomcat]
2025-05-02 15:00:39 [restartedMain] INFO  o.a.catalina.core.StandardEngine - Starting Servlet engine: [Apache Tomcat/10.1.28]
2025-05-02 15:00:39 [restartedMain] INFO  o.a.c.c.C.[Tomcat].[localhost].[/] - Initializing Spring embedded WebApplicationContext
2025-05-02 15:00:39 [restartedMain] INFO  o.s.b.w.s.c.ServletWebServerApplicationContext - Root WebApplicationContext: initialization completed in 291 ms
2025-05-02 15:00:39 [restartedMain] INFO  com.zaxxer.hikari.HikariDataSource - HikariPool-53 - Starting...
2025-05-02 15:00:39 [restartedMain] INFO  com.zaxxer.hikari.pool.HikariPool - HikariPool-53 - Added connection com.mysql.cj.jdbc.ConnectionImpl@4884a76b
2025-05-02 15:00:39 [restartedMain] INFO  com.zaxxer.hikari.HikariDataSource - HikariPool-53 - Start completed.
2025-05-02 15:00:39 [restartedMain] INFO  o.s.b.a.h.H2ConsoleAutoConfiguration - H2 console available at '/h2-console'. Database available at 'jdbc:mysql://localhost:3306/stock_mng'
2025-05-02 15:00:39 [restartedMain] INFO  o.s.o.j.p.SpringPersistenceUnitInfo - No LoadTimeWeaver setup: ignoring JPA class transformer
2025-05-02 15:00:39 [restartedMain] INFO  o.s.o.j.LocalContainerEntityManagerFactoryBean - Initialized JPA EntityManagerFactory for persistence unit 'default'
2025-05-02 15:00:39 [restartedMain] WARN  o.s.b.a.o.j.JpaBaseConfiguration$JpaWebConfiguration - spring.jpa.open-in-view is enabled by default. Therefore, database queries may be performed during view rendering. Explicitly configure spring.jpa.open-in-view to disable this warning
2025-05-02 15:00:39 [restartedMain] WARN  o.s.b.a.s.s.UserDetailsServiceAutoConfiguration - 

Using generated security password: b97dc614-1f0b-4550-b5b7-4240c8e73d80

This generated password is for development use only. Your security configuration must be updated before running your application in production.

2025-05-02 15:00:40 [restartedMain] INFO  o.s.s.web.DefaultSecurityFilterChain - Will secure any request with [org.springframework.security.web.session.DisableEncodeUrlFilter@622bdb12, org.springframework.security.web.context.request.async.WebAsyncManagerIntegrationFilter@d4b8866, org.springframework.security.web.context.SecurityContextHolderFilter@1543d383, org.springframework.security.web.header.HeaderWriterFilter@5ec375d5, org.springframework.security.web.csrf.CsrfFilter@69addbc9, org.springframework.security.web.authentication.logout.LogoutFilter@269c4900, org.springframework.security.web.authentication.UsernamePasswordAuthenticationFilter@d8b580b, org.springframework.security.web.savedrequest.RequestCacheAwareFilter@12b72171, org.springframework.security.web.servletapi.SecurityContextHolderAwareRequestFilter@6860f5f5, org.springframework.security.web.authentication.AnonymousAuthenticationFilter@495b1486, org.springframework.security.web.access.ExceptionTranslationFilter@7b3033a9]
2025-05-02 15:00:40 [restartedMain] INFO  o.s.b.d.a.OptionalLiveReloadServer - LiveReload server is running on port 35729
2025-05-02 15:00:40 [restartedMain] INFO  o.a.coyote.http11.Http11NioProtocol - Starting ProtocolHandler ["http-nio-8080"]
2025-05-02 15:00:40 [restartedMain] INFO  o.s.b.w.e.tomcat.TomcatWebServer - Tomcat started on port 8080 (http) with context path ''
2025-05-02 15:00:40 [restartedMain] INFO  c.d.w.DroneInventorySystemApplication - Started DroneInventorySystemApplication in 0.746 seconds (process running for 8547.909)
2025-05-02 15:00:40 [restartedMain] INFO  o.s.b.d.a.ConditionEvaluationDeltaLoggingListener - Condition evaluation unchanged
2025-05-02 15:00:43 [http-nio-8080-exec-1] INFO  o.a.c.c.C.[Tomcat].[localhost].[/] - Initializing Spring DispatcherServlet 'dispatcherServlet'
2025-05-02 15:00:43 [http-nio-8080-exec-1] INFO  o.s.web.servlet.DispatcherServlet - Initializing Servlet 'dispatcherServlet'
2025-05-02 15:00:43 [http-nio-8080-exec-1] INFO  o.s.web.servlet.DispatcherServlet - Completed initialization in 9 ms
2025-05-02 15:00:45 [http-nio-8080-exec-1] INFO  APP - 【INFO】時間: 1746165645011 | 処理対象: 在庫一覧画面 | 処理内容: 初期表示 | 処理結果: 開始
2025-05-02 15:00:45 [http-nio-8080-exec-1] INFO  APP - 【INFO】時間: 1746165645036 | 処理対象: 在庫一覧画面 | 処理内容: 初期表示 | 処理結果: 成功
2025-05-02 15:00:53 [http-nio-8080-exec-3] INFO  APP - 【INFO】時間: 1746165653921 | 処理対象: 在庫一覧画面 | 処理内容: 初期表示 | 処理結果: 開始
2025-05-02 15:00:53 [http-nio-8080-exec-3] INFO  APP - 【INFO】時間: 1746165653941 | 処理対象: 在庫一覧画面 | 処理内容: 初期表示 | 処理結果: 成功
2025-05-02 15:01:24 [File Watcher] INFO  o.s.b.d.a.LocalDevToolsAutoConfiguration$RestartingClassPathChangeChangedEventListener - Restarting due to 1 class path change (0 additions, 0 deletions, 1 modification)
2025-05-02 15:01:24 [Thread-211] INFO  o.a.coyote.http11.Http11NioProtocol - Stopping ProtocolHandler ["http-nio-8080"]
2025-05-02 15:01:24 [Thread-211] INFO  o.s.o.j.LocalContainerEntityManagerFactoryBean - Closing JPA EntityManagerFactory for persistence unit 'default'
2025-05-02 15:01:24 [Thread-211] INFO  com.zaxxer.hikari.HikariDataSource - HikariPool-53 - Shutdown initiated...
2025-05-02 15:01:24 [Thread-211] INFO  com.zaxxer.hikari.HikariDataSource - HikariPool-53 - Shutdown completed.
2025-05-02 15:01:24 [restartedMain] INFO  c.d.w.DroneInventorySystemApplication - Starting DroneInventorySystemApplication using Java 17.0.10 with PID 773 (/Users/KurokiKazuma/Workspace/Digital-OJT/DroneInventorySystem/target/classes started by KurokiKazuma in /Users/KurokiKazuma/Workspace/Digital-OJT/DroneInventorySystem)
2025-05-02 15:01:24 [restartedMain] INFO  c.d.w.DroneInventorySystemApplication - The following 1 profile is active: "develop"
2025-05-02 15:01:24 [restartedMain] INFO  o.s.d.r.c.RepositoryConfigurationDelegate - Bootstrapping Spring Data JPA repositories in DEFAULT mode.
2025-05-02 15:01:24 [restartedMain] INFO  o.s.d.r.c.RepositoryConfigurationDelegate - Finished Spring Data repository scanning in 14 ms. Found 4 JPA repository interfaces.
2025-05-02 15:01:24 [restartedMain] INFO  o.s.b.w.e.tomcat.TomcatWebServer - Tomcat initialized with port 8080 (http)
2025-05-02 15:01:24 [restartedMain] INFO  o.a.coyote.http11.Http11NioProtocol - Initializing ProtocolHandler ["http-nio-8080"]
2025-05-02 15:01:24 [restartedMain] INFO  o.a.catalina.core.StandardService - Starting service [Tomcat]
2025-05-02 15:01:24 [restartedMain] INFO  o.a.catalina.core.StandardEngine - Starting Servlet engine: [Apache Tomcat/10.1.28]
2025-05-02 15:01:24 [restartedMain] INFO  o.a.c.c.C.[Tomcat].[localhost].[/] - Initializing Spring embedded WebApplicationContext
2025-05-02 15:01:24 [restartedMain] INFO  o.s.b.w.s.c.ServletWebServerApplicationContext - Root WebApplicationContext: initialization completed in 312 ms
2025-05-02 15:01:24 [restartedMain] INFO  com.zaxxer.hikari.HikariDataSource - HikariPool-54 - Starting...
2025-05-02 15:01:24 [restartedMain] INFO  com.zaxxer.hikari.pool.HikariPool - HikariPool-54 - Added connection com.mysql.cj.jdbc.ConnectionImpl@39c59d6
2025-05-02 15:01:24 [restartedMain] INFO  com.zaxxer.hikari.HikariDataSource - HikariPool-54 - Start completed.
2025-05-02 15:01:24 [restartedMain] INFO  o.s.b.a.h.H2ConsoleAutoConfiguration - H2 console available at '/h2-console'. Database available at 'jdbc:mysql://localhost:3306/stock_mng'
2025-05-02 15:01:24 [restartedMain] INFO  o.s.o.j.p.SpringPersistenceUnitInfo - No LoadTimeWeaver setup: ignoring JPA class transformer
2025-05-02 15:01:24 [restartedMain] INFO  o.s.o.j.LocalContainerEntityManagerFactoryBean - Initialized JPA EntityManagerFactory for persistence unit 'default'
2025-05-02 15:01:24 [restartedMain] WARN  o.s.b.a.o.j.JpaBaseConfiguration$JpaWebConfiguration - spring.jpa.open-in-view is enabled by default. Therefore, database queries may be performed during view rendering. Explicitly configure spring.jpa.open-in-view to disable this warning
2025-05-02 15:01:24 [restartedMain] WARN  o.s.b.a.s.s.UserDetailsServiceAutoConfiguration - 

Using generated security password: 216ddda3-9386-4fc8-bad7-caca4249150c

This generated password is for development use only. Your security configuration must be updated before running your application in production.

2025-05-02 15:01:24 [restartedMain] INFO  o.s.s.web.DefaultSecurityFilterChain - Will secure any request with [org.springframework.security.web.session.DisableEncodeUrlFilter@78a2d226, org.springframework.security.web.context.request.async.WebAsyncManagerIntegrationFilter@29bbba2c, org.springframework.security.web.context.SecurityContextHolderFilter@301f98a4, org.springframework.security.web.header.HeaderWriterFilter@9b242b8, org.springframework.security.web.csrf.CsrfFilter@7fea8e31, org.springframework.security.web.authentication.logout.LogoutFilter@30e3da33, org.springframework.security.web.authentication.UsernamePasswordAuthenticationFilter@5333fc2c, org.springframework.security.web.savedrequest.RequestCacheAwareFilter@1b2f1390, org.springframework.security.web.servletapi.SecurityContextHolderAwareRequestFilter@67498e72, org.springframework.security.web.authentication.AnonymousAuthenticationFilter@7a7cf6a, org.springframework.security.web.access.ExceptionTranslationFilter@c7e1c83]
2025-05-02 15:01:25 [restartedMain] INFO  o.s.b.d.a.OptionalLiveReloadServer - LiveReload server is running on port 35729
2025-05-02 15:01:25 [restartedMain] INFO  o.a.coyote.http11.Http11NioProtocol - Starting ProtocolHandler ["http-nio-8080"]
2025-05-02 15:01:25 [restartedMain] INFO  o.s.b.w.e.tomcat.TomcatWebServer - Tomcat started on port 8080 (http) with context path ''
2025-05-02 15:01:25 [restartedMain] INFO  c.d.w.DroneInventorySystemApplication - Started DroneInventorySystemApplication in 0.777 seconds (process running for 8592.858)
2025-05-02 15:01:25 [restartedMain] INFO  o.s.b.d.a.ConditionEvaluationDeltaLoggingListener - Condition evaluation unchanged
2025-05-02 15:01:27 [http-nio-8080-exec-1] INFO  o.a.c.c.C.[Tomcat].[localhost].[/] - Initializing Spring DispatcherServlet 'dispatcherServlet'
2025-05-02 15:01:27 [http-nio-8080-exec-1] INFO  o.s.web.servlet.DispatcherServlet - Initializing Servlet 'dispatcherServlet'
2025-05-02 15:01:27 [http-nio-8080-exec-1] INFO  o.s.web.servlet.DispatcherServlet - Completed initialization in 14 ms
2025-05-02 15:01:27 [http-nio-8080-exec-1] INFO  APP - 【INFO】時間: 1746165687401 | 処理対象: 在庫一覧画面 | 処理内容: 初期表示 | 処理結果: 開始
2025-05-02 15:01:27 [http-nio-8080-exec-1] INFO  APP - 【INFO】時間: 1746165687453 | 処理対象: 在庫一覧画面 | 処理内容: 初期表示 | 処理結果: 成功
2025-05-02 15:01:35 [File Watcher] INFO  o.s.b.d.a.LocalDevToolsAutoConfiguration$RestartingClassPathChangeChangedEventListener - Restarting due to 1 class path change (0 additions, 0 deletions, 1 modification)
2025-05-02 15:01:35 [Thread-215] INFO  o.a.coyote.http11.Http11NioProtocol - Stopping ProtocolHandler ["http-nio-8080"]
2025-05-02 15:01:35 [Thread-215] INFO  o.s.o.j.LocalContainerEntityManagerFactoryBean - Closing JPA EntityManagerFactory for persistence unit 'default'
2025-05-02 15:01:35 [Thread-215] INFO  com.zaxxer.hikari.HikariDataSource - HikariPool-54 - Shutdown initiated...
2025-05-02 15:01:35 [Thread-215] INFO  com.zaxxer.hikari.HikariDataSource - HikariPool-54 - Shutdown completed.
2025-05-02 15:01:35 [restartedMain] INFO  c.d.w.DroneInventorySystemApplication - Starting DroneInventorySystemApplication using Java 17.0.10 with PID 773 (/Users/KurokiKazuma/Workspace/Digital-OJT/DroneInventorySystem/target/classes started by KurokiKazuma in /Users/KurokiKazuma/Workspace/Digital-OJT/DroneInventorySystem)
2025-05-02 15:01:35 [restartedMain] INFO  c.d.w.DroneInventorySystemApplication - The following 1 profile is active: "develop"
2025-05-02 15:01:36 [restartedMain] INFO  o.s.d.r.c.RepositoryConfigurationDelegate - Bootstrapping Spring Data JPA repositories in DEFAULT mode.
2025-05-02 15:01:36 [restartedMain] INFO  o.s.d.r.c.RepositoryConfigurationDelegate - Finished Spring Data repository scanning in 25 ms. Found 4 JPA repository interfaces.
2025-05-02 15:01:36 [restartedMain] INFO  o.s.b.w.e.tomcat.TomcatWebServer - Tomcat initialized with port 8080 (http)
2025-05-02 15:01:36 [restartedMain] INFO  o.a.coyote.http11.Http11NioProtocol - Initializing ProtocolHandler ["http-nio-8080"]
2025-05-02 15:01:36 [restartedMain] INFO  o.a.catalina.core.StandardService - Starting service [Tomcat]
2025-05-02 15:01:36 [restartedMain] INFO  o.a.catalina.core.StandardEngine - Starting Servlet engine: [Apache Tomcat/10.1.28]
2025-05-02 15:01:36 [restartedMain] INFO  o.a.c.c.C.[Tomcat].[localhost].[/] - Initializing Spring embedded WebApplicationContext
2025-05-02 15:01:36 [restartedMain] INFO  o.s.b.w.s.c.ServletWebServerApplicationContext - Root WebApplicationContext: initialization completed in 422 ms
2025-05-02 15:01:36 [restartedMain] INFO  com.zaxxer.hikari.HikariDataSource - HikariPool-55 - Starting...
2025-05-02 15:01:36 [restartedMain] INFO  com.zaxxer.hikari.pool.HikariPool - HikariPool-55 - Added connection com.mysql.cj.jdbc.ConnectionImpl@16d4c326
2025-05-02 15:01:36 [restartedMain] INFO  com.zaxxer.hikari.HikariDataSource - HikariPool-55 - Start completed.
2025-05-02 15:01:36 [restartedMain] INFO  o.s.b.a.h.H2ConsoleAutoConfiguration - H2 console available at '/h2-console'. Database available at 'jdbc:mysql://localhost:3306/stock_mng'
2025-05-02 15:01:36 [restartedMain] INFO  o.s.o.j.p.SpringPersistenceUnitInfo - No LoadTimeWeaver setup: ignoring JPA class transformer
2025-05-02 15:01:36 [restartedMain] INFO  o.s.o.j.LocalContainerEntityManagerFactoryBean - Initialized JPA EntityManagerFactory for persistence unit 'default'
2025-05-02 15:01:36 [restartedMain] WARN  o.s.b.w.s.c.AnnotationConfigServletWebServerApplicationContext - Exception encountered during context initialization - cancelling refresh attempt: org.springframework.beans.factory.BeanCreationException: Error creating bean with name 'stockInfoController': Lookup method resolution failed
2025-05-02 15:01:36 [restartedMain] INFO  o.s.o.j.LocalContainerEntityManagerFactoryBean - Closing JPA EntityManagerFactory for persistence unit 'default'
2025-05-02 15:01:36 [restartedMain] INFO  com.zaxxer.hikari.HikariDataSource - HikariPool-55 - Shutdown initiated...
2025-05-02 15:01:36 [restartedMain] INFO  com.zaxxer.hikari.HikariDataSource - HikariPool-55 - Shutdown completed.
2025-05-02 15:01:36 [restartedMain] INFO  o.a.catalina.core.StandardService - Stopping service [Tomcat]
2025-05-02 15:01:36 [restartedMain] INFO  o.s.b.a.l.ConditionEvaluationReportLogger - 

Error starting ApplicationContext. To display the condition evaluation report re-run your application with 'debug' enabled.
2025-05-02 15:01:36 [restartedMain] ERROR o.s.boot.SpringApplication - Application run failed
org.springframework.beans.factory.BeanCreationException: Error creating bean with name 'stockInfoController': Lookup method resolution failed
	at org.springframework.beans.factory.annotation.AutowiredAnnotationBeanPostProcessor.checkLookupMethods(AutowiredAnnotationBeanPostProcessor.java:498)
	at org.springframework.beans.factory.annotation.AutowiredAnnotationBeanPostProcessor.determineCandidateConstructors(AutowiredAnnotationBeanPostProcessor.java:368)
	at org.springframework.beans.factory.support.AbstractAutowireCapableBeanFactory.determineConstructorsFromBeanPostProcessors(AbstractAutowireCapableBeanFactory.java:1314)
	at org.springframework.beans.factory.support.AbstractAutowireCapableBeanFactory.createBeanInstance(AbstractAutowireCapableBeanFactory.java:1209)
	at org.springframework.beans.factory.support.AbstractAutowireCapableBeanFactory.doCreateBean(AbstractAutowireCapableBeanFactory.java:562)
	at org.springframework.beans.factory.support.AbstractAutowireCapableBeanFactory.createBean(AbstractAutowireCapableBeanFactory.java:522)
	at org.springframework.beans.factory.support.AbstractBeanFactory.lambda$doGetBean$0(AbstractBeanFactory.java:337)
	at org.springframework.beans.factory.support.DefaultSingletonBeanRegistry.getSingleton(DefaultSingletonBeanRegistry.java:234)
	at org.springframework.beans.factory.support.AbstractBeanFactory.doGetBean(AbstractBeanFactory.java:335)
	at org.springframework.beans.factory.support.AbstractBeanFactory.getBean(AbstractBeanFactory.java:200)
	at org.springframework.beans.factory.support.DefaultListableBeanFactory.preInstantiateSingletons(DefaultListableBeanFactory.java:975)
	at org.springframework.context.support.AbstractApplicationContext.finishBeanFactoryInitialization(AbstractApplicationContext.java:971)
	at org.springframework.context.support.AbstractApplicationContext.refresh(AbstractApplicationContext.java:625)
	at org.springframework.boot.web.servlet.context.ServletWebServerApplicationContext.refresh(ServletWebServerApplicationContext.java:146)
	at org.springframework.boot.SpringApplication.refresh(SpringApplication.java:754)
	at org.springframework.boot.SpringApplication.refreshContext(SpringApplication.java:456)
	at org.springframework.boot.SpringApplication.run(SpringApplication.java:335)
	at org.springframework.boot.SpringApplication.run(SpringApplication.java:1363)
	at org.springframework.boot.SpringApplication.run(SpringApplication.java:1352)
	at com.digitalojt.web.DroneInventorySystemApplication.main(DroneInventorySystemApplication.java:10)
	at java.base/jdk.internal.reflect.NativeMethodAccessorImpl.invoke0(Native Method)
	at java.base/jdk.internal.reflect.NativeMethodAccessorImpl.invoke(NativeMethodAccessorImpl.java:77)
	at java.base/jdk.internal.reflect.DelegatingMethodAccessorImpl.invoke(DelegatingMethodAccessorImpl.java:43)
	at java.base/java.lang.reflect.Method.invoke(Method.java:568)
	at org.springframework.boot.devtools.restart.RestartLauncher.run(RestartLauncher.java:50)
Caused by: java.lang.IllegalStateException: Failed to introspect Class [com.digitalojt.web.controller.StockInfoController] from ClassLoader [org.springframework.boot.devtools.restart.classloader.RestartClassLoader@1d9754bd]
	at org.springframework.util.ReflectionUtils.getDeclaredMethods(ReflectionUtils.java:483)
	at org.springframework.util.ReflectionUtils.doWithLocalMethods(ReflectionUtils.java:320)
	at org.springframework.beans.factory.annotation.AutowiredAnnotationBeanPostProcessor.checkLookupMethods(AutowiredAnnotationBeanPostProcessor.java:476)
	... 24 common frames omitted
Caused by: java.lang.NoClassDefFoundError: StockInfoSearchForm
	at java.base/java.lang.Class.getDeclaredMethods0(Native Method)
	at java.base/java.lang.Class.privateGetDeclaredMethods(Class.java:3402)
	at java.base/java.lang.Class.getDeclaredMethods(Class.java:2504)
	at org.springframework.util.ReflectionUtils.getDeclaredMethods(ReflectionUtils.java:465)
	... 26 common frames omitted
Caused by: java.lang.ClassNotFoundException: StockInfoSearchForm
	at java.base/jdk.internal.loader.BuiltinClassLoader.loadClass(BuiltinClassLoader.java:641)
	at java.base/jdk.internal.loader.ClassLoaders$AppClassLoader.loadClass(ClassLoaders.java:188)
	at java.base/java.lang.ClassLoader.loadClass(ClassLoader.java:525)
	at java.base/java.lang.Class.forName0(Native Method)
	at java.base/java.lang.Class.forName(Class.java:467)
	at org.springframework.boot.devtools.restart.classloader.RestartClassLoader.loadClass(RestartClassLoader.java:121)
	at java.base/java.lang.ClassLoader.loadClass(ClassLoader.java:525)
	... 30 common frames omitted
2025-05-02 15:01:38 [restartedMain] INFO  c.d.w.DroneInventorySystemApplication - Starting DroneInventorySystemApplication using Java 17.0.10 with PID 773 (/Users/KurokiKazuma/Workspace/Digital-OJT/DroneInventorySystem/target/classes started by KurokiKazuma in /Users/KurokiKazuma/Workspace/Digital-OJT/DroneInventorySystem)
2025-05-02 15:01:38 [restartedMain] INFO  c.d.w.DroneInventorySystemApplication - The following 1 profile is active: "develop"
2025-05-02 15:01:38 [restartedMain] INFO  o.s.d.r.c.RepositoryConfigurationDelegate - Bootstrapping Spring Data JPA repositories in DEFAULT mode.
2025-05-02 15:01:38 [restartedMain] INFO  o.s.d.r.c.RepositoryConfigurationDelegate - Finished Spring Data repository scanning in 16 ms. Found 4 JPA repository interfaces.
2025-05-02 15:01:38 [restartedMain] INFO  o.s.b.w.e.tomcat.TomcatWebServer - Tomcat initialized with port 8080 (http)
2025-05-02 15:01:38 [restartedMain] INFO  o.a.coyote.http11.Http11NioProtocol - Initializing ProtocolHandler ["http-nio-8080"]
2025-05-02 15:01:38 [restartedMain] INFO  o.a.catalina.core.StandardService - Starting service [Tomcat]
2025-05-02 15:01:38 [restartedMain] INFO  o.a.catalina.core.StandardEngine - Starting Servlet engine: [Apache Tomcat/10.1.28]
2025-05-02 15:01:38 [restartedMain] INFO  o.a.c.c.C.[Tomcat-1].[localhost].[/] - Initializing Spring embedded WebApplicationContext
2025-05-02 15:01:38 [restartedMain] INFO  o.s.b.w.s.c.ServletWebServerApplicationContext - Root WebApplicationContext: initialization completed in 414 ms
2025-05-02 15:01:38 [restartedMain] INFO  com.zaxxer.hikari.HikariDataSource - HikariPool-56 - Starting...
2025-05-02 15:01:38 [restartedMain] INFO  com.zaxxer.hikari.pool.HikariPool - HikariPool-56 - Added connection com.mysql.cj.jdbc.ConnectionImpl@7035c52f
2025-05-02 15:01:38 [restartedMain] INFO  com.zaxxer.hikari.HikariDataSource - HikariPool-56 - Start completed.
2025-05-02 15:01:38 [restartedMain] INFO  o.s.b.a.h.H2ConsoleAutoConfiguration - H2 console available at '/h2-console'. Database available at 'jdbc:mysql://localhost:3306/stock_mng'
2025-05-02 15:01:38 [restartedMain] INFO  o.s.o.j.p.SpringPersistenceUnitInfo - No LoadTimeWeaver setup: ignoring JPA class transformer
2025-05-02 15:01:38 [restartedMain] INFO  o.s.o.j.LocalContainerEntityManagerFactoryBean - Initialized JPA EntityManagerFactory for persistence unit 'default'
2025-05-02 15:01:38 [restartedMain] WARN  o.s.b.a.o.j.JpaBaseConfiguration$JpaWebConfiguration - spring.jpa.open-in-view is enabled by default. Therefore, database queries may be performed during view rendering. Explicitly configure spring.jpa.open-in-view to disable this warning
2025-05-02 15:01:38 [restartedMain] WARN  o.s.b.a.s.s.UserDetailsServiceAutoConfiguration - 

Using generated security password: 9da48d5a-4416-42e8-a8cd-2edc78a3d809

This generated password is for development use only. Your security configuration must be updated before running your application in production.

2025-05-02 15:01:39 [restartedMain] INFO  o.s.s.web.DefaultSecurityFilterChain - Will secure any request with [org.springframework.security.web.session.DisableEncodeUrlFilter@43f64ccb, org.springframework.security.web.context.request.async.WebAsyncManagerIntegrationFilter@5c7d80e6, org.springframework.security.web.context.SecurityContextHolderFilter@3b196360, org.springframework.security.web.header.HeaderWriterFilter@d785670, org.springframework.security.web.csrf.CsrfFilter@cbe757a, org.springframework.security.web.authentication.logout.LogoutFilter@6922aaaa, org.springframework.security.web.authentication.UsernamePasswordAuthenticationFilter@332d5676, org.springframework.security.web.savedrequest.RequestCacheAwareFilter@44f3c4dc, org.springframework.security.web.servletapi.SecurityContextHolderAwareRequestFilter@56d4dfff, org.springframework.security.web.authentication.AnonymousAuthenticationFilter@20761639, org.springframework.security.web.access.ExceptionTranslationFilter@1dc1fe9b]
2025-05-02 15:01:39 [restartedMain] INFO  o.s.b.d.a.OptionalLiveReloadServer - LiveReload server is running on port 35729
2025-05-02 15:01:39 [restartedMain] INFO  o.a.coyote.http11.Http11NioProtocol - Starting ProtocolHandler ["http-nio-8080"]
2025-05-02 15:01:39 [restartedMain] INFO  o.s.b.w.e.tomcat.TomcatWebServer - Tomcat started on port 8080 (http) with context path ''
2025-05-02 15:01:39 [restartedMain] INFO  c.d.w.DroneInventorySystemApplication - Started DroneInventorySystemApplication in 1.095 seconds (process running for 8606.932)
2025-05-02 15:01:39 [restartedMain] INFO  o.s.b.d.a.ConditionEvaluationDeltaLoggingListener - Condition evaluation unchanged
2025-05-02 15:01:39 [http-nio-8080-exec-1] INFO  o.a.c.c.C.[Tomcat-1].[localhost].[/] - Initializing Spring DispatcherServlet 'dispatcherServlet'
2025-05-02 15:01:39 [http-nio-8080-exec-1] INFO  o.s.web.servlet.DispatcherServlet - Initializing Servlet 'dispatcherServlet'
2025-05-02 15:01:39 [http-nio-8080-exec-1] INFO  o.s.web.servlet.DispatcherServlet - Completed initialization in 5 ms
2025-05-02 15:01:46 [http-nio-8080-exec-5] INFO  APP - 【INFO】時間: 1746165706290 | 処理対象: 在庫一覧画面 | 処理内容: 初期表示 | 処理結果: 開始
2025-05-02 15:01:46 [http-nio-8080-exec-5] INFO  APP - 【INFO】時間: 1746165706316 | 処理対象: 在庫一覧画面 | 処理内容: 初期表示 | 処理結果: 成功
2025-05-02 15:01:46 [http-nio-8080-exec-10] INFO  APP - 【INFO】時間: 1746165706711 | 処理対象: 在庫センター情報画面 | 処理内容: 初期表示 | 処理結果: 開始
2025-05-02 15:01:46 [http-nio-8080-exec-10] INFO  APP - 【INFO】時間: 1746165706717 | 処理対象: 在庫センター情報画面 | 処理内容: 初期表示 | 処理結果: 成功
2025-05-02 15:01:47 [http-nio-8080-exec-10] INFO  APP - 【INFO】時間: 1746165707787 | 処理対象: 在庫一覧画面 | 処理内容: 初期表示 | 処理結果: 開始
2025-05-02 15:01:47 [http-nio-8080-exec-10] INFO  APP - 【INFO】時間: 1746165707808 | 処理対象: 在庫一覧画面 | 処理内容: 初期表示 | 処理結果: 成功
2025-05-02 15:02:01 [File Watcher] INFO  o.s.b.d.a.LocalDevToolsAutoConfiguration$RestartingClassPathChangeChangedEventListener - Restarting due to 1 class path change (0 additions, 0 deletions, 1 modification)
2025-05-02 15:02:01 [Thread-219] INFO  o.a.coyote.http11.Http11NioProtocol - Stopping ProtocolHandler ["http-nio-8080"]
2025-05-02 15:02:01 [Thread-219] INFO  o.s.o.j.LocalContainerEntityManagerFactoryBean - Closing JPA EntityManagerFactory for persistence unit 'default'
2025-05-02 15:02:01 [Thread-219] INFO  com.zaxxer.hikari.HikariDataSource - HikariPool-56 - Shutdown initiated...
2025-05-02 15:02:01 [Thread-219] INFO  com.zaxxer.hikari.HikariDataSource - HikariPool-56 - Shutdown completed.
2025-05-02 15:02:02 [restartedMain] INFO  c.d.w.DroneInventorySystemApplication - Starting DroneInventorySystemApplication using Java 17.0.10 with PID 773 (/Users/KurokiKazuma/Workspace/Digital-OJT/DroneInventorySystem/target/classes started by KurokiKazuma in /Users/KurokiKazuma/Workspace/Digital-OJT/DroneInventorySystem)
2025-05-02 15:02:02 [restartedMain] INFO  c.d.w.DroneInventorySystemApplication - The following 1 profile is active: "develop"
2025-05-02 15:02:02 [restartedMain] INFO  o.s.d.r.c.RepositoryConfigurationDelegate - Bootstrapping Spring Data JPA repositories in DEFAULT mode.
2025-05-02 15:02:02 [restartedMain] INFO  o.s.d.r.c.RepositoryConfigurationDelegate - Finished Spring Data repository scanning in 13 ms. Found 4 JPA repository interfaces.
2025-05-02 15:02:02 [restartedMain] INFO  o.s.b.w.e.tomcat.TomcatWebServer - Tomcat initialized with port 8080 (http)
2025-05-02 15:02:02 [restartedMain] INFO  o.a.coyote.http11.Http11NioProtocol - Initializing ProtocolHandler ["http-nio-8080"]
2025-05-02 15:02:02 [restartedMain] INFO  o.a.catalina.core.StandardService - Starting service [Tomcat]
2025-05-02 15:02:02 [restartedMain] INFO  o.a.catalina.core.StandardEngine - Starting Servlet engine: [Apache Tomcat/10.1.28]
2025-05-02 15:02:02 [restartedMain] INFO  o.a.c.c.C.[Tomcat-1].[localhost].[/] - Initializing Spring embedded WebApplicationContext
2025-05-02 15:02:02 [restartedMain] INFO  o.s.b.w.s.c.ServletWebServerApplicationContext - Root WebApplicationContext: initialization completed in 352 ms
2025-05-02 15:02:02 [restartedMain] INFO  com.zaxxer.hikari.HikariDataSource - HikariPool-57 - Starting...
2025-05-02 15:02:02 [restartedMain] INFO  com.zaxxer.hikari.pool.HikariPool - HikariPool-57 - Added connection com.mysql.cj.jdbc.ConnectionImpl@b3e54cf
2025-05-02 15:02:02 [restartedMain] INFO  com.zaxxer.hikari.HikariDataSource - HikariPool-57 - Start completed.
2025-05-02 15:02:02 [restartedMain] INFO  o.s.b.a.h.H2ConsoleAutoConfiguration - H2 console available at '/h2-console'. Database available at 'jdbc:mysql://localhost:3306/stock_mng'
2025-05-02 15:02:02 [restartedMain] INFO  o.s.o.j.p.SpringPersistenceUnitInfo - No LoadTimeWeaver setup: ignoring JPA class transformer
2025-05-02 15:02:02 [restartedMain] INFO  o.s.o.j.LocalContainerEntityManagerFactoryBean - Initialized JPA EntityManagerFactory for persistence unit 'default'
2025-05-02 15:02:02 [restartedMain] WARN  o.s.b.a.o.j.JpaBaseConfiguration$JpaWebConfiguration - spring.jpa.open-in-view is enabled by default. Therefore, database queries may be performed during view rendering. Explicitly configure spring.jpa.open-in-view to disable this warning
2025-05-02 15:02:02 [restartedMain] WARN  o.s.b.a.s.s.UserDetailsServiceAutoConfiguration - 

Using generated security password: 3b2e99ba-ccb0-40cf-97a3-a431f9f7a0ee

This generated password is for development use only. Your security configuration must be updated before running your application in production.

2025-05-02 15:02:02 [restartedMain] INFO  o.s.s.web.DefaultSecurityFilterChain - Will secure any request with [org.springframework.security.web.session.DisableEncodeUrlFilter@7f047838, org.springframework.security.web.context.request.async.WebAsyncManagerIntegrationFilter@4a7b348b, org.springframework.security.web.context.SecurityContextHolderFilter@663d627e, org.springframework.security.web.header.HeaderWriterFilter@2d492af4, org.springframework.security.web.csrf.CsrfFilter@4a5c27e2, org.springframework.security.web.authentication.logout.LogoutFilter@1e276756, org.springframework.security.web.authentication.UsernamePasswordAuthenticationFilter@7a6518a4, org.springframework.security.web.savedrequest.RequestCacheAwareFilter@4df53a6c, org.springframework.security.web.servletapi.SecurityContextHolderAwareRequestFilter@777e535b, org.springframework.security.web.authentication.AnonymousAuthenticationFilter@6f43f745, org.springframework.security.web.access.ExceptionTranslationFilter@423f01c8]
2025-05-02 15:02:02 [restartedMain] INFO  o.s.b.d.a.OptionalLiveReloadServer - LiveReload server is running on port 35729
2025-05-02 15:02:02 [restartedMain] INFO  o.a.coyote.http11.Http11NioProtocol - Starting ProtocolHandler ["http-nio-8080"]
2025-05-02 15:02:02 [restartedMain] INFO  o.s.b.w.e.tomcat.TomcatWebServer - Tomcat started on port 8080 (http) with context path ''
2025-05-02 15:02:02 [restartedMain] INFO  c.d.w.DroneInventorySystemApplication - Started DroneInventorySystemApplication in 0.789 seconds (process running for 8630.617)
2025-05-02 15:02:02 [restartedMain] INFO  o.s.b.d.a.ConditionEvaluationDeltaLoggingListener - Condition evaluation unchanged
2025-05-02 15:02:05 [http-nio-8080-exec-1] INFO  o.a.c.c.C.[Tomcat-1].[localhost].[/] - Initializing Spring DispatcherServlet 'dispatcherServlet'
2025-05-02 15:02:05 [http-nio-8080-exec-1] INFO  o.s.web.servlet.DispatcherServlet - Initializing Servlet 'dispatcherServlet'
2025-05-02 15:02:05 [http-nio-8080-exec-1] INFO  o.s.web.servlet.DispatcherServlet - Completed initialization in 6 ms
2025-05-02 15:02:05 [http-nio-8080-exec-1] INFO  APP - 【INFO】時間: 1746165725408 | 処理対象: 在庫一覧画面 | 処理内容: 初期表示 | 処理結果: 開始
2025-05-02 15:02:05 [http-nio-8080-exec-1] INFO  APP - 【INFO】時間: 1746165725439 | 処理対象: 在庫一覧画面 | 処理内容: 初期表示 | 処理結果: 成功
2025-05-02 15:02:06 [http-nio-8080-exec-6] INFO  APP - 【INFO】時間: 1746165726461 | 処理対象: 在庫一覧画面 | 処理内容: 初期表示 | 処理結果: 開始
2025-05-02 15:02:06 [http-nio-8080-exec-6] INFO  APP - 【INFO】時間: 1746165726484 | 処理対象: 在庫一覧画面 | 処理内容: 初期表示 | 処理結果: 成功
2025-05-02 15:02:06 [http-nio-8080-exec-4] INFO  APP - 【INFO】時間: 1746165726867 | 処理対象: 在庫一覧画面 | 処理内容: 初期表示 | 処理結果: 開始
2025-05-02 15:02:06 [http-nio-8080-exec-4] INFO  APP - 【INFO】時間: 1746165726886 | 処理対象: 在庫一覧画面 | 処理内容: 初期表示 | 処理結果: 成功
2025-05-02 15:02:10 [http-nio-8080-exec-10] INFO  APP - 【INFO】時間: 1746165730125 | 処理対象: 在庫一覧画面 | 処理内容: 検索処理 | 処理結果: 開始
2025-05-02 15:02:10 [http-nio-8080-exec-10] ERROR APP - 【ERROR】時間: 1746165730131 | 処理対象: 在庫一覧画面 | 処理内容: 検索処理 | 処理結果: エラー | エラー内容: すべてのフィールドが空です。少なくとも1つのフィールドに値を入力してください。
2025-05-02 15:02:10 [http-nio-8080-exec-10] ERROR org.thymeleaf.TemplateEngine - [THYMELEAF][http-nio-8080-exec-10] Exception processing template "admin/stockList/index": An error happened during template parsing (template: "class path resource [templates/admin/stockList/index.html]")
org.thymeleaf.exceptions.TemplateInputException: An error happened during template parsing (template: "class path resource [templates/admin/stockList/index.html]")
	at org.thymeleaf.templateparser.markup.AbstractMarkupTemplateParser.parse(AbstractMarkupTemplateParser.java:241)
	at org.thymeleaf.templateparser.markup.AbstractMarkupTemplateParser.parseStandalone(AbstractMarkupTemplateParser.java:100)
	at org.thymeleaf.engine.TemplateManager.parseAndProcess(TemplateManager.java:666)
	at org.thymeleaf.TemplateEngine.process(TemplateEngine.java:1103)
	at org.thymeleaf.TemplateEngine.process(TemplateEngine.java:1077)
	at org.thymeleaf.spring6.view.ThymeleafView.renderFragment(ThymeleafView.java:372)
	at org.thymeleaf.spring6.view.ThymeleafView.render(ThymeleafView.java:192)
	at org.springframework.web.servlet.DispatcherServlet.render(DispatcherServlet.java:1432)
	at org.springframework.web.servlet.DispatcherServlet.processDispatchResult(DispatcherServlet.java:1168)
	at org.springframework.web.servlet.DispatcherServlet.doDispatch(DispatcherServlet.java:1106)
	at org.springframework.web.servlet.DispatcherServlet.doService(DispatcherServlet.java:979)
	at org.springframework.web.servlet.FrameworkServlet.processRequest(FrameworkServlet.java:1014)
	at org.springframework.web.servlet.FrameworkServlet.doPost(FrameworkServlet.java:914)
	at jakarta.servlet.http.HttpServlet.service(HttpServlet.java:590)
	at org.springframework.web.servlet.FrameworkServlet.service(FrameworkServlet.java:885)
	at jakarta.servlet.http.HttpServlet.service(HttpServlet.java:658)
	at org.apache.catalina.core.ApplicationFilterChain.internalDoFilter(ApplicationFilterChain.java:195)
	at org.apache.catalina.core.ApplicationFilterChain.doFilter(ApplicationFilterChain.java:140)
	at org.apache.tomcat.websocket.server.WsFilter.doFilter(WsFilter.java:51)
	at org.apache.catalina.core.ApplicationFilterChain.internalDoFilter(ApplicationFilterChain.java:164)
	at org.apache.catalina.core.ApplicationFilterChain.doFilter(ApplicationFilterChain.java:140)
	at org.springframework.web.filter.CompositeFilter$VirtualFilterChain.doFilter(CompositeFilter.java:108)
	at org.springframework.security.web.FilterChainProxy.lambda$doFilterInternal$3(FilterChainProxy.java:231)
	at org.springframework.security.web.FilterChainProxy$VirtualFilterChain.doFilter(FilterChainProxy.java:365)
	at org.springframework.security.web.access.ExceptionTranslationFilter.doFilter(ExceptionTranslationFilter.java:126)
	at org.springframework.security.web.access.ExceptionTranslationFilter.doFilter(ExceptionTranslationFilter.java:120)
	at org.springframework.security.web.FilterChainProxy$VirtualFilterChain.doFilter(FilterChainProxy.java:374)
	at org.springframework.security.web.authentication.AnonymousAuthenticationFilter.doFilter(AnonymousAuthenticationFilter.java:100)
	at org.springframework.security.web.FilterChainProxy$VirtualFilterChain.doFilter(FilterChainProxy.java:374)
	at org.springframework.security.web.servletapi.SecurityContextHolderAwareRequestFilter.doFilter(SecurityContextHolderAwareRequestFilter.java:179)
	at org.springframework.security.web.FilterChainProxy$VirtualFilterChain.doFilter(FilterChainProxy.java:374)
	at org.springframework.security.web.savedrequest.RequestCacheAwareFilter.doFilter(RequestCacheAwareFilter.java:63)
	at org.springframework.security.web.FilterChainProxy$VirtualFilterChain.doFilter(FilterChainProxy.java:374)
	at org.springframework.security.web.authentication.AbstractAuthenticationProcessingFilter.doFilter(AbstractAuthenticationProcessingFilter.java:227)
	at org.springframework.security.web.authentication.AbstractAuthenticationProcessingFilter.doFilter(AbstractAuthenticationProcessingFilter.java:221)
	at org.springframework.security.web.FilterChainProxy$VirtualFilterChain.doFilter(FilterChainProxy.java:374)
	at org.springframework.security.web.authentication.logout.LogoutFilter.doFilter(LogoutFilter.java:107)
	at org.springframework.security.web.authentication.logout.LogoutFilter.doFilter(LogoutFilter.java:93)
	at org.springframework.security.web.FilterChainProxy$VirtualFilterChain.doFilter(FilterChainProxy.java:374)
	at org.springframework.security.web.csrf.CsrfFilter.doFilterInternal(CsrfFilter.java:131)
	at org.springframework.web.filter.OncePerRequestFilter.doFilter(OncePerRequestFilter.java:116)
	at org.springframework.security.web.FilterChainProxy$VirtualFilterChain.doFilter(FilterChainProxy.java:374)
	at org.springframework.security.web.header.HeaderWriterFilter.doHeadersAfter(HeaderWriterFilter.java:90)
	at org.springframework.security.web.header.HeaderWriterFilter.doFilterInternal(HeaderWriterFilter.java:75)
	at org.springframework.web.filter.OncePerRequestFilter.doFilter(OncePerRequestFilter.java:116)
	at org.springframework.security.web.FilterChainProxy$VirtualFilterChain.doFilter(FilterChainProxy.java:374)
	at org.springframework.security.web.context.SecurityContextHolderFilter.doFilter(SecurityContextHolderFilter.java:82)
	at org.springframework.security.web.context.SecurityContextHolderFilter.doFilter(SecurityContextHolderFilter.java:69)
	at org.springframework.security.web.FilterChainProxy$VirtualFilterChain.doFilter(FilterChainProxy.java:374)
	at org.springframework.security.web.context.request.async.WebAsyncManagerIntegrationFilter.doFilterInternal(WebAsyncManagerIntegrationFilter.java:62)
	at org.springframework.web.filter.OncePerRequestFilter.doFilter(OncePerRequestFilter.java:116)
	at org.springframework.security.web.FilterChainProxy$VirtualFilterChain.doFilter(FilterChainProxy.java:374)
	at org.springframework.security.web.session.DisableEncodeUrlFilter.doFilterInternal(DisableEncodeUrlFilter.java:42)
	at org.springframework.web.filter.OncePerRequestFilter.doFilter(OncePerRequestFilter.java:116)
	at org.springframework.security.web.FilterChainProxy$VirtualFilterChain.doFilter(FilterChainProxy.java:374)
	at org.springframework.security.web.FilterChainProxy.doFilterInternal(FilterChainProxy.java:233)
	at org.springframework.security.web.FilterChainProxy.doFilter(FilterChainProxy.java:191)
	at org.springframework.web.filter.CompositeFilter$VirtualFilterChain.doFilter(CompositeFilter.java:113)
	at org.springframework.web.servlet.handler.HandlerMappingIntrospector.lambda$createCacheFilter$3(HandlerMappingIntrospector.java:195)
	at org.springframework.web.filter.CompositeFilter$VirtualFilterChain.doFilter(CompositeFilter.java:113)
	at org.springframework.web.filter.CompositeFilter.doFilter(CompositeFilter.java:74)
	at org.springframework.security.config.annotation.web.configuration.WebMvcSecurityConfiguration$CompositeFilterChainProxy.doFilter(WebMvcSecurityConfiguration.java:230)
	at org.springframework.web.filter.DelegatingFilterProxy.invokeDelegate(DelegatingFilterProxy.java:352)
	at org.springframework.web.filter.DelegatingFilterProxy.doFilter(DelegatingFilterProxy.java:268)
	at org.apache.catalina.core.ApplicationFilterChain.internalDoFilter(ApplicationFilterChain.java:164)
	at org.apache.catalina.core.ApplicationFilterChain.doFilter(ApplicationFilterChain.java:140)
	at org.springframework.web.filter.RequestContextFilter.doFilterInternal(RequestContextFilter.java:100)
	at org.springframework.web.filter.OncePerRequestFilter.doFilter(OncePerRequestFilter.java:116)
	at org.apache.catalina.core.ApplicationFilterChain.internalDoFilter(ApplicationFilterChain.java:164)
	at org.apache.catalina.core.ApplicationFilterChain.doFilter(ApplicationFilterChain.java:140)
	at org.springframework.web.filter.FormContentFilter.doFilterInternal(FormContentFilter.java:93)
	at org.springframework.web.filter.OncePerRequestFilter.doFilter(OncePerRequestFilter.java:116)
	at org.apache.catalina.core.ApplicationFilterChain.internalDoFilter(ApplicationFilterChain.java:164)
	at org.apache.catalina.core.ApplicationFilterChain.doFilter(ApplicationFilterChain.java:140)
	at org.springframework.web.filter.CharacterEncodingFilter.doFilterInternal(CharacterEncodingFilter.java:201)
	at org.springframework.web.filter.OncePerRequestFilter.doFilter(OncePerRequestFilter.java:116)
	at org.apache.catalina.core.ApplicationFilterChain.internalDoFilter(ApplicationFilterChain.java:164)
	at org.apache.catalina.core.ApplicationFilterChain.doFilter(ApplicationFilterChain.java:140)
	at org.apache.catalina.core.StandardWrapperValve.invoke(StandardWrapperValve.java:167)
	at org.apache.catalina.core.StandardContextValve.invoke(StandardContextValve.java:90)
	at org.apache.catalina.authenticator.AuthenticatorBase.invoke(AuthenticatorBase.java:483)
	at org.apache.catalina.core.StandardHostValve.invoke(StandardHostValve.java:115)
	at org.apache.catalina.valves.ErrorReportValve.invoke(ErrorReportValve.java:93)
	at org.apache.catalina.core.StandardEngineValve.invoke(StandardEngineValve.java:74)
	at org.apache.catalina.connector.CoyoteAdapter.service(CoyoteAdapter.java:344)
	at org.apache.coyote.http11.Http11Processor.service(Http11Processor.java:384)
	at org.apache.coyote.AbstractProcessorLight.process(AbstractProcessorLight.java:63)
	at org.apache.coyote.AbstractProtocol$ConnectionHandler.process(AbstractProtocol.java:904)
	at org.apache.tomcat.util.net.NioEndpoint$SocketProcessor.doRun(NioEndpoint.java:1741)
	at org.apache.tomcat.util.net.SocketProcessorBase.run(SocketProcessorBase.java:52)
	at org.apache.tomcat.util.threads.ThreadPoolExecutor.runWorker(ThreadPoolExecutor.java:1190)
	at org.apache.tomcat.util.threads.ThreadPoolExecutor$Worker.run(ThreadPoolExecutor.java:659)
	at org.apache.tomcat.util.threads.TaskThread$WrappingRunnable.run(TaskThread.java:63)
	at java.base/java.lang.Thread.run(Thread.java:840)
Caused by: org.attoparser.ParseException: Exception evaluating SpringEL expression: "stock.categoryName" (template: "admin/stockList/index" - line 92, col 12)
	at org.attoparser.MarkupParser.parseDocument(MarkupParser.java:393)
	at org.attoparser.MarkupParser.parse(MarkupParser.java:257)
	at org.thymeleaf.templateparser.markup.AbstractMarkupTemplateParser.parse(AbstractMarkupTemplateParser.java:230)
	... 93 common frames omitted
Caused by: org.thymeleaf.exceptions.TemplateProcessingException: Exception evaluating SpringEL expression: "stock.categoryName" (template: "admin/stockList/index" - line 92, col 12)
	at org.thymeleaf.spring6.expression.SPELVariableExpressionEvaluator.evaluate(SPELVariableExpressionEvaluator.java:292)
	at org.thymeleaf.standard.expression.VariableExpression.executeVariableExpression(VariableExpression.java:166)
	at org.thymeleaf.standard.expression.SimpleExpression.executeSimple(SimpleExpression.java:66)
	at org.thymeleaf.standard.expression.Expression.execute(Expression.java:109)
	at org.thymeleaf.standard.expression.Expression.execute(Expression.java:138)
	at org.thymeleaf.standard.processor.AbstractStandardExpressionAttributeTagProcessor.doProcess(AbstractStandardExpressionAttributeTagProcessor.java:144)
	at org.thymeleaf.processor.element.AbstractAttributeTagProcessor.doProcess(AbstractAttributeTagProcessor.java:74)
	at org.thymeleaf.processor.element.AbstractElementTagProcessor.process(AbstractElementTagProcessor.java:95)
	at org.thymeleaf.util.ProcessorConfigurationUtils$ElementTagProcessorWrapper.process(ProcessorConfigurationUtils.java:633)
	at org.thymeleaf.engine.ProcessorTemplateHandler.handleOpenElement(ProcessorTemplateHandler.java:1314)
	at org.thymeleaf.engine.OpenElementTag.beHandled(OpenElementTag.java:205)
	at org.thymeleaf.engine.Model.process(Model.java:282)
	at org.thymeleaf.engine.Model.process(Model.java:290)
	at org.thymeleaf.engine.IteratedGatheringModelProcessable.processIterationModel(IteratedGatheringModelProcessable.java:368)
	at org.thymeleaf.engine.IteratedGatheringModelProcessable.process(IteratedGatheringModelProcessable.java:222)
	at org.thymeleaf.engine.ProcessorTemplateHandler.handleCloseElement(ProcessorTemplateHandler.java:1640)
	at org.thymeleaf.engine.CloseElementTag.beHandled(CloseElementTag.java:139)
	at org.thymeleaf.engine.Model.process(Model.java:282)
	at org.thymeleaf.engine.ProcessorTemplateHandler.handleOpenElement(ProcessorTemplateHandler.java:1587)
	at org.thymeleaf.engine.OpenElementTag.beHandled(OpenElementTag.java:205)
	at org.thymeleaf.engine.Model.process(Model.java:282)
	at org.thymeleaf.engine.ProcessorTemplateHandler.handleOpenElement(ProcessorTemplateHandler.java:1587)
	at org.thymeleaf.engine.TemplateHandlerAdapterMarkupHandler.handleOpenElementEnd(TemplateHandlerAdapterMarkupHandler.java:304)
	at org.thymeleaf.templateparser.markup.InlinedOutputExpressionMarkupHandler$InlineMarkupAdapterPreProcessorHandler.handleOpenElementEnd(InlinedOutputExpressionMarkupHandler.java:278)
	at org.thymeleaf.standard.inline.OutputExpressionInlinePreProcessorHandler.handleOpenElementEnd(OutputExpressionInlinePreProcessorHandler.java:186)
	at org.thymeleaf.templateparser.markup.InlinedOutputExpressionMarkupHandler.handleOpenElementEnd(InlinedOutputExpressionMarkupHandler.java:124)
	at org.attoparser.HtmlElement.handleOpenElementEnd(HtmlElement.java:109)
	at org.attoparser.HtmlMarkupHandler.handleOpenElementEnd(HtmlMarkupHandler.java:297)
	at org.attoparser.MarkupEventProcessorHandler.handleOpenElementEnd(MarkupEventProcessorHandler.java:402)
	at org.attoparser.ParsingElementMarkupUtil.parseOpenElement(ParsingElementMarkupUtil.java:159)
	at org.attoparser.MarkupParser.parseBuffer(MarkupParser.java:710)
	at org.attoparser.MarkupParser.parseDocument(MarkupParser.java:301)
	... 95 common frames omitted
Caused by: org.springframework.expression.spel.SpelEvaluationException: EL1008E: Property or field 'categoryName' cannot be found on object of type 'com.digitalojt.web.entity.StockInfo' - maybe not public or not valid?
	at org.springframework.expression.spel.ast.PropertyOrFieldReference.readProperty(PropertyOrFieldReference.java:229)
	at org.springframework.expression.spel.ast.PropertyOrFieldReference.getValueInternal(PropertyOrFieldReference.java:112)
	at org.springframework.expression.spel.ast.PropertyOrFieldReference$AccessorValueRef.getValue(PropertyOrFieldReference.java:417)
	at org.springframework.expression.spel.ast.CompoundExpression.getValueInternal(CompoundExpression.java:97)
	at org.springframework.expression.spel.ast.SpelNodeImpl.getValue(SpelNodeImpl.java:114)
	at org.springframework.expression.spel.standard.SpelExpression.getValue(SpelExpression.java:338)
	at org.thymeleaf.spring6.expression.SPELVariableExpressionEvaluator.evaluate(SPELVariableExpressionEvaluator.java:265)
	... 126 common frames omitted
2025-05-02 15:02:10 [http-nio-8080-exec-10] ERROR o.a.c.c.C.[.[.[.[dispatcherServlet] - Servlet.service() for servlet [dispatcherServlet] in context with path [] threw exception [Request processing failed: org.thymeleaf.exceptions.TemplateInputException: An error happened during template parsing (template: "class path resource [templates/admin/stockList/index.html]")] with root cause
org.springframework.expression.spel.SpelEvaluationException: EL1008E: Property or field 'categoryName' cannot be found on object of type 'com.digitalojt.web.entity.StockInfo' - maybe not public or not valid?
	at org.springframework.expression.spel.ast.PropertyOrFieldReference.readProperty(PropertyOrFieldReference.java:229)
	at org.springframework.expression.spel.ast.PropertyOrFieldReference.getValueInternal(PropertyOrFieldReference.java:112)
	at org.springframework.expression.spel.ast.PropertyOrFieldReference$AccessorValueRef.getValue(PropertyOrFieldReference.java:417)
	at org.springframework.expression.spel.ast.CompoundExpression.getValueInternal(CompoundExpression.java:97)
	at org.springframework.expression.spel.ast.SpelNodeImpl.getValue(SpelNodeImpl.java:114)
	at org.springframework.expression.spel.standard.SpelExpression.getValue(SpelExpression.java:338)
	at org.thymeleaf.spring6.expression.SPELVariableExpressionEvaluator.evaluate(SPELVariableExpressionEvaluator.java:265)
	at org.thymeleaf.standard.expression.VariableExpression.executeVariableExpression(VariableExpression.java:166)
	at org.thymeleaf.standard.expression.SimpleExpression.executeSimple(SimpleExpression.java:66)
	at org.thymeleaf.standard.expression.Expression.execute(Expression.java:109)
	at org.thymeleaf.standard.expression.Expression.execute(Expression.java:138)
	at org.thymeleaf.standard.processor.AbstractStandardExpressionAttributeTagProcessor.doProcess(AbstractStandardExpressionAttributeTagProcessor.java:144)
	at org.thymeleaf.processor.element.AbstractAttributeTagProcessor.doProcess(AbstractAttributeTagProcessor.java:74)
	at org.thymeleaf.processor.element.AbstractElementTagProcessor.process(AbstractElementTagProcessor.java:95)
	at org.thymeleaf.util.ProcessorConfigurationUtils$ElementTagProcessorWrapper.process(ProcessorConfigurationUtils.java:633)
	at org.thymeleaf.engine.ProcessorTemplateHandler.handleOpenElement(ProcessorTemplateHandler.java:1314)
	at org.thymeleaf.engine.OpenElementTag.beHandled(OpenElementTag.java:205)
	at org.thymeleaf.engine.Model.process(Model.java:282)
	at org.thymeleaf.engine.Model.process(Model.java:290)
	at org.thymeleaf.engine.IteratedGatheringModelProcessable.processIterationModel(IteratedGatheringModelProcessable.java:368)
	at org.thymeleaf.engine.IteratedGatheringModelProcessable.process(IteratedGatheringModelProcessable.java:222)
	at org.thymeleaf.engine.ProcessorTemplateHandler.handleCloseElement(ProcessorTemplateHandler.java:1640)
	at org.thymeleaf.engine.CloseElementTag.beHandled(CloseElementTag.java:139)
	at org.thymeleaf.engine.Model.process(Model.java:282)
	at org.thymeleaf.engine.ProcessorTemplateHandler.handleOpenElement(ProcessorTemplateHandler.java:1587)
	at org.thymeleaf.engine.OpenElementTag.beHandled(OpenElementTag.java:205)
	at org.thymeleaf.engine.Model.process(Model.java:282)
	at org.thymeleaf.engine.ProcessorTemplateHandler.handleOpenElement(ProcessorTemplateHandler.java:1587)
	at org.thymeleaf.engine.TemplateHandlerAdapterMarkupHandler.handleOpenElementEnd(TemplateHandlerAdapterMarkupHandler.java:304)
	at org.thymeleaf.templateparser.markup.InlinedOutputExpressionMarkupHandler$InlineMarkupAdapterPreProcessorHandler.handleOpenElementEnd(InlinedOutputExpressionMarkupHandler.java:278)
	at org.thymeleaf.standard.inline.OutputExpressionInlinePreProcessorHandler.handleOpenElementEnd(OutputExpressionInlinePreProcessorHandler.java:186)
	at org.thymeleaf.templateparser.markup.InlinedOutputExpressionMarkupHandler.handleOpenElementEnd(InlinedOutputExpressionMarkupHandler.java:124)
	at org.attoparser.HtmlElement.handleOpenElementEnd(HtmlElement.java:109)
	at org.attoparser.HtmlMarkupHandler.handleOpenElementEnd(HtmlMarkupHandler.java:297)
	at org.attoparser.MarkupEventProcessorHandler.handleOpenElementEnd(MarkupEventProcessorHandler.java:402)
	at org.attoparser.ParsingElementMarkupUtil.parseOpenElement(ParsingElementMarkupUtil.java:159)
	at org.attoparser.MarkupParser.parseBuffer(MarkupParser.java:710)
	at org.attoparser.MarkupParser.parseDocument(MarkupParser.java:301)
	at org.attoparser.MarkupParser.parse(MarkupParser.java:257)
	at org.thymeleaf.templateparser.markup.AbstractMarkupTemplateParser.parse(AbstractMarkupTemplateParser.java:230)
	at org.thymeleaf.templateparser.markup.AbstractMarkupTemplateParser.parseStandalone(AbstractMarkupTemplateParser.java:100)
	at org.thymeleaf.engine.TemplateManager.parseAndProcess(TemplateManager.java:666)
	at org.thymeleaf.TemplateEngine.process(TemplateEngine.java:1103)
	at org.thymeleaf.TemplateEngine.process(TemplateEngine.java:1077)
	at org.thymeleaf.spring6.view.ThymeleafView.renderFragment(ThymeleafView.java:372)
	at org.thymeleaf.spring6.view.ThymeleafView.render(ThymeleafView.java:192)
	at org.springframework.web.servlet.DispatcherServlet.render(DispatcherServlet.java:1432)
	at org.springframework.web.servlet.DispatcherServlet.processDispatchResult(DispatcherServlet.java:1168)
	at org.springframework.web.servlet.DispatcherServlet.doDispatch(DispatcherServlet.java:1106)
	at org.springframework.web.servlet.DispatcherServlet.doService(DispatcherServlet.java:979)
	at org.springframework.web.servlet.FrameworkServlet.processRequest(FrameworkServlet.java:1014)
	at org.springframework.web.servlet.FrameworkServlet.doPost(FrameworkServlet.java:914)
	at jakarta.servlet.http.HttpServlet.service(HttpServlet.java:590)
	at org.springframework.web.servlet.FrameworkServlet.service(FrameworkServlet.java:885)
	at jakarta.servlet.http.HttpServlet.service(HttpServlet.java:658)
	at org.apache.catalina.core.ApplicationFilterChain.internalDoFilter(ApplicationFilterChain.java:195)
	at org.apache.catalina.core.ApplicationFilterChain.doFilter(ApplicationFilterChain.java:140)
	at org.apache.tomcat.websocket.server.WsFilter.doFilter(WsFilter.java:51)
	at org.apache.catalina.core.ApplicationFilterChain.internalDoFilter(ApplicationFilterChain.java:164)
	at org.apache.catalina.core.ApplicationFilterChain.doFilter(ApplicationFilterChain.java:140)
	at org.springframework.web.filter.CompositeFilter$VirtualFilterChain.doFilter(CompositeFilter.java:108)
	at org.springframework.security.web.FilterChainProxy.lambda$doFilterInternal$3(FilterChainProxy.java:231)
	at org.springframework.security.web.FilterChainProxy$VirtualFilterChain.doFilter(FilterChainProxy.java:365)
	at org.springframework.security.web.access.ExceptionTranslationFilter.doFilter(ExceptionTranslationFilter.java:126)
	at org.springframework.security.web.access.ExceptionTranslationFilter.doFilter(ExceptionTranslationFilter.java:120)
	at org.springframework.security.web.FilterChainProxy$VirtualFilterChain.doFilter(FilterChainProxy.java:374)
	at org.springframework.security.web.authentication.AnonymousAuthenticationFilter.doFilter(AnonymousAuthenticationFilter.java:100)
	at org.springframework.security.web.FilterChainProxy$VirtualFilterChain.doFilter(FilterChainProxy.java:374)
	at org.springframework.security.web.servletapi.SecurityContextHolderAwareRequestFilter.doFilter(SecurityContextHolderAwareRequestFilter.java:179)
	at org.springframework.security.web.FilterChainProxy$VirtualFilterChain.doFilter(FilterChainProxy.java:374)
	at org.springframework.security.web.savedrequest.RequestCacheAwareFilter.doFilter(RequestCacheAwareFilter.java:63)
	at org.springframework.security.web.FilterChainProxy$VirtualFilterChain.doFilter(FilterChainProxy.java:374)
	at org.springframework.security.web.authentication.AbstractAuthenticationProcessingFilter.doFilter(AbstractAuthenticationProcessingFilter.java:227)
	at org.springframework.security.web.authentication.AbstractAuthenticationProcessingFilter.doFilter(AbstractAuthenticationProcessingFilter.java:221)
	at org.springframework.security.web.FilterChainProxy$VirtualFilterChain.doFilter(FilterChainProxy.java:374)
	at org.springframework.security.web.authentication.logout.LogoutFilter.doFilter(LogoutFilter.java:107)
	at org.springframework.security.web.authentication.logout.LogoutFilter.doFilter(LogoutFilter.java:93)
	at org.springframework.security.web.FilterChainProxy$VirtualFilterChain.doFilter(FilterChainProxy.java:374)
	at org.springframework.security.web.csrf.CsrfFilter.doFilterInternal(CsrfFilter.java:131)
	at org.springframework.web.filter.OncePerRequestFilter.doFilter(OncePerRequestFilter.java:116)
	at org.springframework.security.web.FilterChainProxy$VirtualFilterChain.doFilter(FilterChainProxy.java:374)
	at org.springframework.security.web.header.HeaderWriterFilter.doHeadersAfter(HeaderWriterFilter.java:90)
	at org.springframework.security.web.header.HeaderWriterFilter.doFilterInternal(HeaderWriterFilter.java:75)
	at org.springframework.web.filter.OncePerRequestFilter.doFilter(OncePerRequestFilter.java:116)
	at org.springframework.security.web.FilterChainProxy$VirtualFilterChain.doFilter(FilterChainProxy.java:374)
	at org.springframework.security.web.context.SecurityContextHolderFilter.doFilter(SecurityContextHolderFilter.java:82)
	at org.springframework.security.web.context.SecurityContextHolderFilter.doFilter(SecurityContextHolderFilter.java:69)
	at org.springframework.security.web.FilterChainProxy$VirtualFilterChain.doFilter(FilterChainProxy.java:374)
	at org.springframework.security.web.context.request.async.WebAsyncManagerIntegrationFilter.doFilterInternal(WebAsyncManagerIntegrationFilter.java:62)
	at org.springframework.web.filter.OncePerRequestFilter.doFilter(OncePerRequestFilter.java:116)
	at org.springframework.security.web.FilterChainProxy$VirtualFilterChain.doFilter(FilterChainProxy.java:374)
	at org.springframework.security.web.session.DisableEncodeUrlFilter.doFilterInternal(DisableEncodeUrlFilter.java:42)
	at org.springframework.web.filter.OncePerRequestFilter.doFilter(OncePerRequestFilter.java:116)
	at org.springframework.security.web.FilterChainProxy$VirtualFilterChain.doFilter(FilterChainProxy.java:374)
	at org.springframework.security.web.FilterChainProxy.doFilterInternal(FilterChainProxy.java:233)
	at org.springframework.security.web.FilterChainProxy.doFilter(FilterChainProxy.java:191)
	at org.springframework.web.filter.CompositeFilter$VirtualFilterChain.doFilter(CompositeFilter.java:113)
	at org.springframework.web.servlet.handler.HandlerMappingIntrospector.lambda$createCacheFilter$3(HandlerMappingIntrospector.java:195)
	at org.springframework.web.filter.CompositeFilter$VirtualFilterChain.doFilter(CompositeFilter.java:113)
	at org.springframework.web.filter.CompositeFilter.doFilter(CompositeFilter.java:74)
	at org.springframework.security.config.annotation.web.configuration.WebMvcSecurityConfiguration$CompositeFilterChainProxy.doFilter(WebMvcSecurityConfiguration.java:230)
	at org.springframework.web.filter.DelegatingFilterProxy.invokeDelegate(DelegatingFilterProxy.java:352)
	at org.springframework.web.filter.DelegatingFilterProxy.doFilter(DelegatingFilterProxy.java:268)
	at org.apache.catalina.core.ApplicationFilterChain.internalDoFilter(ApplicationFilterChain.java:164)
	at org.apache.catalina.core.ApplicationFilterChain.doFilter(ApplicationFilterChain.java:140)
	at org.springframework.web.filter.RequestContextFilter.doFilterInternal(RequestContextFilter.java:100)
	at org.springframework.web.filter.OncePerRequestFilter.doFilter(OncePerRequestFilter.java:116)
	at org.apache.catalina.core.ApplicationFilterChain.internalDoFilter(ApplicationFilterChain.java:164)
	at org.apache.catalina.core.ApplicationFilterChain.doFilter(ApplicationFilterChain.java:140)
	at org.springframework.web.filter.FormContentFilter.doFilterInternal(FormContentFilter.java:93)
	at org.springframework.web.filter.OncePerRequestFilter.doFilter(OncePerRequestFilter.java:116)
	at org.apache.catalina.core.ApplicationFilterChain.internalDoFilter(ApplicationFilterChain.java:164)
	at org.apache.catalina.core.ApplicationFilterChain.doFilter(ApplicationFilterChain.java:140)
	at org.springframework.web.filter.CharacterEncodingFilter.doFilterInternal(CharacterEncodingFilter.java:201)
	at org.springframework.web.filter.OncePerRequestFilter.doFilter(OncePerRequestFilter.java:116)
	at org.apache.catalina.core.ApplicationFilterChain.internalDoFilter(ApplicationFilterChain.java:164)
	at org.apache.catalina.core.ApplicationFilterChain.doFilter(ApplicationFilterChain.java:140)
	at org.apache.catalina.core.StandardWrapperValve.invoke(StandardWrapperValve.java:167)
	at org.apache.catalina.core.StandardContextValve.invoke(StandardContextValve.java:90)
	at org.apache.catalina.authenticator.AuthenticatorBase.invoke(AuthenticatorBase.java:483)
	at org.apache.catalina.core.StandardHostValve.invoke(StandardHostValve.java:115)
	at org.apache.catalina.valves.ErrorReportValve.invoke(ErrorReportValve.java:93)
	at org.apache.catalina.core.StandardEngineValve.invoke(StandardEngineValve.java:74)
	at org.apache.catalina.connector.CoyoteAdapter.service(CoyoteAdapter.java:344)
	at org.apache.coyote.http11.Http11Processor.service(Http11Processor.java:384)
	at org.apache.coyote.AbstractProcessorLight.process(AbstractProcessorLight.java:63)
	at org.apache.coyote.AbstractProtocol$ConnectionHandler.process(AbstractProtocol.java:904)
	at org.apache.tomcat.util.net.NioEndpoint$SocketProcessor.doRun(NioEndpoint.java:1741)
	at org.apache.tomcat.util.net.SocketProcessorBase.run(SocketProcessorBase.java:52)
	at org.apache.tomcat.util.threads.ThreadPoolExecutor.runWorker(ThreadPoolExecutor.java:1190)
	at org.apache.tomcat.util.threads.ThreadPoolExecutor$Worker.run(ThreadPoolExecutor.java:659)
	at org.apache.tomcat.util.threads.TaskThread$WrappingRunnable.run(TaskThread.java:63)
	at java.base/java.lang.Thread.run(Thread.java:840)
2025-05-02 15:03:20 [File Watcher] INFO  o.s.b.d.a.LocalDevToolsAutoConfiguration$RestartingClassPathChangeChangedEventListener - Restarting due to 1 class path change (0 additions, 0 deletions, 1 modification)
2025-05-02 15:03:20 [Thread-226] INFO  o.a.coyote.http11.Http11NioProtocol - Stopping ProtocolHandler ["http-nio-8080"]
2025-05-02 15:03:20 [Thread-226] INFO  o.s.o.j.LocalContainerEntityManagerFactoryBean - Closing JPA EntityManagerFactory for persistence unit 'default'
2025-05-02 15:03:20 [Thread-226] INFO  com.zaxxer.hikari.HikariDataSource - HikariPool-57 - Shutdown initiated...
2025-05-02 15:03:20 [Thread-226] INFO  com.zaxxer.hikari.HikariDataSource - HikariPool-57 - Shutdown completed.
2025-05-02 15:03:20 [restartedMain] INFO  c.d.w.DroneInventorySystemApplication - Starting DroneInventorySystemApplication using Java 17.0.10 with PID 773 (/Users/KurokiKazuma/Workspace/Digital-OJT/DroneInventorySystem/target/classes started by KurokiKazuma in /Users/KurokiKazuma/Workspace/Digital-OJT/DroneInventorySystem)
2025-05-02 15:03:20 [restartedMain] INFO  c.d.w.DroneInventorySystemApplication - The following 1 profile is active: "develop"
2025-05-02 15:03:20 [restartedMain] INFO  o.s.d.r.c.RepositoryConfigurationDelegate - Bootstrapping Spring Data JPA repositories in DEFAULT mode.
2025-05-02 15:03:20 [restartedMain] INFO  o.s.d.r.c.RepositoryConfigurationDelegate - Finished Spring Data repository scanning in 11 ms. Found 4 JPA repository interfaces.
2025-05-02 15:03:20 [restartedMain] INFO  o.s.b.w.e.tomcat.TomcatWebServer - Tomcat initialized with port 8080 (http)
2025-05-02 15:03:20 [restartedMain] INFO  o.a.coyote.http11.Http11NioProtocol - Initializing ProtocolHandler ["http-nio-8080"]
2025-05-02 15:03:20 [restartedMain] INFO  o.a.catalina.core.StandardService - Starting service [Tomcat]
2025-05-02 15:03:20 [restartedMain] INFO  o.a.catalina.core.StandardEngine - Starting Servlet engine: [Apache Tomcat/10.1.28]
2025-05-02 15:03:20 [restartedMain] INFO  o.a.c.c.C.[Tomcat-1].[localhost].[/] - Initializing Spring embedded WebApplicationContext
2025-05-02 15:03:20 [restartedMain] INFO  o.s.b.w.s.c.ServletWebServerApplicationContext - Root WebApplicationContext: initialization completed in 267 ms
2025-05-02 15:03:20 [restartedMain] INFO  com.zaxxer.hikari.HikariDataSource - HikariPool-58 - Starting...
2025-05-02 15:03:20 [restartedMain] INFO  com.zaxxer.hikari.pool.HikariPool - HikariPool-58 - Added connection com.mysql.cj.jdbc.ConnectionImpl@1a43bebe
2025-05-02 15:03:20 [restartedMain] INFO  com.zaxxer.hikari.HikariDataSource - HikariPool-58 - Start completed.
2025-05-02 15:03:20 [restartedMain] INFO  o.s.b.a.h.H2ConsoleAutoConfiguration - H2 console available at '/h2-console'. Database available at 'jdbc:mysql://localhost:3306/stock_mng'
2025-05-02 15:03:20 [restartedMain] INFO  o.s.o.j.p.SpringPersistenceUnitInfo - No LoadTimeWeaver setup: ignoring JPA class transformer
2025-05-02 15:03:20 [restartedMain] INFO  o.s.o.j.LocalContainerEntityManagerFactoryBean - Initialized JPA EntityManagerFactory for persistence unit 'default'
2025-05-02 15:03:21 [restartedMain] WARN  o.s.b.a.o.j.JpaBaseConfiguration$JpaWebConfiguration - spring.jpa.open-in-view is enabled by default. Therefore, database queries may be performed during view rendering. Explicitly configure spring.jpa.open-in-view to disable this warning
2025-05-02 15:03:21 [restartedMain] WARN  o.s.b.a.s.s.UserDetailsServiceAutoConfiguration - 

Using generated security password: ba96ba8f-eb59-424a-807f-04d0f68c526f

This generated password is for development use only. Your security configuration must be updated before running your application in production.

2025-05-02 15:03:21 [restartedMain] INFO  o.s.s.web.DefaultSecurityFilterChain - Will secure any request with [org.springframework.security.web.session.DisableEncodeUrlFilter@2a9dbeec, org.springframework.security.web.context.request.async.WebAsyncManagerIntegrationFilter@67c6dc39, org.springframework.security.web.context.SecurityContextHolderFilter@3518c1ff, org.springframework.security.web.header.HeaderWriterFilter@3cfd0f0f, org.springframework.security.web.csrf.CsrfFilter@1d5e4161, org.springframework.security.web.authentication.logout.LogoutFilter@70bdf75a, org.springframework.security.web.authentication.UsernamePasswordAuthenticationFilter@3c087b42, org.springframework.security.web.savedrequest.RequestCacheAwareFilter@5a22db74, org.springframework.security.web.servletapi.SecurityContextHolderAwareRequestFilter@5708316e, org.springframework.security.web.authentication.AnonymousAuthenticationFilter@785ef0bc, org.springframework.security.web.access.ExceptionTranslationFilter@15130698]
2025-05-02 15:03:21 [restartedMain] INFO  o.s.b.d.a.OptionalLiveReloadServer - LiveReload server is running on port 35729
2025-05-02 15:03:21 [restartedMain] INFO  o.a.coyote.http11.Http11NioProtocol - Starting ProtocolHandler ["http-nio-8080"]
2025-05-02 15:03:21 [restartedMain] INFO  o.s.b.w.e.tomcat.TomcatWebServer - Tomcat started on port 8080 (http) with context path ''
2025-05-02 15:03:21 [restartedMain] INFO  c.d.w.DroneInventorySystemApplication - Started DroneInventorySystemApplication in 0.702 seconds (process running for 8708.98)
2025-05-02 15:03:21 [restartedMain] INFO  o.s.b.d.a.ConditionEvaluationDeltaLoggingListener - Condition evaluation unchanged
2025-05-02 15:03:25 [http-nio-8080-exec-1] INFO  o.a.c.c.C.[Tomcat-1].[localhost].[/] - Initializing Spring DispatcherServlet 'dispatcherServlet'
2025-05-02 15:03:25 [http-nio-8080-exec-1] INFO  o.s.web.servlet.DispatcherServlet - Initializing Servlet 'dispatcherServlet'
2025-05-02 15:03:25 [http-nio-8080-exec-1] INFO  o.s.web.servlet.DispatcherServlet - Completed initialization in 5 ms
2025-05-02 15:03:25 [http-nio-8080-exec-1] INFO  APP - 【INFO】時間: 1746165805237 | 処理対象: 在庫一覧画面 | 処理内容: 初期表示 | 処理結果: 開始
2025-05-02 15:03:25 [http-nio-8080-exec-1] INFO  APP - 【INFO】時間: 1746165805263 | 処理対象: 在庫一覧画面 | 処理内容: 初期表示 | 処理結果: 成功
2025-05-02 15:03:26 [http-nio-8080-exec-5] INFO  APP - 【INFO】時間: 1746165806325 | 処理対象: 在庫一覧画面 | 処理内容: 初期表示 | 処理結果: 開始
2025-05-02 15:03:26 [http-nio-8080-exec-5] INFO  APP - 【INFO】時間: 1746165806349 | 処理対象: 在庫一覧画面 | 処理内容: 初期表示 | 処理結果: 成功
2025-05-02 15:03:27 [http-nio-8080-exec-6] INFO  APP - 【INFO】時間: 1746165807601 | 処理対象: 在庫一覧画面 | 処理内容: 検索処理 | 処理結果: 開始
2025-05-02 15:03:27 [http-nio-8080-exec-6] ERROR APP - 【ERROR】時間: 1746165807605 | 処理対象: 在庫一覧画面 | 処理内容: 検索処理 | 処理結果: エラー | エラー内容: すべてのフィールドが空です。少なくとも1つのフィールドに値を入力してください。
2025-05-02 15:03:32 [http-nio-8080-exec-5] INFO  APP - 【INFO】時間: 1746165812445 | 処理対象: 在庫一覧画面 | 処理内容: 検索処理 | 処理結果: 開始
2025-05-02 15:03:32 [http-nio-8080-exec-5] ERROR o.a.c.c.C.[.[.[.[dispatcherServlet] - Servlet.service() for servlet [dispatcherServlet] in context with path [] threw exception [Request processing failed: java.lang.IndexOutOfBoundsException: Index 1 out of bounds for length 1] with root cause
java.lang.IndexOutOfBoundsException: Index 1 out of bounds for length 1
	at java.base/jdk.internal.util.Preconditions.outOfBounds(Preconditions.java:64)
	at java.base/jdk.internal.util.Preconditions.outOfBoundsCheckIndex(Preconditions.java:70)
	at java.base/jdk.internal.util.Preconditions.checkIndex(Preconditions.java:266)
	at java.base/java.util.Objects.checkIndex(Objects.java:361)
	at java.base/java.util.ArrayList.get(ArrayList.java:427)
	at com.digitalojt.web.controller.StockInfoController.search(StockInfoController.java:162)
	at java.base/jdk.internal.reflect.NativeMethodAccessorImpl.invoke0(Native Method)
	at java.base/jdk.internal.reflect.NativeMethodAccessorImpl.invoke(NativeMethodAccessorImpl.java:77)
	at java.base/jdk.internal.reflect.DelegatingMethodAccessorImpl.invoke(DelegatingMethodAccessorImpl.java:43)
	at java.base/java.lang.reflect.Method.invoke(Method.java:568)
	at org.springframework.web.method.support.InvocableHandlerMethod.doInvoke(InvocableHandlerMethod.java:255)
	at org.springframework.web.method.support.InvocableHandlerMethod.invokeForRequest(InvocableHandlerMethod.java:188)
	at org.springframework.web.servlet.mvc.method.annotation.ServletInvocableHandlerMethod.invokeAndHandle(ServletInvocableHandlerMethod.java:118)
	at org.springframework.web.servlet.mvc.method.annotation.RequestMappingHandlerAdapter.invokeHandlerMethod(RequestMappingHandlerAdapter.java:926)
	at org.springframework.web.servlet.mvc.method.annotation.RequestMappingHandlerAdapter.handleInternal(RequestMappingHandlerAdapter.java:831)
	at org.springframework.web.servlet.mvc.method.AbstractHandlerMethodAdapter.handle(AbstractHandlerMethodAdapter.java:87)
	at org.springframework.web.servlet.DispatcherServlet.doDispatch(DispatcherServlet.java:1089)
	at org.springframework.web.servlet.DispatcherServlet.doService(DispatcherServlet.java:979)
	at org.springframework.web.servlet.FrameworkServlet.processRequest(FrameworkServlet.java:1014)
	at org.springframework.web.servlet.FrameworkServlet.doPost(FrameworkServlet.java:914)
	at jakarta.servlet.http.HttpServlet.service(HttpServlet.java:590)
	at org.springframework.web.servlet.FrameworkServlet.service(FrameworkServlet.java:885)
	at jakarta.servlet.http.HttpServlet.service(HttpServlet.java:658)
	at org.apache.catalina.core.ApplicationFilterChain.internalDoFilter(ApplicationFilterChain.java:195)
	at org.apache.catalina.core.ApplicationFilterChain.doFilter(ApplicationFilterChain.java:140)
	at org.apache.tomcat.websocket.server.WsFilter.doFilter(WsFilter.java:51)
	at org.apache.catalina.core.ApplicationFilterChain.internalDoFilter(ApplicationFilterChain.java:164)
	at org.apache.catalina.core.ApplicationFilterChain.doFilter(ApplicationFilterChain.java:140)
	at org.springframework.web.filter.CompositeFilter$VirtualFilterChain.doFilter(CompositeFilter.java:108)
	at org.springframework.security.web.FilterChainProxy.lambda$doFilterInternal$3(FilterChainProxy.java:231)
	at org.springframework.security.web.FilterChainProxy$VirtualFilterChain.doFilter(FilterChainProxy.java:365)
	at org.springframework.security.web.access.ExceptionTranslationFilter.doFilter(ExceptionTranslationFilter.java:126)
	at org.springframework.security.web.access.ExceptionTranslationFilter.doFilter(ExceptionTranslationFilter.java:120)
	at org.springframework.security.web.FilterChainProxy$VirtualFilterChain.doFilter(FilterChainProxy.java:374)
	at org.springframework.security.web.authentication.AnonymousAuthenticationFilter.doFilter(AnonymousAuthenticationFilter.java:100)
	at org.springframework.security.web.FilterChainProxy$VirtualFilterChain.doFilter(FilterChainProxy.java:374)
	at org.springframework.security.web.servletapi.SecurityContextHolderAwareRequestFilter.doFilter(SecurityContextHolderAwareRequestFilter.java:179)
	at org.springframework.security.web.FilterChainProxy$VirtualFilterChain.doFilter(FilterChainProxy.java:374)
	at org.springframework.security.web.savedrequest.RequestCacheAwareFilter.doFilter(RequestCacheAwareFilter.java:63)
	at org.springframework.security.web.FilterChainProxy$VirtualFilterChain.doFilter(FilterChainProxy.java:374)
	at org.springframework.security.web.authentication.AbstractAuthenticationProcessingFilter.doFilter(AbstractAuthenticationProcessingFilter.java:227)
	at org.springframework.security.web.authentication.AbstractAuthenticationProcessingFilter.doFilter(AbstractAuthenticationProcessingFilter.java:221)
	at org.springframework.security.web.FilterChainProxy$VirtualFilterChain.doFilter(FilterChainProxy.java:374)
	at org.springframework.security.web.authentication.logout.LogoutFilter.doFilter(LogoutFilter.java:107)
	at org.springframework.security.web.authentication.logout.LogoutFilter.doFilter(LogoutFilter.java:93)
	at org.springframework.security.web.FilterChainProxy$VirtualFilterChain.doFilter(FilterChainProxy.java:374)
	at org.springframework.security.web.csrf.CsrfFilter.doFilterInternal(CsrfFilter.java:131)
	at org.springframework.web.filter.OncePerRequestFilter.doFilter(OncePerRequestFilter.java:116)
	at org.springframework.security.web.FilterChainProxy$VirtualFilterChain.doFilter(FilterChainProxy.java:374)
	at org.springframework.security.web.header.HeaderWriterFilter.doHeadersAfter(HeaderWriterFilter.java:90)
	at org.springframework.security.web.header.HeaderWriterFilter.doFilterInternal(HeaderWriterFilter.java:75)
	at org.springframework.web.filter.OncePerRequestFilter.doFilter(OncePerRequestFilter.java:116)
	at org.springframework.security.web.FilterChainProxy$VirtualFilterChain.doFilter(FilterChainProxy.java:374)
	at org.springframework.security.web.context.SecurityContextHolderFilter.doFilter(SecurityContextHolderFilter.java:82)
	at org.springframework.security.web.context.SecurityContextHolderFilter.doFilter(SecurityContextHolderFilter.java:69)
	at org.springframework.security.web.FilterChainProxy$VirtualFilterChain.doFilter(FilterChainProxy.java:374)
	at org.springframework.security.web.context.request.async.WebAsyncManagerIntegrationFilter.doFilterInternal(WebAsyncManagerIntegrationFilter.java:62)
	at org.springframework.web.filter.OncePerRequestFilter.doFilter(OncePerRequestFilter.java:116)
	at org.springframework.security.web.FilterChainProxy$VirtualFilterChain.doFilter(FilterChainProxy.java:374)
	at org.springframework.security.web.session.DisableEncodeUrlFilter.doFilterInternal(DisableEncodeUrlFilter.java:42)
	at org.springframework.web.filter.OncePerRequestFilter.doFilter(OncePerRequestFilter.java:116)
	at org.springframework.security.web.FilterChainProxy$VirtualFilterChain.doFilter(FilterChainProxy.java:374)
	at org.springframework.security.web.FilterChainProxy.doFilterInternal(FilterChainProxy.java:233)
	at org.springframework.security.web.FilterChainProxy.doFilter(FilterChainProxy.java:191)
	at org.springframework.web.filter.CompositeFilter$VirtualFilterChain.doFilter(CompositeFilter.java:113)
	at org.springframework.web.servlet.handler.HandlerMappingIntrospector.lambda$createCacheFilter$3(HandlerMappingIntrospector.java:195)
	at org.springframework.web.filter.CompositeFilter$VirtualFilterChain.doFilter(CompositeFilter.java:113)
	at org.springframework.web.filter.CompositeFilter.doFilter(CompositeFilter.java:74)
	at org.springframework.security.config.annotation.web.configuration.WebMvcSecurityConfiguration$CompositeFilterChainProxy.doFilter(WebMvcSecurityConfiguration.java:230)
	at org.springframework.web.filter.DelegatingFilterProxy.invokeDelegate(DelegatingFilterProxy.java:352)
	at org.springframework.web.filter.DelegatingFilterProxy.doFilter(DelegatingFilterProxy.java:268)
	at org.apache.catalina.core.ApplicationFilterChain.internalDoFilter(ApplicationFilterChain.java:164)
	at org.apache.catalina.core.ApplicationFilterChain.doFilter(ApplicationFilterChain.java:140)
	at org.springframework.web.filter.RequestContextFilter.doFilterInternal(RequestContextFilter.java:100)
	at org.springframework.web.filter.OncePerRequestFilter.doFilter(OncePerRequestFilter.java:116)
	at org.apache.catalina.core.ApplicationFilterChain.internalDoFilter(ApplicationFilterChain.java:164)
	at org.apache.catalina.core.ApplicationFilterChain.doFilter(ApplicationFilterChain.java:140)
	at org.springframework.web.filter.FormContentFilter.doFilterInternal(FormContentFilter.java:93)
	at org.springframework.web.filter.OncePerRequestFilter.doFilter(OncePerRequestFilter.java:116)
	at org.apache.catalina.core.ApplicationFilterChain.internalDoFilter(ApplicationFilterChain.java:164)
	at org.apache.catalina.core.ApplicationFilterChain.doFilter(ApplicationFilterChain.java:140)
	at org.springframework.web.filter.CharacterEncodingFilter.doFilterInternal(CharacterEncodingFilter.java:201)
	at org.springframework.web.filter.OncePerRequestFilter.doFilter(OncePerRequestFilter.java:116)
	at org.apache.catalina.core.ApplicationFilterChain.internalDoFilter(ApplicationFilterChain.java:164)
	at org.apache.catalina.core.ApplicationFilterChain.doFilter(ApplicationFilterChain.java:140)
	at org.apache.catalina.core.StandardWrapperValve.invoke(StandardWrapperValve.java:167)
	at org.apache.catalina.core.StandardContextValve.invoke(StandardContextValve.java:90)
	at org.apache.catalina.authenticator.AuthenticatorBase.invoke(AuthenticatorBase.java:483)
	at org.apache.catalina.core.StandardHostValve.invoke(StandardHostValve.java:115)
	at org.apache.catalina.valves.ErrorReportValve.invoke(ErrorReportValve.java:93)
	at org.apache.catalina.core.StandardEngineValve.invoke(StandardEngineValve.java:74)
	at org.apache.catalina.connector.CoyoteAdapter.service(CoyoteAdapter.java:344)
	at org.apache.coyote.http11.Http11Processor.service(Http11Processor.java:384)
	at org.apache.coyote.AbstractProcessorLight.process(AbstractProcessorLight.java:63)
	at org.apache.coyote.AbstractProtocol$ConnectionHandler.process(AbstractProtocol.java:904)
	at org.apache.tomcat.util.net.NioEndpoint$SocketProcessor.doRun(NioEndpoint.java:1741)
	at org.apache.tomcat.util.net.SocketProcessorBase.run(SocketProcessorBase.java:52)
	at org.apache.tomcat.util.threads.ThreadPoolExecutor.runWorker(ThreadPoolExecutor.java:1190)
	at org.apache.tomcat.util.threads.ThreadPoolExecutor$Worker.run(ThreadPoolExecutor.java:659)
	at org.apache.tomcat.util.threads.TaskThread$WrappingRunnable.run(TaskThread.java:63)
	at java.base/java.lang.Thread.run(Thread.java:840)
2025-05-02 15:03:36 [http-nio-8080-exec-4] INFO  APP - 【INFO】時間: 1746165816910 | 処理対象: 在庫一覧画面 | 処理内容: 初期表示 | 処理結果: 開始
2025-05-02 15:03:36 [http-nio-8080-exec-4] INFO  APP - 【INFO】時間: 1746165816932 | 処理対象: 在庫一覧画面 | 処理内容: 初期表示 | 処理結果: 成功
2025-05-02 15:03:37 [http-nio-8080-exec-2] INFO  APP - 【INFO】時間: 1746165817739 | 処理対象: 在庫一覧画面 | 処理内容: 初期表示 | 処理結果: 開始
2025-05-02 15:03:37 [http-nio-8080-exec-2] INFO  APP - 【INFO】時間: 1746165817759 | 処理対象: 在庫一覧画面 | 処理内容: 初期表示 | 処理結果: 成功
2025-05-02 15:03:39 [http-nio-8080-exec-10] INFO  APP - 【INFO】時間: 1746165819032 | 処理対象: 在庫一覧画面 | 処理内容: 検索処理 | 処理結果: 開始
2025-05-02 15:03:39 [http-nio-8080-exec-10] ERROR APP - 【ERROR】時間: 1746165819042 | 処理対象: 在庫一覧画面 | 処理内容: 検索処理 | 処理結果: エラー | エラー内容: すべてのフィールドが空です。少なくとも1つのフィールドに値を入力してください。
2025-05-02 15:03:41 [http-nio-8080-exec-3] INFO  APP - 【INFO】時間: 1746165821506 | 処理対象: 在庫一覧画面 | 処理内容: 検索処理 | 処理結果: 開始
2025-05-02 15:03:41 [http-nio-8080-exec-3] ERROR APP - 【ERROR】時間: 1746165821510 | 処理対象: 在庫一覧画面 | 処理内容: 検索処理 | 処理結果: エラー | エラー内容: 不正な入力を検知しました。
2025-05-02 15:03:44 [http-nio-8080-exec-5] INFO  APP - 【INFO】時間: 1746165824618 | 処理対象: 在庫一覧画面 | 処理内容: 検索処理 | 処理結果: 開始
2025-05-02 15:03:44 [http-nio-8080-exec-5] ERROR APP - 【ERROR】時間: 1746165824626 | 処理対象: 在庫一覧画面 | 処理内容: 検索処理 | 処理結果: エラー | エラー内容: 在庫数には数値を入力してください。
2025-05-02 15:03:47 [http-nio-8080-exec-4] INFO  APP - 【INFO】時間: 1746165827886 | 処理対象: 在庫一覧画面 | 処理内容: 検索処理 | 処理結果: 開始
2025-05-02 15:03:47 [http-nio-8080-exec-4] ERROR APP - 【ERROR】時間: 1746165827891 | 処理対象: 在庫一覧画面 | 処理内容: 検索処理 | 処理結果: エラー | エラー内容: 在庫数の数値の大小関係は正しく入力してください。
2025-05-02 15:03:51 [http-nio-8080-exec-7] INFO  APP - 【INFO】時間: 1746165831776 | 処理対象: 在庫一覧画面 | 処理内容: 検索処理 | 処理結果: 開始
2025-05-02 15:03:51 [http-nio-8080-exec-7] ERROR APP - 【ERROR】時間: 1746165831784 | 処理対象: 在庫一覧画面 | 処理内容: 検索処理 | 処理結果: エラー | エラー内容: 部品名は20文字以内で入力してください。
2025-05-02 15:04:00 [http-nio-8080-exec-9] INFO  APP - 【INFO】時間: 1746165840454 | 処理対象: 在庫一覧画面 | 処理内容: 検索処理 | 処理結果: 開始
2025-05-02 15:04:00 [http-nio-8080-exec-9] ERROR APP - 【ERROR】時間: 1746165840470 | 処理対象: 在庫一覧画面 | 処理内容: 検索処理 | 処理結果: エラー | エラー内容: すべてのフィールドが空です。少なくとも1つのフィールドに値を入力してください。
2025-05-02 15:04:03 [http-nio-8080-exec-6] INFO  APP - 【INFO】時間: 1746165843426 | 処理対象: 在庫一覧画面 | 処理内容: 検索処理 | 処理結果: 開始
2025-05-02 15:04:03 [http-nio-8080-exec-6] ERROR APP - 【ERROR】時間: 1746165843430 | 処理対象: 在庫一覧画面 | 処理内容: 検索処理 | 処理結果: エラー | エラー内容: 不正な入力を検知しました。
2025-05-02 15:04:05 [http-nio-8080-exec-3] INFO  APP - 【INFO】時間: 1746165845972 | 処理対象: 在庫一覧画面 | 処理内容: 検索処理 | 処理結果: 開始
2025-05-02 15:04:05 [http-nio-8080-exec-3] ERROR APP - 【ERROR】時間: 1746165845976 | 処理対象: 在庫一覧画面 | 処理内容: 検索処理 | 処理結果: エラー | エラー内容: 部品名は20文字以内で入力してください。
2025-05-02 15:04:07 [http-nio-8080-exec-8] INFO  APP - 【INFO】時間: 1746165847573 | 処理対象: 在庫一覧画面 | 処理内容: 初期表示 | 処理結果: 開始
2025-05-02 15:04:07 [http-nio-8080-exec-8] INFO  APP - 【INFO】時間: 1746165847596 | 処理対象: 在庫一覧画面 | 処理内容: 初期表示 | 処理結果: 成功
2025-05-02 15:07:00 [File Watcher] INFO  o.s.b.d.a.LocalDevToolsAutoConfiguration$RestartingClassPathChangeChangedEventListener - Restarting due to 1 class path change (0 additions, 0 deletions, 1 modification)
2025-05-02 15:07:00 [Thread-230] INFO  o.a.coyote.http11.Http11NioProtocol - Stopping ProtocolHandler ["http-nio-8080"]
2025-05-02 15:07:01 [Thread-230] INFO  o.s.o.j.LocalContainerEntityManagerFactoryBean - Closing JPA EntityManagerFactory for persistence unit 'default'
2025-05-02 15:07:01 [Thread-230] INFO  com.zaxxer.hikari.HikariDataSource - HikariPool-58 - Shutdown initiated...
2025-05-02 15:07:01 [Thread-230] INFO  com.zaxxer.hikari.HikariDataSource - HikariPool-58 - Shutdown completed.
2025-05-02 15:07:01 [restartedMain] INFO  c.d.w.DroneInventorySystemApplication - Starting DroneInventorySystemApplication using Java 17.0.10 with PID 773 (/Users/KurokiKazuma/Workspace/Digital-OJT/DroneInventorySystem/target/classes started by KurokiKazuma in /Users/KurokiKazuma/Workspace/Digital-OJT/DroneInventorySystem)
2025-05-02 15:07:01 [restartedMain] INFO  c.d.w.DroneInventorySystemApplication - The following 1 profile is active: "develop"
2025-05-02 15:07:01 [restartedMain] INFO  o.s.d.r.c.RepositoryConfigurationDelegate - Bootstrapping Spring Data JPA repositories in DEFAULT mode.
2025-05-02 15:07:01 [restartedMain] INFO  o.s.d.r.c.RepositoryConfigurationDelegate - Finished Spring Data repository scanning in 16 ms. Found 4 JPA repository interfaces.
2025-05-02 15:07:01 [restartedMain] INFO  o.s.b.w.e.tomcat.TomcatWebServer - Tomcat initialized with port 8080 (http)
2025-05-02 15:07:01 [restartedMain] INFO  o.a.coyote.http11.Http11NioProtocol - Initializing ProtocolHandler ["http-nio-8080"]
2025-05-02 15:07:01 [restartedMain] INFO  o.a.catalina.core.StandardService - Starting service [Tomcat]
2025-05-02 15:07:01 [restartedMain] INFO  o.a.catalina.core.StandardEngine - Starting Servlet engine: [Apache Tomcat/10.1.28]
2025-05-02 15:07:01 [restartedMain] INFO  o.a.c.c.C.[Tomcat-1].[localhost].[/] - Initializing Spring embedded WebApplicationContext
2025-05-02 15:07:01 [restartedMain] INFO  o.s.b.w.s.c.ServletWebServerApplicationContext - Root WebApplicationContext: initialization completed in 388 ms
2025-05-02 15:07:01 [restartedMain] INFO  com.zaxxer.hikari.HikariDataSource - HikariPool-59 - Starting...
2025-05-02 15:07:01 [restartedMain] INFO  com.zaxxer.hikari.pool.HikariPool - HikariPool-59 - Added connection com.mysql.cj.jdbc.ConnectionImpl@63caf5e
2025-05-02 15:07:01 [restartedMain] INFO  com.zaxxer.hikari.HikariDataSource - HikariPool-59 - Start completed.
2025-05-02 15:07:01 [restartedMain] INFO  o.s.b.a.h.H2ConsoleAutoConfiguration - H2 console available at '/h2-console'. Database available at 'jdbc:mysql://localhost:3306/stock_mng'
2025-05-02 15:07:01 [restartedMain] INFO  o.s.o.j.p.SpringPersistenceUnitInfo - No LoadTimeWeaver setup: ignoring JPA class transformer
2025-05-02 15:07:01 [restartedMain] INFO  o.s.o.j.LocalContainerEntityManagerFactoryBean - Initialized JPA EntityManagerFactory for persistence unit 'default'
2025-05-02 15:07:01 [restartedMain] WARN  o.s.b.a.o.j.JpaBaseConfiguration$JpaWebConfiguration - spring.jpa.open-in-view is enabled by default. Therefore, database queries may be performed during view rendering. Explicitly configure spring.jpa.open-in-view to disable this warning
2025-05-02 15:07:01 [restartedMain] WARN  o.s.b.a.s.s.UserDetailsServiceAutoConfiguration - 

Using generated security password: b993e1f8-bc3b-4de3-9ab1-471124f32a92

This generated password is for development use only. Your security configuration must be updated before running your application in production.

2025-05-02 15:07:01 [restartedMain] INFO  o.s.s.web.DefaultSecurityFilterChain - Will secure any request with [org.springframework.security.web.session.DisableEncodeUrlFilter@5b9e75c6, org.springframework.security.web.context.request.async.WebAsyncManagerIntegrationFilter@7f7c0f00, org.springframework.security.web.context.SecurityContextHolderFilter@2f3f5cd7, org.springframework.security.web.header.HeaderWriterFilter@369a9264, org.springframework.security.web.csrf.CsrfFilter@26fb9c4a, org.springframework.security.web.authentication.logout.LogoutFilter@64f62837, org.springframework.security.web.authentication.UsernamePasswordAuthenticationFilter@4b2d2dfe, org.springframework.security.web.savedrequest.RequestCacheAwareFilter@555c8cb6, org.springframework.security.web.servletapi.SecurityContextHolderAwareRequestFilter@6299adaa, org.springframework.security.web.authentication.AnonymousAuthenticationFilter@2a1e3748, org.springframework.security.web.access.ExceptionTranslationFilter@5e3d29ee]
2025-05-02 15:07:02 [restartedMain] INFO  o.s.b.d.a.OptionalLiveReloadServer - LiveReload server is running on port 35729
2025-05-02 15:07:02 [restartedMain] INFO  o.a.coyote.http11.Http11NioProtocol - Starting ProtocolHandler ["http-nio-8080"]
2025-05-02 15:07:02 [restartedMain] INFO  o.s.b.w.e.tomcat.TomcatWebServer - Tomcat started on port 8080 (http) with context path ''
2025-05-02 15:07:02 [restartedMain] INFO  c.d.w.DroneInventorySystemApplication - Started DroneInventorySystemApplication in 0.947 seconds (process running for 8929.847)
2025-05-02 15:07:02 [restartedMain] INFO  o.s.b.d.a.ConditionEvaluationDeltaLoggingListener - Condition evaluation unchanged
2025-05-02 15:11:14 [File Watcher] INFO  o.s.b.d.a.LocalDevToolsAutoConfiguration$RestartingClassPathChangeChangedEventListener - Restarting due to 1 class path change (0 additions, 0 deletions, 1 modification)
2025-05-02 15:11:14 [Thread-234] INFO  o.a.coyote.http11.Http11NioProtocol - Stopping ProtocolHandler ["http-nio-8080"]
2025-05-02 15:11:14 [Thread-234] INFO  o.s.o.j.LocalContainerEntityManagerFactoryBean - Closing JPA EntityManagerFactory for persistence unit 'default'
2025-05-02 15:11:14 [Thread-234] INFO  com.zaxxer.hikari.HikariDataSource - HikariPool-59 - Shutdown initiated...
2025-05-02 15:11:14 [Thread-234] INFO  com.zaxxer.hikari.HikariDataSource - HikariPool-59 - Shutdown completed.
2025-05-02 15:11:14 [restartedMain] INFO  c.d.w.DroneInventorySystemApplication - Starting DroneInventorySystemApplication using Java 17.0.10 with PID 773 (/Users/KurokiKazuma/Workspace/Digital-OJT/DroneInventorySystem/target/classes started by KurokiKazuma in /Users/KurokiKazuma/Workspace/Digital-OJT/DroneInventorySystem)
2025-05-02 15:11:14 [restartedMain] INFO  c.d.w.DroneInventorySystemApplication - The following 1 profile is active: "develop"
2025-05-02 15:11:14 [restartedMain] INFO  o.s.d.r.c.RepositoryConfigurationDelegate - Bootstrapping Spring Data JPA repositories in DEFAULT mode.
2025-05-02 15:11:14 [restartedMain] INFO  o.s.d.r.c.RepositoryConfigurationDelegate - Finished Spring Data repository scanning in 13 ms. Found 4 JPA repository interfaces.
2025-05-02 15:11:14 [restartedMain] INFO  o.s.b.w.e.tomcat.TomcatWebServer - Tomcat initialized with port 8080 (http)
2025-05-02 15:11:14 [restartedMain] INFO  o.a.coyote.http11.Http11NioProtocol - Initializing ProtocolHandler ["http-nio-8080"]
2025-05-02 15:11:14 [restartedMain] INFO  o.a.catalina.core.StandardService - Starting service [Tomcat]
2025-05-02 15:11:14 [restartedMain] INFO  o.a.catalina.core.StandardEngine - Starting Servlet engine: [Apache Tomcat/10.1.28]
2025-05-02 15:11:14 [restartedMain] INFO  o.a.c.c.C.[Tomcat-1].[localhost].[/] - Initializing Spring embedded WebApplicationContext
2025-05-02 15:11:14 [restartedMain] INFO  o.s.b.w.s.c.ServletWebServerApplicationContext - Root WebApplicationContext: initialization completed in 298 ms
2025-05-02 15:11:14 [restartedMain] INFO  com.zaxxer.hikari.HikariDataSource - HikariPool-60 - Starting...
2025-05-02 15:11:14 [restartedMain] INFO  com.zaxxer.hikari.pool.HikariPool - HikariPool-60 - Added connection com.mysql.cj.jdbc.ConnectionImpl@378fb8bc
2025-05-02 15:11:14 [restartedMain] INFO  com.zaxxer.hikari.HikariDataSource - HikariPool-60 - Start completed.
2025-05-02 15:11:14 [restartedMain] INFO  o.s.b.a.h.H2ConsoleAutoConfiguration - H2 console available at '/h2-console'. Database available at 'jdbc:mysql://localhost:3306/stock_mng'
2025-05-02 15:11:15 [restartedMain] INFO  o.s.o.j.p.SpringPersistenceUnitInfo - No LoadTimeWeaver setup: ignoring JPA class transformer
2025-05-02 15:11:15 [restartedMain] INFO  o.s.o.j.LocalContainerEntityManagerFactoryBean - Initialized JPA EntityManagerFactory for persistence unit 'default'
2025-05-02 15:11:15 [restartedMain] WARN  o.s.b.a.o.j.JpaBaseConfiguration$JpaWebConfiguration - spring.jpa.open-in-view is enabled by default. Therefore, database queries may be performed during view rendering. Explicitly configure spring.jpa.open-in-view to disable this warning
2025-05-02 15:11:15 [restartedMain] WARN  o.s.b.a.s.s.UserDetailsServiceAutoConfiguration - 

Using generated security password: 547306d7-17c9-441d-a073-4ff3b44ba3c4

This generated password is for development use only. Your security configuration must be updated before running your application in production.

2025-05-02 15:11:15 [restartedMain] INFO  o.s.s.web.DefaultSecurityFilterChain - Will secure any request with [org.springframework.security.web.session.DisableEncodeUrlFilter@121bd754, org.springframework.security.web.context.request.async.WebAsyncManagerIntegrationFilter@4f595bbc, org.springframework.security.web.context.SecurityContextHolderFilter@5d09628b, org.springframework.security.web.header.HeaderWriterFilter@7fb3c7ff, org.springframework.security.web.csrf.CsrfFilter@620022f6, org.springframework.security.web.authentication.logout.LogoutFilter@1edccb8a, org.springframework.security.web.authentication.UsernamePasswordAuthenticationFilter@f91a4e, org.springframework.security.web.savedrequest.RequestCacheAwareFilter@3efdfc4e, org.springframework.security.web.servletapi.SecurityContextHolderAwareRequestFilter@3874c9e6, org.springframework.security.web.authentication.AnonymousAuthenticationFilter@37a14946, org.springframework.security.web.access.ExceptionTranslationFilter@2d656d4a]
2025-05-02 15:11:15 [restartedMain] INFO  o.s.b.d.a.OptionalLiveReloadServer - LiveReload server is running on port 35729
2025-05-02 15:11:15 [restartedMain] INFO  o.a.coyote.http11.Http11NioProtocol - Starting ProtocolHandler ["http-nio-8080"]
2025-05-02 15:11:15 [restartedMain] INFO  o.s.b.w.e.tomcat.TomcatWebServer - Tomcat started on port 8080 (http) with context path ''
2025-05-02 15:11:15 [restartedMain] INFO  c.d.w.DroneInventorySystemApplication - Started DroneInventorySystemApplication in 0.791 seconds (process running for 9183.193)
2025-05-02 15:11:15 [restartedMain] INFO  o.s.b.d.a.ConditionEvaluationDeltaLoggingListener - Condition evaluation unchanged
2025-05-02 15:11:23 [File Watcher] INFO  o.s.b.d.a.LocalDevToolsAutoConfiguration$RestartingClassPathChangeChangedEventListener - Restarting due to 1 class path change (0 additions, 0 deletions, 1 modification)
2025-05-02 15:11:23 [Thread-238] INFO  o.a.coyote.http11.Http11NioProtocol - Stopping ProtocolHandler ["http-nio-8080"]
2025-05-02 15:11:23 [Thread-238] INFO  o.s.o.j.LocalContainerEntityManagerFactoryBean - Closing JPA EntityManagerFactory for persistence unit 'default'
2025-05-02 15:11:23 [Thread-238] INFO  com.zaxxer.hikari.HikariDataSource - HikariPool-60 - Shutdown initiated...
2025-05-02 15:11:23 [Thread-238] INFO  com.zaxxer.hikari.HikariDataSource - HikariPool-60 - Shutdown completed.
2025-05-02 15:11:24 [restartedMain] INFO  c.d.w.DroneInventorySystemApplication - Starting DroneInventorySystemApplication using Java 17.0.10 with PID 773 (/Users/KurokiKazuma/Workspace/Digital-OJT/DroneInventorySystem/target/classes started by KurokiKazuma in /Users/KurokiKazuma/Workspace/Digital-OJT/DroneInventorySystem)
2025-05-02 15:11:24 [restartedMain] INFO  c.d.w.DroneInventorySystemApplication - The following 1 profile is active: "develop"
2025-05-02 15:11:24 [restartedMain] INFO  o.s.d.r.c.RepositoryConfigurationDelegate - Bootstrapping Spring Data JPA repositories in DEFAULT mode.
2025-05-02 15:11:24 [restartedMain] INFO  o.s.d.r.c.RepositoryConfigurationDelegate - Finished Spring Data repository scanning in 13 ms. Found 4 JPA repository interfaces.
2025-05-02 15:11:24 [restartedMain] INFO  o.s.b.w.e.tomcat.TomcatWebServer - Tomcat initialized with port 8080 (http)
2025-05-02 15:11:24 [restartedMain] INFO  o.a.coyote.http11.Http11NioProtocol - Initializing ProtocolHandler ["http-nio-8080"]
2025-05-02 15:11:24 [restartedMain] INFO  o.a.catalina.core.StandardService - Starting service [Tomcat]
2025-05-02 15:11:24 [restartedMain] INFO  o.a.catalina.core.StandardEngine - Starting Servlet engine: [Apache Tomcat/10.1.28]
2025-05-02 15:11:24 [restartedMain] INFO  o.a.c.c.C.[Tomcat-1].[localhost].[/] - Initializing Spring embedded WebApplicationContext
2025-05-02 15:11:24 [restartedMain] INFO  o.s.b.w.s.c.ServletWebServerApplicationContext - Root WebApplicationContext: initialization completed in 351 ms
2025-05-02 15:11:24 [restartedMain] INFO  com.zaxxer.hikari.HikariDataSource - HikariPool-61 - Starting...
2025-05-02 15:11:24 [restartedMain] INFO  com.zaxxer.hikari.pool.HikariPool - HikariPool-61 - Added connection com.mysql.cj.jdbc.ConnectionImpl@726c9d17
2025-05-02 15:11:24 [restartedMain] INFO  com.zaxxer.hikari.HikariDataSource - HikariPool-61 - Start completed.
2025-05-02 15:11:24 [restartedMain] INFO  o.s.b.a.h.H2ConsoleAutoConfiguration - H2 console available at '/h2-console'. Database available at 'jdbc:mysql://localhost:3306/stock_mng'
2025-05-02 15:11:24 [restartedMain] INFO  o.s.o.j.p.SpringPersistenceUnitInfo - No LoadTimeWeaver setup: ignoring JPA class transformer
2025-05-02 15:11:24 [restartedMain] INFO  o.s.o.j.LocalContainerEntityManagerFactoryBean - Initialized JPA EntityManagerFactory for persistence unit 'default'
2025-05-02 15:11:24 [restartedMain] WARN  o.s.b.a.o.j.JpaBaseConfiguration$JpaWebConfiguration - spring.jpa.open-in-view is enabled by default. Therefore, database queries may be performed during view rendering. Explicitly configure spring.jpa.open-in-view to disable this warning
2025-05-02 15:11:24 [restartedMain] WARN  o.s.b.a.s.s.UserDetailsServiceAutoConfiguration - 

Using generated security password: 698fd026-00fc-45f1-a960-c2b9a0cc5e7c

This generated password is for development use only. Your security configuration must be updated before running your application in production.

2025-05-02 15:11:24 [restartedMain] INFO  o.s.s.web.DefaultSecurityFilterChain - Will secure any request with [org.springframework.security.web.session.DisableEncodeUrlFilter@4be6f69e, org.springframework.security.web.context.request.async.WebAsyncManagerIntegrationFilter@3323b3b0, org.springframework.security.web.context.SecurityContextHolderFilter@177c8d3a, org.springframework.security.web.header.HeaderWriterFilter@69c9f983, org.springframework.security.web.csrf.CsrfFilter@79a1932, org.springframework.security.web.authentication.logout.LogoutFilter@8962eba, org.springframework.security.web.authentication.UsernamePasswordAuthenticationFilter@ac7d9e3, org.springframework.security.web.savedrequest.RequestCacheAwareFilter@4078556e, org.springframework.security.web.servletapi.SecurityContextHolderAwareRequestFilter@5d53867b, org.springframework.security.web.authentication.AnonymousAuthenticationFilter@a79b890, org.springframework.security.web.access.ExceptionTranslationFilter@731dd577]
2025-05-02 15:11:24 [restartedMain] INFO  o.s.b.d.a.OptionalLiveReloadServer - LiveReload server is running on port 35729
2025-05-02 15:11:24 [restartedMain] INFO  o.a.coyote.http11.Http11NioProtocol - Starting ProtocolHandler ["http-nio-8080"]
2025-05-02 15:11:24 [restartedMain] INFO  o.s.b.w.e.tomcat.TomcatWebServer - Tomcat started on port 8080 (http) with context path ''
2025-05-02 15:11:24 [restartedMain] INFO  c.d.w.DroneInventorySystemApplication - Started DroneInventorySystemApplication in 0.807 seconds (process running for 9192.678)
2025-05-02 15:11:24 [restartedMain] INFO  o.s.b.d.a.ConditionEvaluationDeltaLoggingListener - Condition evaluation unchanged
2025-05-02 15:11:40 [File Watcher] INFO  o.s.b.d.a.LocalDevToolsAutoConfiguration$RestartingClassPathChangeChangedEventListener - Restarting due to 1 class path change (0 additions, 0 deletions, 1 modification)
2025-05-02 15:11:40 [Thread-242] INFO  o.a.coyote.http11.Http11NioProtocol - Stopping ProtocolHandler ["http-nio-8080"]
2025-05-02 15:11:40 [Thread-242] INFO  o.s.o.j.LocalContainerEntityManagerFactoryBean - Closing JPA EntityManagerFactory for persistence unit 'default'
2025-05-02 15:11:40 [Thread-242] INFO  com.zaxxer.hikari.HikariDataSource - HikariPool-61 - Shutdown initiated...
2025-05-02 15:11:40 [Thread-242] INFO  com.zaxxer.hikari.HikariDataSource - HikariPool-61 - Shutdown completed.
2025-05-02 15:11:40 [restartedMain] INFO  c.d.w.DroneInventorySystemApplication - Starting DroneInventorySystemApplication using Java 17.0.10 with PID 773 (/Users/KurokiKazuma/Workspace/Digital-OJT/DroneInventorySystem/target/classes started by KurokiKazuma in /Users/KurokiKazuma/Workspace/Digital-OJT/DroneInventorySystem)
2025-05-02 15:11:40 [restartedMain] INFO  c.d.w.DroneInventorySystemApplication - The following 1 profile is active: "develop"
2025-05-02 15:11:40 [restartedMain] INFO  o.s.d.r.c.RepositoryConfigurationDelegate - Bootstrapping Spring Data JPA repositories in DEFAULT mode.
2025-05-02 15:11:40 [restartedMain] INFO  o.s.d.r.c.RepositoryConfigurationDelegate - Finished Spring Data repository scanning in 12 ms. Found 4 JPA repository interfaces.
2025-05-02 15:11:41 [restartedMain] INFO  o.s.b.w.e.tomcat.TomcatWebServer - Tomcat initialized with port 8080 (http)
2025-05-02 15:11:41 [restartedMain] INFO  o.a.coyote.http11.Http11NioProtocol - Initializing ProtocolHandler ["http-nio-8080"]
2025-05-02 15:11:41 [restartedMain] INFO  o.a.catalina.core.StandardService - Starting service [Tomcat]
2025-05-02 15:11:41 [restartedMain] INFO  o.a.catalina.core.StandardEngine - Starting Servlet engine: [Apache Tomcat/10.1.28]
2025-05-02 15:11:41 [restartedMain] INFO  o.a.c.c.C.[Tomcat-1].[localhost].[/] - Initializing Spring embedded WebApplicationContext
2025-05-02 15:11:41 [restartedMain] INFO  o.s.b.w.s.c.ServletWebServerApplicationContext - Root WebApplicationContext: initialization completed in 340 ms
2025-05-02 15:11:41 [restartedMain] INFO  com.zaxxer.hikari.HikariDataSource - HikariPool-62 - Starting...
2025-05-02 15:11:41 [restartedMain] INFO  com.zaxxer.hikari.pool.HikariPool - HikariPool-62 - Added connection com.mysql.cj.jdbc.ConnectionImpl@72bd09a3
2025-05-02 15:11:41 [restartedMain] INFO  com.zaxxer.hikari.HikariDataSource - HikariPool-62 - Start completed.
2025-05-02 15:11:41 [restartedMain] INFO  o.s.b.a.h.H2ConsoleAutoConfiguration - H2 console available at '/h2-console'. Database available at 'jdbc:mysql://localhost:3306/stock_mng'
2025-05-02 15:11:41 [restartedMain] INFO  o.s.o.j.p.SpringPersistenceUnitInfo - No LoadTimeWeaver setup: ignoring JPA class transformer
2025-05-02 15:11:41 [restartedMain] INFO  o.s.o.j.LocalContainerEntityManagerFactoryBean - Initialized JPA EntityManagerFactory for persistence unit 'default'
2025-05-02 15:11:41 [restartedMain] WARN  o.s.b.a.o.j.JpaBaseConfiguration$JpaWebConfiguration - spring.jpa.open-in-view is enabled by default. Therefore, database queries may be performed during view rendering. Explicitly configure spring.jpa.open-in-view to disable this warning
2025-05-02 15:11:41 [restartedMain] WARN  o.s.b.a.s.s.UserDetailsServiceAutoConfiguration - 

Using generated security password: e2373046-1658-4589-9b75-b4aec10c1294

This generated password is for development use only. Your security configuration must be updated before running your application in production.

2025-05-02 15:11:41 [restartedMain] INFO  o.s.s.web.DefaultSecurityFilterChain - Will secure any request with [org.springframework.security.web.session.DisableEncodeUrlFilter@465bbaea, org.springframework.security.web.context.request.async.WebAsyncManagerIntegrationFilter@5c1b4021, org.springframework.security.web.context.SecurityContextHolderFilter@75e30e40, org.springframework.security.web.header.HeaderWriterFilter@f2d05a0, org.springframework.security.web.csrf.CsrfFilter@3aa5497f, org.springframework.security.web.authentication.logout.LogoutFilter@c63fbc5, org.springframework.security.web.authentication.UsernamePasswordAuthenticationFilter@308c1b4, org.springframework.security.web.savedrequest.RequestCacheAwareFilter@651d5f32, org.springframework.security.web.servletapi.SecurityContextHolderAwareRequestFilter@6787dd2, org.springframework.security.web.authentication.AnonymousAuthenticationFilter@4f3535b4, org.springframework.security.web.access.ExceptionTranslationFilter@4885706b]
2025-05-02 15:11:41 [restartedMain] INFO  o.s.b.d.a.OptionalLiveReloadServer - LiveReload server is running on port 35729
2025-05-02 15:11:41 [restartedMain] INFO  o.a.coyote.http11.Http11NioProtocol - Starting ProtocolHandler ["http-nio-8080"]
2025-05-02 15:11:41 [restartedMain] INFO  o.s.b.w.e.tomcat.TomcatWebServer - Tomcat started on port 8080 (http) with context path ''
2025-05-02 15:11:41 [restartedMain] INFO  c.d.w.DroneInventorySystemApplication - Started DroneInventorySystemApplication in 0.825 seconds (process running for 9209.287)
2025-05-02 15:11:41 [restartedMain] INFO  o.s.b.d.a.ConditionEvaluationDeltaLoggingListener - Condition evaluation unchanged
2025-05-02 15:11:44 [http-nio-8080-exec-1] INFO  o.a.c.c.C.[Tomcat-1].[localhost].[/] - Initializing Spring DispatcherServlet 'dispatcherServlet'
2025-05-02 15:11:44 [http-nio-8080-exec-1] INFO  o.s.web.servlet.DispatcherServlet - Initializing Servlet 'dispatcherServlet'
2025-05-02 15:11:44 [http-nio-8080-exec-1] INFO  o.s.web.servlet.DispatcherServlet - Completed initialization in 8 ms
2025-05-02 15:11:44 [http-nio-8080-exec-1] INFO  APP - 【INFO】時間: 1746166304871 | 処理対象: 在庫一覧画面 | 処理内容: 初期表示 | 処理結果: 開始
2025-05-02 15:11:44 [http-nio-8080-exec-1] INFO  APP - 【INFO】時間: 1746166304901 | 処理対象: 在庫一覧画面 | 処理内容: 初期表示 | 処理結果: 成功
2025-05-02 15:11:46 [http-nio-8080-exec-1] INFO  APP - 【INFO】時間: 1746166306137 | 処理対象: 在庫一覧画面 | 処理内容: 初期表示 | 処理結果: 開始
2025-05-02 15:11:46 [http-nio-8080-exec-1] INFO  APP - 【INFO】時間: 1746166306157 | 処理対象: 在庫一覧画面 | 処理内容: 初期表示 | 処理結果: 成功
2025-05-02 15:11:47 [http-nio-8080-exec-6] ERROR o.a.c.c.C.[.[.[.[dispatcherServlet] - Servlet.service() for servlet [dispatcherServlet] in context with path [] threw exception [Handler dispatch failed: java.lang.Error: Unresolved compilation problems: 
	型 StockInfoService のメソッド searchCategoryName(Integer) は引数 () に適用できません
	型 StockInfoService のメソッド searchCenterName(Integer) は引数 () に適用できません
] with root cause
java.lang.Error: Unresolved compilation problems: 
	型 StockInfoService のメソッド searchCategoryName(Integer) は引数 () に適用できません
	型 StockInfoService のメソッド searchCenterName(Integer) は引数 () に適用できません

	at com.digitalojt.web.controller.StockInfoController.search(StockInfoController.java:156)
	at java.base/jdk.internal.reflect.NativeMethodAccessorImpl.invoke0(Native Method)
	at java.base/jdk.internal.reflect.NativeMethodAccessorImpl.invoke(NativeMethodAccessorImpl.java:77)
	at java.base/jdk.internal.reflect.DelegatingMethodAccessorImpl.invoke(DelegatingMethodAccessorImpl.java:43)
	at java.base/java.lang.reflect.Method.invoke(Method.java:568)
	at org.springframework.web.method.support.InvocableHandlerMethod.doInvoke(InvocableHandlerMethod.java:255)
	at org.springframework.web.method.support.InvocableHandlerMethod.invokeForRequest(InvocableHandlerMethod.java:188)
	at org.springframework.web.servlet.mvc.method.annotation.ServletInvocableHandlerMethod.invokeAndHandle(ServletInvocableHandlerMethod.java:118)
	at org.springframework.web.servlet.mvc.method.annotation.RequestMappingHandlerAdapter.invokeHandlerMethod(RequestMappingHandlerAdapter.java:926)
	at org.springframework.web.servlet.mvc.method.annotation.RequestMappingHandlerAdapter.handleInternal(RequestMappingHandlerAdapter.java:831)
	at org.springframework.web.servlet.mvc.method.AbstractHandlerMethodAdapter.handle(AbstractHandlerMethodAdapter.java:87)
	at org.springframework.web.servlet.DispatcherServlet.doDispatch(DispatcherServlet.java:1089)
	at org.springframework.web.servlet.DispatcherServlet.doService(DispatcherServlet.java:979)
	at org.springframework.web.servlet.FrameworkServlet.processRequest(FrameworkServlet.java:1014)
	at org.springframework.web.servlet.FrameworkServlet.doPost(FrameworkServlet.java:914)
	at jakarta.servlet.http.HttpServlet.service(HttpServlet.java:590)
	at org.springframework.web.servlet.FrameworkServlet.service(FrameworkServlet.java:885)
	at jakarta.servlet.http.HttpServlet.service(HttpServlet.java:658)
	at org.apache.catalina.core.ApplicationFilterChain.internalDoFilter(ApplicationFilterChain.java:195)
	at org.apache.catalina.core.ApplicationFilterChain.doFilter(ApplicationFilterChain.java:140)
	at org.apache.tomcat.websocket.server.WsFilter.doFilter(WsFilter.java:51)
	at org.apache.catalina.core.ApplicationFilterChain.internalDoFilter(ApplicationFilterChain.java:164)
	at org.apache.catalina.core.ApplicationFilterChain.doFilter(ApplicationFilterChain.java:140)
	at org.springframework.web.filter.CompositeFilter$VirtualFilterChain.doFilter(CompositeFilter.java:108)
	at org.springframework.security.web.FilterChainProxy.lambda$doFilterInternal$3(FilterChainProxy.java:231)
	at org.springframework.security.web.FilterChainProxy$VirtualFilterChain.doFilter(FilterChainProxy.java:365)
	at org.springframework.security.web.access.ExceptionTranslationFilter.doFilter(ExceptionTranslationFilter.java:126)
	at org.springframework.security.web.access.ExceptionTranslationFilter.doFilter(ExceptionTranslationFilter.java:120)
	at org.springframework.security.web.FilterChainProxy$VirtualFilterChain.doFilter(FilterChainProxy.java:374)
	at org.springframework.security.web.authentication.AnonymousAuthenticationFilter.doFilter(AnonymousAuthenticationFilter.java:100)
	at org.springframework.security.web.FilterChainProxy$VirtualFilterChain.doFilter(FilterChainProxy.java:374)
	at org.springframework.security.web.servletapi.SecurityContextHolderAwareRequestFilter.doFilter(SecurityContextHolderAwareRequestFilter.java:179)
	at org.springframework.security.web.FilterChainProxy$VirtualFilterChain.doFilter(FilterChainProxy.java:374)
	at org.springframework.security.web.savedrequest.RequestCacheAwareFilter.doFilter(RequestCacheAwareFilter.java:63)
	at org.springframework.security.web.FilterChainProxy$VirtualFilterChain.doFilter(FilterChainProxy.java:374)
	at org.springframework.security.web.authentication.AbstractAuthenticationProcessingFilter.doFilter(AbstractAuthenticationProcessingFilter.java:227)
	at org.springframework.security.web.authentication.AbstractAuthenticationProcessingFilter.doFilter(AbstractAuthenticationProcessingFilter.java:221)
	at org.springframework.security.web.FilterChainProxy$VirtualFilterChain.doFilter(FilterChainProxy.java:374)
	at org.springframework.security.web.authentication.logout.LogoutFilter.doFilter(LogoutFilter.java:107)
	at org.springframework.security.web.authentication.logout.LogoutFilter.doFilter(LogoutFilter.java:93)
	at org.springframework.security.web.FilterChainProxy$VirtualFilterChain.doFilter(FilterChainProxy.java:374)
	at org.springframework.security.web.csrf.CsrfFilter.doFilterInternal(CsrfFilter.java:131)
	at org.springframework.web.filter.OncePerRequestFilter.doFilter(OncePerRequestFilter.java:116)
	at org.springframework.security.web.FilterChainProxy$VirtualFilterChain.doFilter(FilterChainProxy.java:374)
	at org.springframework.security.web.header.HeaderWriterFilter.doHeadersAfter(HeaderWriterFilter.java:90)
	at org.springframework.security.web.header.HeaderWriterFilter.doFilterInternal(HeaderWriterFilter.java:75)
	at org.springframework.web.filter.OncePerRequestFilter.doFilter(OncePerRequestFilter.java:116)
	at org.springframework.security.web.FilterChainProxy$VirtualFilterChain.doFilter(FilterChainProxy.java:374)
	at org.springframework.security.web.context.SecurityContextHolderFilter.doFilter(SecurityContextHolderFilter.java:82)
	at org.springframework.security.web.context.SecurityContextHolderFilter.doFilter(SecurityContextHolderFilter.java:69)
	at org.springframework.security.web.FilterChainProxy$VirtualFilterChain.doFilter(FilterChainProxy.java:374)
	at org.springframework.security.web.context.request.async.WebAsyncManagerIntegrationFilter.doFilterInternal(WebAsyncManagerIntegrationFilter.java:62)
	at org.springframework.web.filter.OncePerRequestFilter.doFilter(OncePerRequestFilter.java:116)
	at org.springframework.security.web.FilterChainProxy$VirtualFilterChain.doFilter(FilterChainProxy.java:374)
	at org.springframework.security.web.session.DisableEncodeUrlFilter.doFilterInternal(DisableEncodeUrlFilter.java:42)
	at org.springframework.web.filter.OncePerRequestFilter.doFilter(OncePerRequestFilter.java:116)
	at org.springframework.security.web.FilterChainProxy$VirtualFilterChain.doFilter(FilterChainProxy.java:374)
	at org.springframework.security.web.FilterChainProxy.doFilterInternal(FilterChainProxy.java:233)
	at org.springframework.security.web.FilterChainProxy.doFilter(FilterChainProxy.java:191)
	at org.springframework.web.filter.CompositeFilter$VirtualFilterChain.doFilter(CompositeFilter.java:113)
	at org.springframework.web.servlet.handler.HandlerMappingIntrospector.lambda$createCacheFilter$3(HandlerMappingIntrospector.java:195)
	at org.springframework.web.filter.CompositeFilter$VirtualFilterChain.doFilter(CompositeFilter.java:113)
	at org.springframework.web.filter.CompositeFilter.doFilter(CompositeFilter.java:74)
	at org.springframework.security.config.annotation.web.configuration.WebMvcSecurityConfiguration$CompositeFilterChainProxy.doFilter(WebMvcSecurityConfiguration.java:230)
	at org.springframework.web.filter.DelegatingFilterProxy.invokeDelegate(DelegatingFilterProxy.java:352)
	at org.springframework.web.filter.DelegatingFilterProxy.doFilter(DelegatingFilterProxy.java:268)
	at org.apache.catalina.core.ApplicationFilterChain.internalDoFilter(ApplicationFilterChain.java:164)
	at org.apache.catalina.core.ApplicationFilterChain.doFilter(ApplicationFilterChain.java:140)
	at org.springframework.web.filter.RequestContextFilter.doFilterInternal(RequestContextFilter.java:100)
	at org.springframework.web.filter.OncePerRequestFilter.doFilter(OncePerRequestFilter.java:116)
	at org.apache.catalina.core.ApplicationFilterChain.internalDoFilter(ApplicationFilterChain.java:164)
	at org.apache.catalina.core.ApplicationFilterChain.doFilter(ApplicationFilterChain.java:140)
	at org.springframework.web.filter.FormContentFilter.doFilterInternal(FormContentFilter.java:93)
	at org.springframework.web.filter.OncePerRequestFilter.doFilter(OncePerRequestFilter.java:116)
	at org.apache.catalina.core.ApplicationFilterChain.internalDoFilter(ApplicationFilterChain.java:164)
	at org.apache.catalina.core.ApplicationFilterChain.doFilter(ApplicationFilterChain.java:140)
	at org.springframework.web.filter.CharacterEncodingFilter.doFilterInternal(CharacterEncodingFilter.java:201)
	at org.springframework.web.filter.OncePerRequestFilter.doFilter(OncePerRequestFilter.java:116)
	at org.apache.catalina.core.ApplicationFilterChain.internalDoFilter(ApplicationFilterChain.java:164)
	at org.apache.catalina.core.ApplicationFilterChain.doFilter(ApplicationFilterChain.java:140)
	at org.apache.catalina.core.StandardWrapperValve.invoke(StandardWrapperValve.java:167)
	at org.apache.catalina.core.StandardContextValve.invoke(StandardContextValve.java:90)
	at org.apache.catalina.authenticator.AuthenticatorBase.invoke(AuthenticatorBase.java:483)
	at org.apache.catalina.core.StandardHostValve.invoke(StandardHostValve.java:115)
	at org.apache.catalina.valves.ErrorReportValve.invoke(ErrorReportValve.java:93)
	at org.apache.catalina.core.StandardEngineValve.invoke(StandardEngineValve.java:74)
	at org.apache.catalina.connector.CoyoteAdapter.service(CoyoteAdapter.java:344)
	at org.apache.coyote.http11.Http11Processor.service(Http11Processor.java:384)
	at org.apache.coyote.AbstractProcessorLight.process(AbstractProcessorLight.java:63)
	at org.apache.coyote.AbstractProtocol$ConnectionHandler.process(AbstractProtocol.java:904)
	at org.apache.tomcat.util.net.NioEndpoint$SocketProcessor.doRun(NioEndpoint.java:1741)
	at org.apache.tomcat.util.net.SocketProcessorBase.run(SocketProcessorBase.java:52)
	at org.apache.tomcat.util.threads.ThreadPoolExecutor.runWorker(ThreadPoolExecutor.java:1190)
	at org.apache.tomcat.util.threads.ThreadPoolExecutor$Worker.run(ThreadPoolExecutor.java:659)
	at org.apache.tomcat.util.threads.TaskThread$WrappingRunnable.run(TaskThread.java:63)
	at java.base/java.lang.Thread.run(Thread.java:840)
2025-05-02 15:12:04 [http-nio-8080-exec-8] INFO  APP - 【INFO】時間: 1746166324108 | 処理対象: 在庫センター情報画面 | 処理内容: 初期表示 | 処理結果: 開始
2025-05-02 15:12:04 [http-nio-8080-exec-8] INFO  APP - 【INFO】時間: 1746166324116 | 処理対象: 在庫センター情報画面 | 処理内容: 初期表示 | 処理結果: 成功
2025-05-02 15:12:04 [http-nio-8080-exec-3] INFO  APP - 【INFO】時間: 1746166324454 | 処理対象: 在庫一覧画面 | 処理内容: 初期表示 | 処理結果: 開始
2025-05-02 15:12:04 [http-nio-8080-exec-3] INFO  APP - 【INFO】時間: 1746166324470 | 処理対象: 在庫一覧画面 | 処理内容: 初期表示 | 処理結果: 成功
2025-05-02 15:12:07 [http-nio-8080-exec-9] ERROR o.a.c.c.C.[.[.[.[dispatcherServlet] - Servlet.service() for servlet [dispatcherServlet] in context with path [] threw exception [Handler dispatch failed: java.lang.Error: Unresolved compilation problems: 
	型 StockInfoService のメソッド searchCategoryName(Integer) は引数 () に適用できません
	型 StockInfoService のメソッド searchCenterName(Integer) は引数 () に適用できません
] with root cause
java.lang.Error: Unresolved compilation problems: 
	型 StockInfoService のメソッド searchCategoryName(Integer) は引数 () に適用できません
	型 StockInfoService のメソッド searchCenterName(Integer) は引数 () に適用できません

	at com.digitalojt.web.controller.StockInfoController.search(StockInfoController.java:156)
	at java.base/jdk.internal.reflect.NativeMethodAccessorImpl.invoke0(Native Method)
	at java.base/jdk.internal.reflect.NativeMethodAccessorImpl.invoke(NativeMethodAccessorImpl.java:77)
	at java.base/jdk.internal.reflect.DelegatingMethodAccessorImpl.invoke(DelegatingMethodAccessorImpl.java:43)
	at java.base/java.lang.reflect.Method.invoke(Method.java:568)
	at org.springframework.web.method.support.InvocableHandlerMethod.doInvoke(InvocableHandlerMethod.java:255)
	at org.springframework.web.method.support.InvocableHandlerMethod.invokeForRequest(InvocableHandlerMethod.java:188)
	at org.springframework.web.servlet.mvc.method.annotation.ServletInvocableHandlerMethod.invokeAndHandle(ServletInvocableHandlerMethod.java:118)
	at org.springframework.web.servlet.mvc.method.annotation.RequestMappingHandlerAdapter.invokeHandlerMethod(RequestMappingHandlerAdapter.java:926)
	at org.springframework.web.servlet.mvc.method.annotation.RequestMappingHandlerAdapter.handleInternal(RequestMappingHandlerAdapter.java:831)
	at org.springframework.web.servlet.mvc.method.AbstractHandlerMethodAdapter.handle(AbstractHandlerMethodAdapter.java:87)
	at org.springframework.web.servlet.DispatcherServlet.doDispatch(DispatcherServlet.java:1089)
	at org.springframework.web.servlet.DispatcherServlet.doService(DispatcherServlet.java:979)
	at org.springframework.web.servlet.FrameworkServlet.processRequest(FrameworkServlet.java:1014)
	at org.springframework.web.servlet.FrameworkServlet.doPost(FrameworkServlet.java:914)
	at jakarta.servlet.http.HttpServlet.service(HttpServlet.java:590)
	at org.springframework.web.servlet.FrameworkServlet.service(FrameworkServlet.java:885)
	at jakarta.servlet.http.HttpServlet.service(HttpServlet.java:658)
	at org.apache.catalina.core.ApplicationFilterChain.internalDoFilter(ApplicationFilterChain.java:195)
	at org.apache.catalina.core.ApplicationFilterChain.doFilter(ApplicationFilterChain.java:140)
	at org.apache.tomcat.websocket.server.WsFilter.doFilter(WsFilter.java:51)
	at org.apache.catalina.core.ApplicationFilterChain.internalDoFilter(ApplicationFilterChain.java:164)
	at org.apache.catalina.core.ApplicationFilterChain.doFilter(ApplicationFilterChain.java:140)
	at org.springframework.web.filter.CompositeFilter$VirtualFilterChain.doFilter(CompositeFilter.java:108)
	at org.springframework.security.web.FilterChainProxy.lambda$doFilterInternal$3(FilterChainProxy.java:231)
	at org.springframework.security.web.FilterChainProxy$VirtualFilterChain.doFilter(FilterChainProxy.java:365)
	at org.springframework.security.web.access.ExceptionTranslationFilter.doFilter(ExceptionTranslationFilter.java:126)
	at org.springframework.security.web.access.ExceptionTranslationFilter.doFilter(ExceptionTranslationFilter.java:120)
	at org.springframework.security.web.FilterChainProxy$VirtualFilterChain.doFilter(FilterChainProxy.java:374)
	at org.springframework.security.web.authentication.AnonymousAuthenticationFilter.doFilter(AnonymousAuthenticationFilter.java:100)
	at org.springframework.security.web.FilterChainProxy$VirtualFilterChain.doFilter(FilterChainProxy.java:374)
	at org.springframework.security.web.servletapi.SecurityContextHolderAwareRequestFilter.doFilter(SecurityContextHolderAwareRequestFilter.java:179)
	at org.springframework.security.web.FilterChainProxy$VirtualFilterChain.doFilter(FilterChainProxy.java:374)
	at org.springframework.security.web.savedrequest.RequestCacheAwareFilter.doFilter(RequestCacheAwareFilter.java:63)
	at org.springframework.security.web.FilterChainProxy$VirtualFilterChain.doFilter(FilterChainProxy.java:374)
	at org.springframework.security.web.authentication.AbstractAuthenticationProcessingFilter.doFilter(AbstractAuthenticationProcessingFilter.java:227)
	at org.springframework.security.web.authentication.AbstractAuthenticationProcessingFilter.doFilter(AbstractAuthenticationProcessingFilter.java:221)
	at org.springframework.security.web.FilterChainProxy$VirtualFilterChain.doFilter(FilterChainProxy.java:374)
	at org.springframework.security.web.authentication.logout.LogoutFilter.doFilter(LogoutFilter.java:107)
	at org.springframework.security.web.authentication.logout.LogoutFilter.doFilter(LogoutFilter.java:93)
	at org.springframework.security.web.FilterChainProxy$VirtualFilterChain.doFilter(FilterChainProxy.java:374)
	at org.springframework.security.web.csrf.CsrfFilter.doFilterInternal(CsrfFilter.java:131)
	at org.springframework.web.filter.OncePerRequestFilter.doFilter(OncePerRequestFilter.java:116)
	at org.springframework.security.web.FilterChainProxy$VirtualFilterChain.doFilter(FilterChainProxy.java:374)
	at org.springframework.security.web.header.HeaderWriterFilter.doHeadersAfter(HeaderWriterFilter.java:90)
	at org.springframework.security.web.header.HeaderWriterFilter.doFilterInternal(HeaderWriterFilter.java:75)
	at org.springframework.web.filter.OncePerRequestFilter.doFilter(OncePerRequestFilter.java:116)
	at org.springframework.security.web.FilterChainProxy$VirtualFilterChain.doFilter(FilterChainProxy.java:374)
	at org.springframework.security.web.context.SecurityContextHolderFilter.doFilter(SecurityContextHolderFilter.java:82)
	at org.springframework.security.web.context.SecurityContextHolderFilter.doFilter(SecurityContextHolderFilter.java:69)
	at org.springframework.security.web.FilterChainProxy$VirtualFilterChain.doFilter(FilterChainProxy.java:374)
	at org.springframework.security.web.context.request.async.WebAsyncManagerIntegrationFilter.doFilterInternal(WebAsyncManagerIntegrationFilter.java:62)
	at org.springframework.web.filter.OncePerRequestFilter.doFilter(OncePerRequestFilter.java:116)
	at org.springframework.security.web.FilterChainProxy$VirtualFilterChain.doFilter(FilterChainProxy.java:374)
	at org.springframework.security.web.session.DisableEncodeUrlFilter.doFilterInternal(DisableEncodeUrlFilter.java:42)
	at org.springframework.web.filter.OncePerRequestFilter.doFilter(OncePerRequestFilter.java:116)
	at org.springframework.security.web.FilterChainProxy$VirtualFilterChain.doFilter(FilterChainProxy.java:374)
	at org.springframework.security.web.FilterChainProxy.doFilterInternal(FilterChainProxy.java:233)
	at org.springframework.security.web.FilterChainProxy.doFilter(FilterChainProxy.java:191)
	at org.springframework.web.filter.CompositeFilter$VirtualFilterChain.doFilter(CompositeFilter.java:113)
	at org.springframework.web.servlet.handler.HandlerMappingIntrospector.lambda$createCacheFilter$3(HandlerMappingIntrospector.java:195)
	at org.springframework.web.filter.CompositeFilter$VirtualFilterChain.doFilter(CompositeFilter.java:113)
	at org.springframework.web.filter.CompositeFilter.doFilter(CompositeFilter.java:74)
	at org.springframework.security.config.annotation.web.configuration.WebMvcSecurityConfiguration$CompositeFilterChainProxy.doFilter(WebMvcSecurityConfiguration.java:230)
	at org.springframework.web.filter.DelegatingFilterProxy.invokeDelegate(DelegatingFilterProxy.java:352)
	at org.springframework.web.filter.DelegatingFilterProxy.doFilter(DelegatingFilterProxy.java:268)
	at org.apache.catalina.core.ApplicationFilterChain.internalDoFilter(ApplicationFilterChain.java:164)
	at org.apache.catalina.core.ApplicationFilterChain.doFilter(ApplicationFilterChain.java:140)
	at org.springframework.web.filter.RequestContextFilter.doFilterInternal(RequestContextFilter.java:100)
	at org.springframework.web.filter.OncePerRequestFilter.doFilter(OncePerRequestFilter.java:116)
	at org.apache.catalina.core.ApplicationFilterChain.internalDoFilter(ApplicationFilterChain.java:164)
	at org.apache.catalina.core.ApplicationFilterChain.doFilter(ApplicationFilterChain.java:140)
	at org.springframework.web.filter.FormContentFilter.doFilterInternal(FormContentFilter.java:93)
	at org.springframework.web.filter.OncePerRequestFilter.doFilter(OncePerRequestFilter.java:116)
	at org.apache.catalina.core.ApplicationFilterChain.internalDoFilter(ApplicationFilterChain.java:164)
	at org.apache.catalina.core.ApplicationFilterChain.doFilter(ApplicationFilterChain.java:140)
	at org.springframework.web.filter.CharacterEncodingFilter.doFilterInternal(CharacterEncodingFilter.java:201)
	at org.springframework.web.filter.OncePerRequestFilter.doFilter(OncePerRequestFilter.java:116)
	at org.apache.catalina.core.ApplicationFilterChain.internalDoFilter(ApplicationFilterChain.java:164)
	at org.apache.catalina.core.ApplicationFilterChain.doFilter(ApplicationFilterChain.java:140)
	at org.apache.catalina.core.StandardWrapperValve.invoke(StandardWrapperValve.java:167)
	at org.apache.catalina.core.StandardContextValve.invoke(StandardContextValve.java:90)
	at org.apache.catalina.authenticator.AuthenticatorBase.invoke(AuthenticatorBase.java:483)
	at org.apache.catalina.core.StandardHostValve.invoke(StandardHostValve.java:115)
	at org.apache.catalina.valves.ErrorReportValve.invoke(ErrorReportValve.java:93)
	at org.apache.catalina.core.StandardEngineValve.invoke(StandardEngineValve.java:74)
	at org.apache.catalina.connector.CoyoteAdapter.service(CoyoteAdapter.java:344)
	at org.apache.coyote.http11.Http11Processor.service(Http11Processor.java:384)
	at org.apache.coyote.AbstractProcessorLight.process(AbstractProcessorLight.java:63)
	at org.apache.coyote.AbstractProtocol$ConnectionHandler.process(AbstractProtocol.java:904)
	at org.apache.tomcat.util.net.NioEndpoint$SocketProcessor.doRun(NioEndpoint.java:1741)
	at org.apache.tomcat.util.net.SocketProcessorBase.run(SocketProcessorBase.java:52)
	at org.apache.tomcat.util.threads.ThreadPoolExecutor.runWorker(ThreadPoolExecutor.java:1190)
	at org.apache.tomcat.util.threads.ThreadPoolExecutor$Worker.run(ThreadPoolExecutor.java:659)
	at org.apache.tomcat.util.threads.TaskThread$WrappingRunnable.run(TaskThread.java:63)
	at java.base/java.lang.Thread.run(Thread.java:840)
2025-05-02 15:12:36 [File Watcher] INFO  o.s.b.d.a.LocalDevToolsAutoConfiguration$RestartingClassPathChangeChangedEventListener - Restarting due to 1 class path change (0 additions, 0 deletions, 1 modification)
2025-05-02 15:12:36 [Thread-246] INFO  o.a.coyote.http11.Http11NioProtocol - Stopping ProtocolHandler ["http-nio-8080"]
2025-05-02 15:12:36 [Thread-246] INFO  o.s.o.j.LocalContainerEntityManagerFactoryBean - Closing JPA EntityManagerFactory for persistence unit 'default'
2025-05-02 15:12:36 [Thread-246] INFO  com.zaxxer.hikari.HikariDataSource - HikariPool-62 - Shutdown initiated...
2025-05-02 15:12:36 [Thread-246] INFO  com.zaxxer.hikari.HikariDataSource - HikariPool-62 - Shutdown completed.
2025-05-02 15:12:36 [restartedMain] INFO  c.d.w.DroneInventorySystemApplication - Starting DroneInventorySystemApplication using Java 17.0.10 with PID 773 (/Users/KurokiKazuma/Workspace/Digital-OJT/DroneInventorySystem/target/classes started by KurokiKazuma in /Users/KurokiKazuma/Workspace/Digital-OJT/DroneInventorySystem)
2025-05-02 15:12:36 [restartedMain] INFO  c.d.w.DroneInventorySystemApplication - The following 1 profile is active: "develop"
2025-05-02 15:12:37 [restartedMain] INFO  o.s.d.r.c.RepositoryConfigurationDelegate - Bootstrapping Spring Data JPA repositories in DEFAULT mode.
2025-05-02 15:12:37 [restartedMain] INFO  o.s.d.r.c.RepositoryConfigurationDelegate - Finished Spring Data repository scanning in 13 ms. Found 4 JPA repository interfaces.
2025-05-02 15:12:37 [restartedMain] INFO  o.s.b.w.e.tomcat.TomcatWebServer - Tomcat initialized with port 8080 (http)
2025-05-02 15:12:37 [restartedMain] INFO  o.a.coyote.http11.Http11NioProtocol - Initializing ProtocolHandler ["http-nio-8080"]
2025-05-02 15:12:37 [restartedMain] INFO  o.a.catalina.core.StandardService - Starting service [Tomcat]
2025-05-02 15:12:37 [restartedMain] INFO  o.a.catalina.core.StandardEngine - Starting Servlet engine: [Apache Tomcat/10.1.28]
2025-05-02 15:12:37 [restartedMain] INFO  o.a.c.c.C.[Tomcat-1].[localhost].[/] - Initializing Spring embedded WebApplicationContext
2025-05-02 15:12:37 [restartedMain] INFO  o.s.b.w.s.c.ServletWebServerApplicationContext - Root WebApplicationContext: initialization completed in 443 ms
2025-05-02 15:12:37 [restartedMain] INFO  com.zaxxer.hikari.HikariDataSource - HikariPool-63 - Starting...
2025-05-02 15:12:37 [restartedMain] INFO  com.zaxxer.hikari.pool.HikariPool - HikariPool-63 - Added connection com.mysql.cj.jdbc.ConnectionImpl@6a63b6a1
2025-05-02 15:12:37 [restartedMain] INFO  com.zaxxer.hikari.HikariDataSource - HikariPool-63 - Start completed.
2025-05-02 15:12:37 [restartedMain] INFO  o.s.b.a.h.H2ConsoleAutoConfiguration - H2 console available at '/h2-console'. Database available at 'jdbc:mysql://localhost:3306/stock_mng'
2025-05-02 15:12:37 [restartedMain] INFO  o.s.o.j.p.SpringPersistenceUnitInfo - No LoadTimeWeaver setup: ignoring JPA class transformer
2025-05-02 15:12:37 [restartedMain] INFO  o.s.o.j.LocalContainerEntityManagerFactoryBean - Initialized JPA EntityManagerFactory for persistence unit 'default'
2025-05-02 15:12:37 [restartedMain] WARN  o.s.b.a.o.j.JpaBaseConfiguration$JpaWebConfiguration - spring.jpa.open-in-view is enabled by default. Therefore, database queries may be performed during view rendering. Explicitly configure spring.jpa.open-in-view to disable this warning
2025-05-02 15:12:37 [restartedMain] WARN  o.s.b.a.s.s.UserDetailsServiceAutoConfiguration - 

Using generated security password: ddecec20-933b-4355-aca2-362beb43a2f3

This generated password is for development use only. Your security configuration must be updated before running your application in production.

2025-05-02 15:12:37 [restartedMain] INFO  o.s.s.web.DefaultSecurityFilterChain - Will secure any request with [org.springframework.security.web.session.DisableEncodeUrlFilter@342db18d, org.springframework.security.web.context.request.async.WebAsyncManagerIntegrationFilter@219ad7e7, org.springframework.security.web.context.SecurityContextHolderFilter@372744a6, org.springframework.security.web.header.HeaderWriterFilter@4998e69e, org.springframework.security.web.csrf.CsrfFilter@7dddb64, org.springframework.security.web.authentication.logout.LogoutFilter@21f859f1, org.springframework.security.web.authentication.UsernamePasswordAuthenticationFilter@3a553c54, org.springframework.security.web.savedrequest.RequestCacheAwareFilter@5e48afdd, org.springframework.security.web.servletapi.SecurityContextHolderAwareRequestFilter@2255846f, org.springframework.security.web.authentication.AnonymousAuthenticationFilter@42ce25f4, org.springframework.security.web.access.ExceptionTranslationFilter@3c68012a]
2025-05-02 15:12:37 [restartedMain] INFO  o.s.b.d.a.OptionalLiveReloadServer - LiveReload server is running on port 35729
2025-05-02 15:12:37 [restartedMain] INFO  o.a.coyote.http11.Http11NioProtocol - Starting ProtocolHandler ["http-nio-8080"]
2025-05-02 15:12:37 [restartedMain] INFO  o.s.b.w.e.tomcat.TomcatWebServer - Tomcat started on port 8080 (http) with context path ''
2025-05-02 15:12:37 [restartedMain] INFO  c.d.w.DroneInventorySystemApplication - Started DroneInventorySystemApplication in 0.903 seconds (process running for 9265.613)
2025-05-02 15:12:37 [restartedMain] INFO  o.s.b.d.a.ConditionEvaluationDeltaLoggingListener - Condition evaluation unchanged
2025-05-02 15:12:41 [http-nio-8080-exec-1] INFO  o.a.c.c.C.[Tomcat-1].[localhost].[/] - Initializing Spring DispatcherServlet 'dispatcherServlet'
2025-05-02 15:12:41 [http-nio-8080-exec-1] INFO  o.s.web.servlet.DispatcherServlet - Initializing Servlet 'dispatcherServlet'
2025-05-02 15:12:41 [http-nio-8080-exec-1] INFO  o.s.web.servlet.DispatcherServlet - Completed initialization in 9 ms
2025-05-02 15:12:41 [http-nio-8080-exec-1] INFO  APP - 【INFO】時間: 1746166361077 | 処理対象: 在庫一覧画面 | 処理内容: 初期表示 | 処理結果: 開始
2025-05-02 15:12:41 [http-nio-8080-exec-1] INFO  APP - 【INFO】時間: 1746166361099 | 処理対象: 在庫一覧画面 | 処理内容: 初期表示 | 処理結果: 成功
2025-05-02 15:12:41 [http-nio-8080-exec-6] INFO  APP - 【INFO】時間: 1746166361509 | 処理対象: 在庫一覧画面 | 処理内容: 初期表示 | 処理結果: 開始
2025-05-02 15:12:41 [http-nio-8080-exec-6] INFO  APP - 【INFO】時間: 1746166361538 | 処理対象: 在庫一覧画面 | 処理内容: 初期表示 | 処理結果: 成功
2025-05-02 15:12:42 [http-nio-8080-exec-3] INFO  APP - 【INFO】時間: 1746166362764 | 処理対象: 在庫一覧画面 | 処理内容: 検索処理 | 処理結果: 開始
2025-05-02 15:12:42 [http-nio-8080-exec-3] ERROR APP - 【ERROR】時間: 1746166362769 | 処理対象: 在庫一覧画面 | 処理内容: 検索処理 | 処理結果: エラー | エラー内容: すべてのフィールドが空です。少なくとも1つのフィールドに値を入力してください。
2025-05-02 15:12:44 [http-nio-8080-exec-6] INFO  APP - 【INFO】時間: 1746166364746 | 処理対象: 在庫一覧画面 | 処理内容: 検索処理 | 処理結果: 開始
2025-05-02 15:12:44 [http-nio-8080-exec-6] ERROR APP - 【ERROR】時間: 1746166364751 | 処理対象: 在庫一覧画面 | 処理内容: 検索処理 | 処理結果: エラー | エラー内容: すべてのフィールドが空です。少なくとも1つのフィールドに値を入力してください。
2025-05-02 15:12:45 [http-nio-8080-exec-6] INFO  APP - 【INFO】時間: 1746166365943 | 処理対象: 在庫一覧画面 | 処理内容: 初期表示 | 処理結果: 開始
2025-05-02 15:12:45 [http-nio-8080-exec-6] INFO  APP - 【INFO】時間: 1746166365960 | 処理対象: 在庫一覧画面 | 処理内容: 初期表示 | 処理結果: 成功
2025-05-02 15:12:46 [http-nio-8080-exec-3] INFO  APP - 【INFO】時間: 1746166366763 | 処理対象: 在庫一覧画面 | 処理内容: 検索処理 | 処理結果: 開始
2025-05-02 15:12:46 [http-nio-8080-exec-3] ERROR APP - 【ERROR】時間: 1746166366766 | 処理対象: 在庫一覧画面 | 処理内容: 検索処理 | 処理結果: エラー | エラー内容: すべてのフィールドが空です。少なくとも1つのフィールドに値を入力してください。
2025-05-02 15:12:50 [File Watcher] INFO  o.s.b.d.a.LocalDevToolsAutoConfiguration$RestartingClassPathChangeChangedEventListener - Restarting due to 1 class path change (0 additions, 0 deletions, 1 modification)
2025-05-02 15:12:50 [Thread-250] INFO  o.a.coyote.http11.Http11NioProtocol - Stopping ProtocolHandler ["http-nio-8080"]
2025-05-02 15:12:50 [Thread-250] INFO  o.s.o.j.LocalContainerEntityManagerFactoryBean - Closing JPA EntityManagerFactory for persistence unit 'default'
2025-05-02 15:12:50 [Thread-250] INFO  com.zaxxer.hikari.HikariDataSource - HikariPool-63 - Shutdown initiated...
2025-05-02 15:12:50 [Thread-250] INFO  com.zaxxer.hikari.HikariDataSource - HikariPool-63 - Shutdown completed.
2025-05-02 15:12:50 [restartedMain] INFO  c.d.w.DroneInventorySystemApplication - Starting DroneInventorySystemApplication using Java 17.0.10 with PID 773 (/Users/KurokiKazuma/Workspace/Digital-OJT/DroneInventorySystem/target/classes started by KurokiKazuma in /Users/KurokiKazuma/Workspace/Digital-OJT/DroneInventorySystem)
2025-05-02 15:12:50 [restartedMain] INFO  c.d.w.DroneInventorySystemApplication - The following 1 profile is active: "develop"
2025-05-02 15:12:51 [restartedMain] INFO  o.s.d.r.c.RepositoryConfigurationDelegate - Bootstrapping Spring Data JPA repositories in DEFAULT mode.
2025-05-02 15:12:51 [restartedMain] INFO  o.s.d.r.c.RepositoryConfigurationDelegate - Finished Spring Data repository scanning in 20 ms. Found 4 JPA repository interfaces.
2025-05-02 15:12:51 [restartedMain] INFO  o.s.b.w.e.tomcat.TomcatWebServer - Tomcat initialized with port 8080 (http)
2025-05-02 15:12:51 [restartedMain] INFO  o.a.coyote.http11.Http11NioProtocol - Initializing ProtocolHandler ["http-nio-8080"]
2025-05-02 15:12:51 [restartedMain] INFO  o.a.catalina.core.StandardService - Starting service [Tomcat]
2025-05-02 15:12:51 [restartedMain] INFO  o.a.catalina.core.StandardEngine - Starting Servlet engine: [Apache Tomcat/10.1.28]
2025-05-02 15:12:51 [restartedMain] INFO  o.a.c.c.C.[Tomcat-1].[localhost].[/] - Initializing Spring embedded WebApplicationContext
2025-05-02 15:12:51 [restartedMain] INFO  o.s.b.w.s.c.ServletWebServerApplicationContext - Root WebApplicationContext: initialization completed in 461 ms
2025-05-02 15:12:51 [restartedMain] INFO  com.zaxxer.hikari.HikariDataSource - HikariPool-64 - Starting...
2025-05-02 15:12:51 [restartedMain] INFO  com.zaxxer.hikari.pool.HikariPool - HikariPool-64 - Added connection com.mysql.cj.jdbc.ConnectionImpl@6d213ed6
2025-05-02 15:12:51 [restartedMain] INFO  com.zaxxer.hikari.HikariDataSource - HikariPool-64 - Start completed.
2025-05-02 15:12:51 [restartedMain] INFO  o.s.b.a.h.H2ConsoleAutoConfiguration - H2 console available at '/h2-console'. Database available at 'jdbc:mysql://localhost:3306/stock_mng'
2025-05-02 15:12:51 [restartedMain] INFO  o.s.o.j.p.SpringPersistenceUnitInfo - No LoadTimeWeaver setup: ignoring JPA class transformer
2025-05-02 15:12:51 [restartedMain] INFO  o.s.o.j.LocalContainerEntityManagerFactoryBean - Initialized JPA EntityManagerFactory for persistence unit 'default'
2025-05-02 15:12:51 [restartedMain] WARN  o.s.b.a.o.j.JpaBaseConfiguration$JpaWebConfiguration - spring.jpa.open-in-view is enabled by default. Therefore, database queries may be performed during view rendering. Explicitly configure spring.jpa.open-in-view to disable this warning
2025-05-02 15:12:51 [restartedMain] WARN  o.s.b.a.s.s.UserDetailsServiceAutoConfiguration - 

Using generated security password: 5f93dfa6-cddb-491e-8170-632812f742fd

This generated password is for development use only. Your security configuration must be updated before running your application in production.

2025-05-02 15:12:51 [restartedMain] INFO  o.s.s.web.DefaultSecurityFilterChain - Will secure any request with [org.springframework.security.web.session.DisableEncodeUrlFilter@3347f29b, org.springframework.security.web.context.request.async.WebAsyncManagerIntegrationFilter@79e26df6, org.springframework.security.web.context.SecurityContextHolderFilter@18a34a14, org.springframework.security.web.header.HeaderWriterFilter@6ff62414, org.springframework.security.web.csrf.CsrfFilter@3de56d15, org.springframework.security.web.authentication.logout.LogoutFilter@2b6d72be, org.springframework.security.web.authentication.UsernamePasswordAuthenticationFilter@65955092, org.springframework.security.web.savedrequest.RequestCacheAwareFilter@e3811d0, org.springframework.security.web.servletapi.SecurityContextHolderAwareRequestFilter@77142211, org.springframework.security.web.authentication.AnonymousAuthenticationFilter@395a08f6, org.springframework.security.web.access.ExceptionTranslationFilter@2a2a7ff1]
2025-05-02 15:12:51 [restartedMain] INFO  o.s.b.d.a.OptionalLiveReloadServer - LiveReload server is running on port 35729
2025-05-02 15:12:51 [restartedMain] INFO  o.a.coyote.http11.Http11NioProtocol - Starting ProtocolHandler ["http-nio-8080"]
2025-05-02 15:12:51 [restartedMain] INFO  o.s.b.w.e.tomcat.TomcatWebServer - Tomcat started on port 8080 (http) with context path ''
2025-05-02 15:12:51 [restartedMain] INFO  c.d.w.DroneInventorySystemApplication - Started DroneInventorySystemApplication in 0.984 seconds (process running for 9279.498)
2025-05-02 15:12:51 [restartedMain] INFO  o.s.b.d.a.ConditionEvaluationDeltaLoggingListener - Condition evaluation unchanged
2025-05-02 15:12:53 [File Watcher] INFO  o.s.b.d.a.LocalDevToolsAutoConfiguration$RestartingClassPathChangeChangedEventListener - Restarting due to 1 class path change (0 additions, 0 deletions, 1 modification)
2025-05-02 15:12:53 [Thread-254] INFO  o.a.coyote.http11.Http11NioProtocol - Stopping ProtocolHandler ["http-nio-8080"]
2025-05-02 15:12:53 [Thread-254] INFO  o.s.o.j.LocalContainerEntityManagerFactoryBean - Closing JPA EntityManagerFactory for persistence unit 'default'
2025-05-02 15:12:53 [Thread-254] INFO  com.zaxxer.hikari.HikariDataSource - HikariPool-64 - Shutdown initiated...
2025-05-02 15:12:53 [Thread-254] INFO  com.zaxxer.hikari.HikariDataSource - HikariPool-64 - Shutdown completed.
2025-05-02 15:12:53 [restartedMain] INFO  c.d.w.DroneInventorySystemApplication - Starting DroneInventorySystemApplication using Java 17.0.10 with PID 773 (/Users/KurokiKazuma/Workspace/Digital-OJT/DroneInventorySystem/target/classes started by KurokiKazuma in /Users/KurokiKazuma/Workspace/Digital-OJT/DroneInventorySystem)
2025-05-02 15:12:53 [restartedMain] INFO  c.d.w.DroneInventorySystemApplication - The following 1 profile is active: "develop"
2025-05-02 15:12:53 [restartedMain] INFO  o.s.d.r.c.RepositoryConfigurationDelegate - Bootstrapping Spring Data JPA repositories in DEFAULT mode.
2025-05-02 15:12:53 [restartedMain] INFO  o.s.d.r.c.RepositoryConfigurationDelegate - Finished Spring Data repository scanning in 13 ms. Found 4 JPA repository interfaces.
2025-05-02 15:12:53 [restartedMain] INFO  o.s.b.w.e.tomcat.TomcatWebServer - Tomcat initialized with port 8080 (http)
2025-05-02 15:12:53 [restartedMain] INFO  o.a.coyote.http11.Http11NioProtocol - Initializing ProtocolHandler ["http-nio-8080"]
2025-05-02 15:12:53 [restartedMain] INFO  o.a.catalina.core.StandardService - Starting service [Tomcat]
2025-05-02 15:12:53 [restartedMain] INFO  o.a.catalina.core.StandardEngine - Starting Servlet engine: [Apache Tomcat/10.1.28]
2025-05-02 15:12:53 [restartedMain] INFO  o.a.c.c.C.[Tomcat-1].[localhost].[/] - Initializing Spring embedded WebApplicationContext
2025-05-02 15:12:53 [restartedMain] INFO  o.s.b.w.s.c.ServletWebServerApplicationContext - Root WebApplicationContext: initialization completed in 298 ms
2025-05-02 15:12:53 [restartedMain] INFO  com.zaxxer.hikari.HikariDataSource - HikariPool-65 - Starting...
2025-05-02 15:12:53 [restartedMain] INFO  com.zaxxer.hikari.pool.HikariPool - HikariPool-65 - Added connection com.mysql.cj.jdbc.ConnectionImpl@1480ea3f
2025-05-02 15:12:53 [restartedMain] INFO  com.zaxxer.hikari.HikariDataSource - HikariPool-65 - Start completed.
2025-05-02 15:12:53 [restartedMain] INFO  o.s.b.a.h.H2ConsoleAutoConfiguration - H2 console available at '/h2-console'. Database available at 'jdbc:mysql://localhost:3306/stock_mng'
2025-05-02 15:12:53 [restartedMain] INFO  o.s.o.j.p.SpringPersistenceUnitInfo - No LoadTimeWeaver setup: ignoring JPA class transformer
2025-05-02 15:12:53 [restartedMain] INFO  o.s.o.j.LocalContainerEntityManagerFactoryBean - Initialized JPA EntityManagerFactory for persistence unit 'default'
2025-05-02 15:12:53 [restartedMain] WARN  o.s.b.a.o.j.JpaBaseConfiguration$JpaWebConfiguration - spring.jpa.open-in-view is enabled by default. Therefore, database queries may be performed during view rendering. Explicitly configure spring.jpa.open-in-view to disable this warning
2025-05-02 15:12:53 [restartedMain] WARN  o.s.b.a.s.s.UserDetailsServiceAutoConfiguration - 

Using generated security password: 085920ab-965c-4c1f-875e-3c5ad467d81c

This generated password is for development use only. Your security configuration must be updated before running your application in production.

2025-05-02 15:12:53 [restartedMain] INFO  o.s.s.web.DefaultSecurityFilterChain - Will secure any request with [org.springframework.security.web.session.DisableEncodeUrlFilter@119b975f, org.springframework.security.web.context.request.async.WebAsyncManagerIntegrationFilter@5e7b56af, org.springframework.security.web.context.SecurityContextHolderFilter@2992e3cf, org.springframework.security.web.header.HeaderWriterFilter@7485e879, org.springframework.security.web.csrf.CsrfFilter@531f01fb, org.springframework.security.web.authentication.logout.LogoutFilter@2138001a, org.springframework.security.web.authentication.UsernamePasswordAuthenticationFilter@6aa49435, org.springframework.security.web.savedrequest.RequestCacheAwareFilter@2292fdf, org.springframework.security.web.servletapi.SecurityContextHolderAwareRequestFilter@4417ea74, org.springframework.security.web.authentication.AnonymousAuthenticationFilter@3f22b5aa, org.springframework.security.web.access.ExceptionTranslationFilter@53d2b543]
2025-05-02 15:12:54 [restartedMain] INFO  o.s.b.d.a.OptionalLiveReloadServer - LiveReload server is running on port 35729
2025-05-02 15:12:54 [restartedMain] INFO  o.a.coyote.http11.Http11NioProtocol - Starting ProtocolHandler ["http-nio-8080"]
2025-05-02 15:12:54 [restartedMain] INFO  o.s.b.w.e.tomcat.TomcatWebServer - Tomcat started on port 8080 (http) with context path ''
2025-05-02 15:12:54 [restartedMain] INFO  c.d.w.DroneInventorySystemApplication - Started DroneInventorySystemApplication in 0.765 seconds (process running for 9281.791)
2025-05-02 15:12:54 [restartedMain] INFO  o.s.b.d.a.ConditionEvaluationDeltaLoggingListener - Condition evaluation unchanged
2025-05-02 15:12:58 [File Watcher] INFO  o.s.b.d.a.LocalDevToolsAutoConfiguration$RestartingClassPathChangeChangedEventListener - Restarting due to 1 class path change (0 additions, 0 deletions, 1 modification)
2025-05-02 15:12:58 [Thread-258] INFO  o.a.coyote.http11.Http11NioProtocol - Stopping ProtocolHandler ["http-nio-8080"]
2025-05-02 15:12:58 [Thread-258] INFO  o.s.o.j.LocalContainerEntityManagerFactoryBean - Closing JPA EntityManagerFactory for persistence unit 'default'
2025-05-02 15:12:58 [Thread-258] INFO  com.zaxxer.hikari.HikariDataSource - HikariPool-65 - Shutdown initiated...
2025-05-02 15:12:58 [Thread-258] INFO  com.zaxxer.hikari.HikariDataSource - HikariPool-65 - Shutdown completed.
2025-05-02 15:12:58 [restartedMain] INFO  c.d.w.DroneInventorySystemApplication - Starting DroneInventorySystemApplication using Java 17.0.10 with PID 773 (/Users/KurokiKazuma/Workspace/Digital-OJT/DroneInventorySystem/target/classes started by KurokiKazuma in /Users/KurokiKazuma/Workspace/Digital-OJT/DroneInventorySystem)
2025-05-02 15:12:58 [restartedMain] INFO  c.d.w.DroneInventorySystemApplication - The following 1 profile is active: "develop"
2025-05-02 15:12:58 [restartedMain] INFO  o.s.d.r.c.RepositoryConfigurationDelegate - Bootstrapping Spring Data JPA repositories in DEFAULT mode.
2025-05-02 15:12:58 [restartedMain] INFO  o.s.d.r.c.RepositoryConfigurationDelegate - Finished Spring Data repository scanning in 15 ms. Found 4 JPA repository interfaces.
2025-05-02 15:12:59 [restartedMain] INFO  o.s.b.w.e.tomcat.TomcatWebServer - Tomcat initialized with port 8080 (http)
2025-05-02 15:12:59 [restartedMain] INFO  o.a.coyote.http11.Http11NioProtocol - Initializing ProtocolHandler ["http-nio-8080"]
2025-05-02 15:12:59 [restartedMain] INFO  o.a.catalina.core.StandardService - Starting service [Tomcat]
2025-05-02 15:12:59 [restartedMain] INFO  o.a.catalina.core.StandardEngine - Starting Servlet engine: [Apache Tomcat/10.1.28]
2025-05-02 15:12:59 [restartedMain] INFO  o.a.c.c.C.[Tomcat-1].[localhost].[/] - Initializing Spring embedded WebApplicationContext
2025-05-02 15:12:59 [restartedMain] INFO  o.s.b.w.s.c.ServletWebServerApplicationContext - Root WebApplicationContext: initialization completed in 371 ms
2025-05-02 15:12:59 [restartedMain] INFO  com.zaxxer.hikari.HikariDataSource - HikariPool-66 - Starting...
2025-05-02 15:12:59 [restartedMain] INFO  com.zaxxer.hikari.pool.HikariPool - HikariPool-66 - Added connection com.mysql.cj.jdbc.ConnectionImpl@5e9de680
2025-05-02 15:12:59 [restartedMain] INFO  com.zaxxer.hikari.HikariDataSource - HikariPool-66 - Start completed.
2025-05-02 15:12:59 [restartedMain] INFO  o.s.b.a.h.H2ConsoleAutoConfiguration - H2 console available at '/h2-console'. Database available at 'jdbc:mysql://localhost:3306/stock_mng'
2025-05-02 15:12:59 [restartedMain] INFO  o.s.o.j.p.SpringPersistenceUnitInfo - No LoadTimeWeaver setup: ignoring JPA class transformer
2025-05-02 15:12:59 [restartedMain] INFO  o.s.o.j.LocalContainerEntityManagerFactoryBean - Initialized JPA EntityManagerFactory for persistence unit 'default'
2025-05-02 15:12:59 [restartedMain] WARN  o.s.b.a.o.j.JpaBaseConfiguration$JpaWebConfiguration - spring.jpa.open-in-view is enabled by default. Therefore, database queries may be performed during view rendering. Explicitly configure spring.jpa.open-in-view to disable this warning
2025-05-02 15:12:59 [restartedMain] WARN  o.s.b.a.s.s.UserDetailsServiceAutoConfiguration - 

Using generated security password: 91e5c0bb-680f-4437-8408-b35000921241

This generated password is for development use only. Your security configuration must be updated before running your application in production.

2025-05-02 15:12:59 [restartedMain] INFO  o.s.s.web.DefaultSecurityFilterChain - Will secure any request with [org.springframework.security.web.session.DisableEncodeUrlFilter@17cff99b, org.springframework.security.web.context.request.async.WebAsyncManagerIntegrationFilter@72e35cf, org.springframework.security.web.context.SecurityContextHolderFilter@5afb2b1e, org.springframework.security.web.header.HeaderWriterFilter@5e552c36, org.springframework.security.web.csrf.CsrfFilter@4501ca2f, org.springframework.security.web.authentication.logout.LogoutFilter@7a2d4866, org.springframework.security.web.authentication.UsernamePasswordAuthenticationFilter@6dcc03dd, org.springframework.security.web.savedrequest.RequestCacheAwareFilter@1160c2dc, org.springframework.security.web.servletapi.SecurityContextHolderAwareRequestFilter@ece86f1, org.springframework.security.web.authentication.AnonymousAuthenticationFilter@17d03334, org.springframework.security.web.access.ExceptionTranslationFilter@690ed7e6]
2025-05-02 15:12:59 [restartedMain] INFO  o.s.b.d.a.OptionalLiveReloadServer - LiveReload server is running on port 35729
2025-05-02 15:12:59 [restartedMain] INFO  o.a.coyote.http11.Http11NioProtocol - Starting ProtocolHandler ["http-nio-8080"]
2025-05-02 15:12:59 [restartedMain] INFO  o.s.b.w.e.tomcat.TomcatWebServer - Tomcat started on port 8080 (http) with context path ''
2025-05-02 15:12:59 [restartedMain] INFO  c.d.w.DroneInventorySystemApplication - Started DroneInventorySystemApplication in 0.834 seconds (process running for 9287.228)
2025-05-02 15:12:59 [restartedMain] INFO  o.s.b.d.a.ConditionEvaluationDeltaLoggingListener - Condition evaluation unchanged
2025-05-02 15:13:12 [File Watcher] INFO  o.s.b.d.a.LocalDevToolsAutoConfiguration$RestartingClassPathChangeChangedEventListener - Restarting due to 1 class path change (0 additions, 0 deletions, 1 modification)
2025-05-02 15:13:12 [Thread-262] INFO  o.a.coyote.http11.Http11NioProtocol - Stopping ProtocolHandler ["http-nio-8080"]
2025-05-02 15:13:12 [Thread-262] INFO  o.s.o.j.LocalContainerEntityManagerFactoryBean - Closing JPA EntityManagerFactory for persistence unit 'default'
2025-05-02 15:13:12 [Thread-262] INFO  com.zaxxer.hikari.HikariDataSource - HikariPool-66 - Shutdown initiated...
2025-05-02 15:13:12 [Thread-262] INFO  com.zaxxer.hikari.HikariDataSource - HikariPool-66 - Shutdown completed.
2025-05-02 15:13:12 [restartedMain] INFO  c.d.w.DroneInventorySystemApplication - Starting DroneInventorySystemApplication using Java 17.0.10 with PID 773 (/Users/KurokiKazuma/Workspace/Digital-OJT/DroneInventorySystem/target/classes started by KurokiKazuma in /Users/KurokiKazuma/Workspace/Digital-OJT/DroneInventorySystem)
2025-05-02 15:13:12 [restartedMain] INFO  c.d.w.DroneInventorySystemApplication - The following 1 profile is active: "develop"
2025-05-02 15:13:12 [restartedMain] INFO  o.s.d.r.c.RepositoryConfigurationDelegate - Bootstrapping Spring Data JPA repositories in DEFAULT mode.
2025-05-02 15:13:12 [restartedMain] INFO  o.s.d.r.c.RepositoryConfigurationDelegate - Finished Spring Data repository scanning in 17 ms. Found 4 JPA repository interfaces.
2025-05-02 15:13:12 [restartedMain] INFO  o.s.b.w.e.tomcat.TomcatWebServer - Tomcat initialized with port 8080 (http)
2025-05-02 15:13:12 [restartedMain] INFO  o.a.coyote.http11.Http11NioProtocol - Initializing ProtocolHandler ["http-nio-8080"]
2025-05-02 15:13:12 [restartedMain] INFO  o.a.catalina.core.StandardService - Starting service [Tomcat]
2025-05-02 15:13:12 [restartedMain] INFO  o.a.catalina.core.StandardEngine - Starting Servlet engine: [Apache Tomcat/10.1.28]
2025-05-02 15:13:12 [restartedMain] INFO  o.a.c.c.C.[Tomcat-1].[localhost].[/] - Initializing Spring embedded WebApplicationContext
2025-05-02 15:13:12 [restartedMain] INFO  o.s.b.w.s.c.ServletWebServerApplicationContext - Root WebApplicationContext: initialization completed in 438 ms
2025-05-02 15:13:12 [restartedMain] INFO  com.zaxxer.hikari.HikariDataSource - HikariPool-67 - Starting...
2025-05-02 15:13:12 [restartedMain] INFO  com.zaxxer.hikari.pool.HikariPool - HikariPool-67 - Added connection com.mysql.cj.jdbc.ConnectionImpl@3fca4370
2025-05-02 15:13:12 [restartedMain] INFO  com.zaxxer.hikari.HikariDataSource - HikariPool-67 - Start completed.
2025-05-02 15:13:12 [restartedMain] INFO  o.s.b.a.h.H2ConsoleAutoConfiguration - H2 console available at '/h2-console'. Database available at 'jdbc:mysql://localhost:3306/stock_mng'
2025-05-02 15:13:12 [restartedMain] INFO  o.s.o.j.p.SpringPersistenceUnitInfo - No LoadTimeWeaver setup: ignoring JPA class transformer
2025-05-02 15:13:12 [restartedMain] INFO  o.s.o.j.LocalContainerEntityManagerFactoryBean - Initialized JPA EntityManagerFactory for persistence unit 'default'
2025-05-02 15:13:12 [restartedMain] WARN  o.s.b.a.o.j.JpaBaseConfiguration$JpaWebConfiguration - spring.jpa.open-in-view is enabled by default. Therefore, database queries may be performed during view rendering. Explicitly configure spring.jpa.open-in-view to disable this warning
2025-05-02 15:13:12 [restartedMain] WARN  o.s.b.a.s.s.UserDetailsServiceAutoConfiguration - 

Using generated security password: 77088b4c-7aa1-451b-a847-19d9d605f4de

This generated password is for development use only. Your security configuration must be updated before running your application in production.

2025-05-02 15:13:12 [restartedMain] INFO  o.s.s.web.DefaultSecurityFilterChain - Will secure any request with [org.springframework.security.web.session.DisableEncodeUrlFilter@6d42a91b, org.springframework.security.web.context.request.async.WebAsyncManagerIntegrationFilter@492082d6, org.springframework.security.web.context.SecurityContextHolderFilter@32f9457f, org.springframework.security.web.header.HeaderWriterFilter@7fd067dd, org.springframework.security.web.csrf.CsrfFilter@51ae390a, org.springframework.security.web.authentication.logout.LogoutFilter@4e282197, org.springframework.security.web.authentication.UsernamePasswordAuthenticationFilter@261d2145, org.springframework.security.web.savedrequest.RequestCacheAwareFilter@123f4c43, org.springframework.security.web.servletapi.SecurityContextHolderAwareRequestFilter@4a103085, org.springframework.security.web.authentication.AnonymousAuthenticationFilter@460b36fc, org.springframework.security.web.access.ExceptionTranslationFilter@223f5918]
2025-05-02 15:13:13 [restartedMain] INFO  o.s.b.d.a.OptionalLiveReloadServer - LiveReload server is running on port 35729
2025-05-02 15:13:13 [restartedMain] INFO  o.a.coyote.http11.Http11NioProtocol - Starting ProtocolHandler ["http-nio-8080"]
2025-05-02 15:13:13 [restartedMain] INFO  o.s.b.w.e.tomcat.TomcatWebServer - Tomcat started on port 8080 (http) with context path ''
2025-05-02 15:13:13 [restartedMain] INFO  c.d.w.DroneInventorySystemApplication - Started DroneInventorySystemApplication in 0.915 seconds (process running for 9300.842)
2025-05-02 15:13:13 [restartedMain] INFO  o.s.b.d.a.ConditionEvaluationDeltaLoggingListener - Condition evaluation unchanged
2025-05-02 15:13:26 [File Watcher] INFO  o.s.b.d.a.LocalDevToolsAutoConfiguration$RestartingClassPathChangeChangedEventListener - Restarting due to 1 class path change (0 additions, 0 deletions, 1 modification)
2025-05-02 15:13:26 [Thread-266] INFO  o.a.coyote.http11.Http11NioProtocol - Stopping ProtocolHandler ["http-nio-8080"]
2025-05-02 15:13:26 [Thread-266] INFO  o.s.o.j.LocalContainerEntityManagerFactoryBean - Closing JPA EntityManagerFactory for persistence unit 'default'
2025-05-02 15:13:26 [Thread-266] INFO  com.zaxxer.hikari.HikariDataSource - HikariPool-67 - Shutdown initiated...
2025-05-02 15:13:26 [Thread-266] INFO  com.zaxxer.hikari.HikariDataSource - HikariPool-67 - Shutdown completed.
2025-05-02 15:13:26 [restartedMain] INFO  c.d.w.DroneInventorySystemApplication - Starting DroneInventorySystemApplication using Java 17.0.10 with PID 773 (/Users/KurokiKazuma/Workspace/Digital-OJT/DroneInventorySystem/target/classes started by KurokiKazuma in /Users/KurokiKazuma/Workspace/Digital-OJT/DroneInventorySystem)
2025-05-02 15:13:26 [restartedMain] INFO  c.d.w.DroneInventorySystemApplication - The following 1 profile is active: "develop"
2025-05-02 15:13:26 [restartedMain] INFO  o.s.d.r.c.RepositoryConfigurationDelegate - Bootstrapping Spring Data JPA repositories in DEFAULT mode.
2025-05-02 15:13:27 [restartedMain] INFO  o.s.d.r.c.RepositoryConfigurationDelegate - Finished Spring Data repository scanning in 12 ms. Found 4 JPA repository interfaces.
2025-05-02 15:13:27 [restartedMain] INFO  o.s.b.w.e.tomcat.TomcatWebServer - Tomcat initialized with port 8080 (http)
2025-05-02 15:13:27 [restartedMain] INFO  o.a.coyote.http11.Http11NioProtocol - Initializing ProtocolHandler ["http-nio-8080"]
2025-05-02 15:13:27 [restartedMain] INFO  o.a.catalina.core.StandardService - Starting service [Tomcat]
2025-05-02 15:13:27 [restartedMain] INFO  o.a.catalina.core.StandardEngine - Starting Servlet engine: [Apache Tomcat/10.1.28]
2025-05-02 15:13:27 [restartedMain] INFO  o.a.c.c.C.[Tomcat-1].[localhost].[/] - Initializing Spring embedded WebApplicationContext
2025-05-02 15:13:27 [restartedMain] INFO  o.s.b.w.s.c.ServletWebServerApplicationContext - Root WebApplicationContext: initialization completed in 286 ms
2025-05-02 15:13:27 [restartedMain] INFO  com.zaxxer.hikari.HikariDataSource - HikariPool-68 - Starting...
2025-05-02 15:13:27 [restartedMain] INFO  com.zaxxer.hikari.pool.HikariPool - HikariPool-68 - Added connection com.mysql.cj.jdbc.ConnectionImpl@63d488b0
2025-05-02 15:13:27 [restartedMain] INFO  com.zaxxer.hikari.HikariDataSource - HikariPool-68 - Start completed.
2025-05-02 15:13:27 [restartedMain] INFO  o.s.b.a.h.H2ConsoleAutoConfiguration - H2 console available at '/h2-console'. Database available at 'jdbc:mysql://localhost:3306/stock_mng'
2025-05-02 15:13:27 [restartedMain] INFO  o.s.o.j.p.SpringPersistenceUnitInfo - No LoadTimeWeaver setup: ignoring JPA class transformer
2025-05-02 15:13:27 [restartedMain] INFO  o.s.o.j.LocalContainerEntityManagerFactoryBean - Initialized JPA EntityManagerFactory for persistence unit 'default'
2025-05-02 15:13:27 [restartedMain] WARN  o.s.b.a.o.j.JpaBaseConfiguration$JpaWebConfiguration - spring.jpa.open-in-view is enabled by default. Therefore, database queries may be performed during view rendering. Explicitly configure spring.jpa.open-in-view to disable this warning
2025-05-02 15:13:27 [restartedMain] WARN  o.s.b.a.s.s.UserDetailsServiceAutoConfiguration - 

Using generated security password: 777f2324-6de0-4f41-8b8d-75cd8143296a

This generated password is for development use only. Your security configuration must be updated before running your application in production.

2025-05-02 15:13:27 [restartedMain] INFO  o.s.s.web.DefaultSecurityFilterChain - Will secure any request with [org.springframework.security.web.session.DisableEncodeUrlFilter@54c41d2, org.springframework.security.web.context.request.async.WebAsyncManagerIntegrationFilter@521bda86, org.springframework.security.web.context.SecurityContextHolderFilter@7a0e6f93, org.springframework.security.web.header.HeaderWriterFilter@1120ac07, org.springframework.security.web.csrf.CsrfFilter@23e0f52c, org.springframework.security.web.authentication.logout.LogoutFilter@23a43bd9, org.springframework.security.web.authentication.UsernamePasswordAuthenticationFilter@60675b32, org.springframework.security.web.savedrequest.RequestCacheAwareFilter@5ee3ac6b, org.springframework.security.web.servletapi.SecurityContextHolderAwareRequestFilter@3e0b68a4, org.springframework.security.web.authentication.AnonymousAuthenticationFilter@50e359ef, org.springframework.security.web.access.ExceptionTranslationFilter@77b2e754]
2025-05-02 15:13:27 [restartedMain] INFO  o.s.b.d.a.OptionalLiveReloadServer - LiveReload server is running on port 35729
2025-05-02 15:13:27 [restartedMain] INFO  o.a.coyote.http11.Http11NioProtocol - Starting ProtocolHandler ["http-nio-8080"]
2025-05-02 15:13:27 [restartedMain] INFO  o.s.b.w.e.tomcat.TomcatWebServer - Tomcat started on port 8080 (http) with context path ''
2025-05-02 15:13:27 [restartedMain] INFO  c.d.w.DroneInventorySystemApplication - Started DroneInventorySystemApplication in 0.768 seconds (process running for 9315.326)
2025-05-02 15:13:27 [restartedMain] INFO  o.s.b.d.a.ConditionEvaluationDeltaLoggingListener - Condition evaluation unchanged
2025-05-02 15:14:09 [File Watcher] INFO  o.s.b.d.a.LocalDevToolsAutoConfiguration$RestartingClassPathChangeChangedEventListener - Restarting due to 1 class path change (0 additions, 0 deletions, 1 modification)
2025-05-02 15:14:09 [Thread-270] INFO  o.a.coyote.http11.Http11NioProtocol - Stopping ProtocolHandler ["http-nio-8080"]
2025-05-02 15:14:09 [Thread-270] INFO  o.s.o.j.LocalContainerEntityManagerFactoryBean - Closing JPA EntityManagerFactory for persistence unit 'default'
2025-05-02 15:14:09 [Thread-270] INFO  com.zaxxer.hikari.HikariDataSource - HikariPool-68 - Shutdown initiated...
2025-05-02 15:14:09 [Thread-270] INFO  com.zaxxer.hikari.HikariDataSource - HikariPool-68 - Shutdown completed.
2025-05-02 15:14:09 [restartedMain] INFO  c.d.w.DroneInventorySystemApplication - Starting DroneInventorySystemApplication using Java 17.0.10 with PID 773 (/Users/KurokiKazuma/Workspace/Digital-OJT/DroneInventorySystem/target/classes started by KurokiKazuma in /Users/KurokiKazuma/Workspace/Digital-OJT/DroneInventorySystem)
2025-05-02 15:14:09 [restartedMain] INFO  c.d.w.DroneInventorySystemApplication - The following 1 profile is active: "develop"
2025-05-02 15:14:10 [restartedMain] INFO  o.s.d.r.c.RepositoryConfigurationDelegate - Bootstrapping Spring Data JPA repositories in DEFAULT mode.
2025-05-02 15:14:10 [restartedMain] INFO  o.s.d.r.c.RepositoryConfigurationDelegate - Finished Spring Data repository scanning in 15 ms. Found 4 JPA repository interfaces.
2025-05-02 15:14:10 [restartedMain] INFO  o.s.b.w.e.tomcat.TomcatWebServer - Tomcat initialized with port 8080 (http)
2025-05-02 15:14:10 [restartedMain] INFO  o.a.coyote.http11.Http11NioProtocol - Initializing ProtocolHandler ["http-nio-8080"]
2025-05-02 15:14:10 [restartedMain] INFO  o.a.catalina.core.StandardService - Starting service [Tomcat]
2025-05-02 15:14:10 [restartedMain] INFO  o.a.catalina.core.StandardEngine - Starting Servlet engine: [Apache Tomcat/10.1.28]
2025-05-02 15:14:10 [restartedMain] INFO  o.a.c.c.C.[Tomcat-1].[localhost].[/] - Initializing Spring embedded WebApplicationContext
2025-05-02 15:14:10 [restartedMain] INFO  o.s.b.w.s.c.ServletWebServerApplicationContext - Root WebApplicationContext: initialization completed in 427 ms
2025-05-02 15:14:10 [restartedMain] INFO  com.zaxxer.hikari.HikariDataSource - HikariPool-69 - Starting...
2025-05-02 15:14:10 [restartedMain] INFO  com.zaxxer.hikari.pool.HikariPool - HikariPool-69 - Added connection com.mysql.cj.jdbc.ConnectionImpl@b7208c2
2025-05-02 15:14:10 [restartedMain] INFO  com.zaxxer.hikari.HikariDataSource - HikariPool-69 - Start completed.
2025-05-02 15:14:10 [restartedMain] INFO  o.s.b.a.h.H2ConsoleAutoConfiguration - H2 console available at '/h2-console'. Database available at 'jdbc:mysql://localhost:3306/stock_mng'
2025-05-02 15:14:10 [restartedMain] INFO  o.s.o.j.p.SpringPersistenceUnitInfo - No LoadTimeWeaver setup: ignoring JPA class transformer
2025-05-02 15:14:10 [restartedMain] INFO  o.s.o.j.LocalContainerEntityManagerFactoryBean - Initialized JPA EntityManagerFactory for persistence unit 'default'
2025-05-02 15:14:10 [restartedMain] WARN  o.s.b.a.o.j.JpaBaseConfiguration$JpaWebConfiguration - spring.jpa.open-in-view is enabled by default. Therefore, database queries may be performed during view rendering. Explicitly configure spring.jpa.open-in-view to disable this warning
2025-05-02 15:14:10 [restartedMain] WARN  o.s.b.a.s.s.UserDetailsServiceAutoConfiguration - 

Using generated security password: 8652e4fc-83ee-4766-92c1-907cc68d2152

This generated password is for development use only. Your security configuration must be updated before running your application in production.

2025-05-02 15:14:10 [restartedMain] INFO  o.s.s.web.DefaultSecurityFilterChain - Will secure any request with [org.springframework.security.web.session.DisableEncodeUrlFilter@16fc3e79, org.springframework.security.web.context.request.async.WebAsyncManagerIntegrationFilter@2345b5de, org.springframework.security.web.context.SecurityContextHolderFilter@6dccfa4c, org.springframework.security.web.header.HeaderWriterFilter@5ac99bf5, org.springframework.security.web.csrf.CsrfFilter@7060b502, org.springframework.security.web.authentication.logout.LogoutFilter@20f76c67, org.springframework.security.web.authentication.UsernamePasswordAuthenticationFilter@34c0d121, org.springframework.security.web.savedrequest.RequestCacheAwareFilter@18719a52, org.springframework.security.web.servletapi.SecurityContextHolderAwareRequestFilter@3ce3cfb7, org.springframework.security.web.authentication.AnonymousAuthenticationFilter@38ca7185, org.springframework.security.web.access.ExceptionTranslationFilter@35f2388b]
2025-05-02 15:14:10 [restartedMain] INFO  o.s.b.d.a.OptionalLiveReloadServer - LiveReload server is running on port 35729
2025-05-02 15:14:10 [restartedMain] INFO  o.a.coyote.http11.Http11NioProtocol - Starting ProtocolHandler ["http-nio-8080"]
2025-05-02 15:14:10 [restartedMain] INFO  o.s.b.w.e.tomcat.TomcatWebServer - Tomcat started on port 8080 (http) with context path ''
2025-05-02 15:14:10 [restartedMain] INFO  c.d.w.DroneInventorySystemApplication - Started DroneInventorySystemApplication in 0.851 seconds (process running for 9358.335)
2025-05-02 15:14:10 [restartedMain] INFO  o.s.b.d.a.ConditionEvaluationDeltaLoggingListener - Condition evaluation unchanged
2025-05-02 15:14:36 [File Watcher] INFO  o.s.b.d.a.LocalDevToolsAutoConfiguration$RestartingClassPathChangeChangedEventListener - Restarting due to 1 class path change (0 additions, 0 deletions, 1 modification)
2025-05-02 15:14:36 [Thread-274] INFO  o.a.coyote.http11.Http11NioProtocol - Stopping ProtocolHandler ["http-nio-8080"]
2025-05-02 15:14:36 [Thread-274] INFO  o.s.o.j.LocalContainerEntityManagerFactoryBean - Closing JPA EntityManagerFactory for persistence unit 'default'
2025-05-02 15:14:36 [Thread-274] INFO  com.zaxxer.hikari.HikariDataSource - HikariPool-69 - Shutdown initiated...
2025-05-02 15:14:36 [Thread-274] INFO  com.zaxxer.hikari.HikariDataSource - HikariPool-69 - Shutdown completed.
2025-05-02 15:14:36 [restartedMain] INFO  c.d.w.DroneInventorySystemApplication - Starting DroneInventorySystemApplication using Java 17.0.10 with PID 773 (/Users/KurokiKazuma/Workspace/Digital-OJT/DroneInventorySystem/target/classes started by KurokiKazuma in /Users/KurokiKazuma/Workspace/Digital-OJT/DroneInventorySystem)
2025-05-02 15:14:36 [restartedMain] INFO  c.d.w.DroneInventorySystemApplication - The following 1 profile is active: "develop"
2025-05-02 15:14:36 [restartedMain] INFO  o.s.d.r.c.RepositoryConfigurationDelegate - Bootstrapping Spring Data JPA repositories in DEFAULT mode.
2025-05-02 15:14:36 [restartedMain] INFO  o.s.d.r.c.RepositoryConfigurationDelegate - Finished Spring Data repository scanning in 13 ms. Found 4 JPA repository interfaces.
2025-05-02 15:14:36 [restartedMain] INFO  o.s.b.w.e.tomcat.TomcatWebServer - Tomcat initialized with port 8080 (http)
2025-05-02 15:14:36 [restartedMain] INFO  o.a.coyote.http11.Http11NioProtocol - Initializing ProtocolHandler ["http-nio-8080"]
2025-05-02 15:14:36 [restartedMain] INFO  o.a.catalina.core.StandardService - Starting service [Tomcat]
2025-05-02 15:14:36 [restartedMain] INFO  o.a.catalina.core.StandardEngine - Starting Servlet engine: [Apache Tomcat/10.1.28]
2025-05-02 15:14:36 [restartedMain] INFO  o.a.c.c.C.[Tomcat-1].[localhost].[/] - Initializing Spring embedded WebApplicationContext
2025-05-02 15:14:36 [restartedMain] INFO  o.s.b.w.s.c.ServletWebServerApplicationContext - Root WebApplicationContext: initialization completed in 287 ms
2025-05-02 15:14:36 [restartedMain] INFO  com.zaxxer.hikari.HikariDataSource - HikariPool-70 - Starting...
2025-05-02 15:14:36 [restartedMain] INFO  com.zaxxer.hikari.pool.HikariPool - HikariPool-70 - Added connection com.mysql.cj.jdbc.ConnectionImpl@319bb2f
2025-05-02 15:14:36 [restartedMain] INFO  com.zaxxer.hikari.HikariDataSource - HikariPool-70 - Start completed.
2025-05-02 15:14:36 [restartedMain] INFO  o.s.b.a.h.H2ConsoleAutoConfiguration - H2 console available at '/h2-console'. Database available at 'jdbc:mysql://localhost:3306/stock_mng'
2025-05-02 15:14:36 [restartedMain] INFO  o.s.o.j.p.SpringPersistenceUnitInfo - No LoadTimeWeaver setup: ignoring JPA class transformer
2025-05-02 15:14:36 [restartedMain] INFO  o.s.o.j.LocalContainerEntityManagerFactoryBean - Initialized JPA EntityManagerFactory for persistence unit 'default'
2025-05-02 15:14:37 [restartedMain] WARN  o.s.b.a.o.j.JpaBaseConfiguration$JpaWebConfiguration - spring.jpa.open-in-view is enabled by default. Therefore, database queries may be performed during view rendering. Explicitly configure spring.jpa.open-in-view to disable this warning
2025-05-02 15:14:37 [restartedMain] WARN  o.s.b.a.s.s.UserDetailsServiceAutoConfiguration - 

Using generated security password: 38bc573f-a376-4545-8d9b-0fa1a35ae42e

This generated password is for development use only. Your security configuration must be updated before running your application in production.

2025-05-02 15:14:37 [restartedMain] INFO  o.s.s.web.DefaultSecurityFilterChain - Will secure any request with [org.springframework.security.web.session.DisableEncodeUrlFilter@5ef94a41, org.springframework.security.web.context.request.async.WebAsyncManagerIntegrationFilter@2d13ca67, org.springframework.security.web.context.SecurityContextHolderFilter@78466377, org.springframework.security.web.header.HeaderWriterFilter@373dbc4d, org.springframework.security.web.csrf.CsrfFilter@5491032a, org.springframework.security.web.authentication.logout.LogoutFilter@6edc586e, org.springframework.security.web.authentication.UsernamePasswordAuthenticationFilter@5f47e824, org.springframework.security.web.savedrequest.RequestCacheAwareFilter@2412a706, org.springframework.security.web.servletapi.SecurityContextHolderAwareRequestFilter@7fcfde0b, org.springframework.security.web.authentication.AnonymousAuthenticationFilter@2180e883, org.springframework.security.web.access.ExceptionTranslationFilter@15d9dbf4]
2025-05-02 15:14:37 [restartedMain] INFO  o.s.b.d.a.OptionalLiveReloadServer - LiveReload server is running on port 35729
2025-05-02 15:14:37 [restartedMain] INFO  o.a.coyote.http11.Http11NioProtocol - Starting ProtocolHandler ["http-nio-8080"]
2025-05-02 15:14:37 [restartedMain] INFO  o.s.b.w.e.tomcat.TomcatWebServer - Tomcat started on port 8080 (http) with context path ''
2025-05-02 15:14:37 [restartedMain] INFO  c.d.w.DroneInventorySystemApplication - Started DroneInventorySystemApplication in 0.76 seconds (process running for 9384.964)
2025-05-02 15:14:37 [restartedMain] INFO  o.s.b.d.a.ConditionEvaluationDeltaLoggingListener - Condition evaluation unchanged
2025-05-02 15:15:55 [File Watcher] INFO  o.s.b.d.a.LocalDevToolsAutoConfiguration$RestartingClassPathChangeChangedEventListener - Restarting due to 1 class path change (0 additions, 0 deletions, 1 modification)
2025-05-02 15:15:55 [Thread-278] INFO  o.a.coyote.http11.Http11NioProtocol - Stopping ProtocolHandler ["http-nio-8080"]
2025-05-02 15:15:55 [Thread-278] INFO  o.s.o.j.LocalContainerEntityManagerFactoryBean - Closing JPA EntityManagerFactory for persistence unit 'default'
2025-05-02 15:15:55 [Thread-278] INFO  com.zaxxer.hikari.HikariDataSource - HikariPool-70 - Shutdown initiated...
2025-05-02 15:15:55 [Thread-278] INFO  com.zaxxer.hikari.HikariDataSource - HikariPool-70 - Shutdown completed.
2025-05-02 15:15:55 [restartedMain] INFO  c.d.w.DroneInventorySystemApplication - Starting DroneInventorySystemApplication using Java 17.0.10 with PID 773 (/Users/KurokiKazuma/Workspace/Digital-OJT/DroneInventorySystem/target/classes started by KurokiKazuma in /Users/KurokiKazuma/Workspace/Digital-OJT/DroneInventorySystem)
2025-05-02 15:15:55 [restartedMain] INFO  c.d.w.DroneInventorySystemApplication - The following 1 profile is active: "develop"
2025-05-02 15:15:56 [restartedMain] INFO  o.s.d.r.c.RepositoryConfigurationDelegate - Bootstrapping Spring Data JPA repositories in DEFAULT mode.
2025-05-02 15:15:56 [restartedMain] INFO  o.s.d.r.c.RepositoryConfigurationDelegate - Finished Spring Data repository scanning in 12 ms. Found 4 JPA repository interfaces.
2025-05-02 15:15:56 [restartedMain] INFO  o.s.b.w.e.tomcat.TomcatWebServer - Tomcat initialized with port 8080 (http)
2025-05-02 15:15:56 [restartedMain] INFO  o.a.coyote.http11.Http11NioProtocol - Initializing ProtocolHandler ["http-nio-8080"]
2025-05-02 15:15:56 [restartedMain] INFO  o.a.catalina.core.StandardService - Starting service [Tomcat]
2025-05-02 15:15:56 [restartedMain] INFO  o.a.catalina.core.StandardEngine - Starting Servlet engine: [Apache Tomcat/10.1.28]
2025-05-02 15:15:56 [restartedMain] INFO  o.a.c.c.C.[Tomcat-1].[localhost].[/] - Initializing Spring embedded WebApplicationContext
2025-05-02 15:15:56 [restartedMain] INFO  o.s.b.w.s.c.ServletWebServerApplicationContext - Root WebApplicationContext: initialization completed in 284 ms
2025-05-02 15:15:56 [restartedMain] INFO  com.zaxxer.hikari.HikariDataSource - HikariPool-71 - Starting...
2025-05-02 15:15:56 [restartedMain] INFO  com.zaxxer.hikari.pool.HikariPool - HikariPool-71 - Added connection com.mysql.cj.jdbc.ConnectionImpl@96b0a4f
2025-05-02 15:15:56 [restartedMain] INFO  com.zaxxer.hikari.HikariDataSource - HikariPool-71 - Start completed.
2025-05-02 15:15:56 [restartedMain] INFO  o.s.b.a.h.H2ConsoleAutoConfiguration - H2 console available at '/h2-console'. Database available at 'jdbc:mysql://localhost:3306/stock_mng'
2025-05-02 15:15:56 [restartedMain] INFO  o.s.o.j.p.SpringPersistenceUnitInfo - No LoadTimeWeaver setup: ignoring JPA class transformer
2025-05-02 15:15:56 [restartedMain] INFO  o.s.o.j.LocalContainerEntityManagerFactoryBean - Initialized JPA EntityManagerFactory for persistence unit 'default'
2025-05-02 15:15:56 [restartedMain] WARN  o.s.b.a.o.j.JpaBaseConfiguration$JpaWebConfiguration - spring.jpa.open-in-view is enabled by default. Therefore, database queries may be performed during view rendering. Explicitly configure spring.jpa.open-in-view to disable this warning
2025-05-02 15:15:56 [restartedMain] WARN  o.s.b.a.s.s.UserDetailsServiceAutoConfiguration - 

Using generated security password: 804ea166-c422-4ac1-bfdf-615478b26cd2

This generated password is for development use only. Your security configuration must be updated before running your application in production.

2025-05-02 15:15:56 [restartedMain] INFO  o.s.s.web.DefaultSecurityFilterChain - Will secure any request with [org.springframework.security.web.session.DisableEncodeUrlFilter@23c69800, org.springframework.security.web.context.request.async.WebAsyncManagerIntegrationFilter@7740f278, org.springframework.security.web.context.SecurityContextHolderFilter@17b8d24c, org.springframework.security.web.header.HeaderWriterFilter@1db2716, org.springframework.security.web.csrf.CsrfFilter@24812fc6, org.springframework.security.web.authentication.logout.LogoutFilter@1fc8dd14, org.springframework.security.web.authentication.UsernamePasswordAuthenticationFilter@744a87af, org.springframework.security.web.savedrequest.RequestCacheAwareFilter@3aea3062, org.springframework.security.web.servletapi.SecurityContextHolderAwareRequestFilter@16082a6c, org.springframework.security.web.authentication.AnonymousAuthenticationFilter@2eb9a1f9, org.springframework.security.web.access.ExceptionTranslationFilter@3ed24390]
2025-05-02 15:15:56 [restartedMain] INFO  o.s.b.d.a.OptionalLiveReloadServer - LiveReload server is running on port 35729
2025-05-02 15:15:56 [restartedMain] INFO  o.a.coyote.http11.Http11NioProtocol - Starting ProtocolHandler ["http-nio-8080"]
2025-05-02 15:15:56 [restartedMain] INFO  o.s.b.w.e.tomcat.TomcatWebServer - Tomcat started on port 8080 (http) with context path ''
2025-05-02 15:15:56 [restartedMain] INFO  c.d.w.DroneInventorySystemApplication - Started DroneInventorySystemApplication in 0.769 seconds (process running for 9464.404)
2025-05-02 15:15:56 [restartedMain] INFO  o.s.b.d.a.ConditionEvaluationDeltaLoggingListener - Condition evaluation unchanged
2025-05-02 15:16:24 [File Watcher] INFO  o.s.b.d.a.LocalDevToolsAutoConfiguration$RestartingClassPathChangeChangedEventListener - Restarting due to 1 class path change (0 additions, 0 deletions, 1 modification)
2025-05-02 15:16:24 [Thread-282] INFO  o.a.coyote.http11.Http11NioProtocol - Stopping ProtocolHandler ["http-nio-8080"]
2025-05-02 15:16:24 [Thread-282] INFO  o.s.o.j.LocalContainerEntityManagerFactoryBean - Closing JPA EntityManagerFactory for persistence unit 'default'
2025-05-02 15:16:24 [Thread-282] INFO  com.zaxxer.hikari.HikariDataSource - HikariPool-71 - Shutdown initiated...
2025-05-02 15:16:24 [Thread-282] INFO  com.zaxxer.hikari.HikariDataSource - HikariPool-71 - Shutdown completed.
2025-05-02 15:16:24 [restartedMain] INFO  c.d.w.DroneInventorySystemApplication - Starting DroneInventorySystemApplication using Java 17.0.10 with PID 773 (/Users/KurokiKazuma/Workspace/Digital-OJT/DroneInventorySystem/target/classes started by KurokiKazuma in /Users/KurokiKazuma/Workspace/Digital-OJT/DroneInventorySystem)
2025-05-02 15:16:24 [restartedMain] INFO  c.d.w.DroneInventorySystemApplication - The following 1 profile is active: "develop"
2025-05-02 15:16:24 [restartedMain] INFO  o.s.d.r.c.RepositoryConfigurationDelegate - Bootstrapping Spring Data JPA repositories in DEFAULT mode.
2025-05-02 15:16:24 [restartedMain] INFO  o.s.d.r.c.RepositoryConfigurationDelegate - Finished Spring Data repository scanning in 12 ms. Found 4 JPA repository interfaces.
2025-05-02 15:16:24 [restartedMain] INFO  o.s.b.w.e.tomcat.TomcatWebServer - Tomcat initialized with port 8080 (http)
2025-05-02 15:16:24 [restartedMain] INFO  o.a.coyote.http11.Http11NioProtocol - Initializing ProtocolHandler ["http-nio-8080"]
2025-05-02 15:16:24 [restartedMain] INFO  o.a.catalina.core.StandardService - Starting service [Tomcat]
2025-05-02 15:16:24 [restartedMain] INFO  o.a.catalina.core.StandardEngine - Starting Servlet engine: [Apache Tomcat/10.1.28]
2025-05-02 15:16:24 [restartedMain] INFO  o.a.c.c.C.[Tomcat-1].[localhost].[/] - Initializing Spring embedded WebApplicationContext
2025-05-02 15:16:24 [restartedMain] INFO  o.s.b.w.s.c.ServletWebServerApplicationContext - Root WebApplicationContext: initialization completed in 266 ms
2025-05-02 15:16:24 [restartedMain] INFO  com.zaxxer.hikari.HikariDataSource - HikariPool-72 - Starting...
2025-05-02 15:16:24 [restartedMain] INFO  com.zaxxer.hikari.pool.HikariPool - HikariPool-72 - Added connection com.mysql.cj.jdbc.ConnectionImpl@4305d74
2025-05-02 15:16:24 [restartedMain] INFO  com.zaxxer.hikari.HikariDataSource - HikariPool-72 - Start completed.
2025-05-02 15:16:24 [restartedMain] INFO  o.s.b.a.h.H2ConsoleAutoConfiguration - H2 console available at '/h2-console'. Database available at 'jdbc:mysql://localhost:3306/stock_mng'
2025-05-02 15:16:24 [restartedMain] INFO  o.s.o.j.p.SpringPersistenceUnitInfo - No LoadTimeWeaver setup: ignoring JPA class transformer
2025-05-02 15:16:24 [restartedMain] INFO  o.s.o.j.LocalContainerEntityManagerFactoryBean - Initialized JPA EntityManagerFactory for persistence unit 'default'
2025-05-02 15:16:25 [restartedMain] WARN  o.s.b.a.o.j.JpaBaseConfiguration$JpaWebConfiguration - spring.jpa.open-in-view is enabled by default. Therefore, database queries may be performed during view rendering. Explicitly configure spring.jpa.open-in-view to disable this warning
2025-05-02 15:16:25 [restartedMain] WARN  o.s.b.a.s.s.UserDetailsServiceAutoConfiguration - 

Using generated security password: 5ee9384a-ede7-4abf-a2c3-10c85421d4f4

This generated password is for development use only. Your security configuration must be updated before running your application in production.

2025-05-02 15:16:25 [restartedMain] INFO  o.s.s.web.DefaultSecurityFilterChain - Will secure any request with [org.springframework.security.web.session.DisableEncodeUrlFilter@4618aa97, org.springframework.security.web.context.request.async.WebAsyncManagerIntegrationFilter@1be01967, org.springframework.security.web.context.SecurityContextHolderFilter@45baa196, org.springframework.security.web.header.HeaderWriterFilter@ea59022, org.springframework.security.web.csrf.CsrfFilter@28a67886, org.springframework.security.web.authentication.logout.LogoutFilter@4eb6caf8, org.springframework.security.web.authentication.UsernamePasswordAuthenticationFilter@c28742a, org.springframework.security.web.savedrequest.RequestCacheAwareFilter@5ec393ef, org.springframework.security.web.servletapi.SecurityContextHolderAwareRequestFilter@7c96dd8d, org.springframework.security.web.authentication.AnonymousAuthenticationFilter@63f9f1e9, org.springframework.security.web.access.ExceptionTranslationFilter@3d63e298]
2025-05-02 15:16:25 [restartedMain] INFO  o.s.b.d.a.OptionalLiveReloadServer - LiveReload server is running on port 35729
2025-05-02 15:16:25 [restartedMain] INFO  o.a.coyote.http11.Http11NioProtocol - Starting ProtocolHandler ["http-nio-8080"]
2025-05-02 15:16:25 [restartedMain] INFO  o.s.b.w.e.tomcat.TomcatWebServer - Tomcat started on port 8080 (http) with context path ''
2025-05-02 15:16:25 [restartedMain] INFO  c.d.w.DroneInventorySystemApplication - Started DroneInventorySystemApplication in 0.694 seconds (process running for 9493.007)
2025-05-02 15:16:25 [restartedMain] INFO  o.s.b.d.a.ConditionEvaluationDeltaLoggingListener - Condition evaluation unchanged
2025-05-02 15:17:53 [File Watcher] INFO  o.s.b.d.a.LocalDevToolsAutoConfiguration$RestartingClassPathChangeChangedEventListener - Restarting due to 1 class path change (0 additions, 0 deletions, 1 modification)
2025-05-02 15:17:53 [Thread-286] INFO  o.a.coyote.http11.Http11NioProtocol - Stopping ProtocolHandler ["http-nio-8080"]
2025-05-02 15:17:53 [Thread-286] INFO  o.s.o.j.LocalContainerEntityManagerFactoryBean - Closing JPA EntityManagerFactory for persistence unit 'default'
2025-05-02 15:17:53 [Thread-286] INFO  com.zaxxer.hikari.HikariDataSource - HikariPool-72 - Shutdown initiated...
2025-05-02 15:17:53 [Thread-286] INFO  com.zaxxer.hikari.HikariDataSource - HikariPool-72 - Shutdown completed.
2025-05-02 15:17:54 [restartedMain] INFO  c.d.w.DroneInventorySystemApplication - Starting DroneInventorySystemApplication using Java 17.0.10 with PID 773 (/Users/KurokiKazuma/Workspace/Digital-OJT/DroneInventorySystem/target/classes started by KurokiKazuma in /Users/KurokiKazuma/Workspace/Digital-OJT/DroneInventorySystem)
2025-05-02 15:17:54 [restartedMain] INFO  c.d.w.DroneInventorySystemApplication - The following 1 profile is active: "develop"
2025-05-02 15:17:54 [restartedMain] INFO  o.s.d.r.c.RepositoryConfigurationDelegate - Bootstrapping Spring Data JPA repositories in DEFAULT mode.
2025-05-02 15:17:54 [restartedMain] INFO  o.s.d.r.c.RepositoryConfigurationDelegate - Finished Spring Data repository scanning in 12 ms. Found 4 JPA repository interfaces.
2025-05-02 15:17:54 [restartedMain] INFO  o.s.b.w.e.tomcat.TomcatWebServer - Tomcat initialized with port 8080 (http)
2025-05-02 15:17:54 [restartedMain] INFO  o.a.coyote.http11.Http11NioProtocol - Initializing ProtocolHandler ["http-nio-8080"]
2025-05-02 15:17:54 [restartedMain] INFO  o.a.catalina.core.StandardService - Starting service [Tomcat]
2025-05-02 15:17:54 [restartedMain] INFO  o.a.catalina.core.StandardEngine - Starting Servlet engine: [Apache Tomcat/10.1.28]
2025-05-02 15:17:54 [restartedMain] INFO  o.a.c.c.C.[Tomcat-1].[localhost].[/] - Initializing Spring embedded WebApplicationContext
2025-05-02 15:17:54 [restartedMain] INFO  o.s.b.w.s.c.ServletWebServerApplicationContext - Root WebApplicationContext: initialization completed in 264 ms
2025-05-02 15:17:54 [restartedMain] INFO  com.zaxxer.hikari.HikariDataSource - HikariPool-73 - Starting...
2025-05-02 15:17:54 [restartedMain] INFO  com.zaxxer.hikari.pool.HikariPool - HikariPool-73 - Added connection com.mysql.cj.jdbc.ConnectionImpl@4e703352
2025-05-02 15:17:54 [restartedMain] INFO  com.zaxxer.hikari.HikariDataSource - HikariPool-73 - Start completed.
2025-05-02 15:17:54 [restartedMain] INFO  o.s.b.a.h.H2ConsoleAutoConfiguration - H2 console available at '/h2-console'. Database available at 'jdbc:mysql://localhost:3306/stock_mng'
2025-05-02 15:17:54 [restartedMain] INFO  o.s.o.j.p.SpringPersistenceUnitInfo - No LoadTimeWeaver setup: ignoring JPA class transformer
2025-05-02 15:17:54 [restartedMain] INFO  o.s.o.j.LocalContainerEntityManagerFactoryBean - Initialized JPA EntityManagerFactory for persistence unit 'default'
2025-05-02 15:17:54 [restartedMain] WARN  o.s.b.a.o.j.JpaBaseConfiguration$JpaWebConfiguration - spring.jpa.open-in-view is enabled by default. Therefore, database queries may be performed during view rendering. Explicitly configure spring.jpa.open-in-view to disable this warning
2025-05-02 15:17:54 [restartedMain] WARN  o.s.b.a.s.s.UserDetailsServiceAutoConfiguration - 

Using generated security password: 9350ed55-ceb9-4345-9a0f-cf6eb4f6abc5

This generated password is for development use only. Your security configuration must be updated before running your application in production.

2025-05-02 15:17:54 [restartedMain] INFO  o.s.s.web.DefaultSecurityFilterChain - Will secure any request with [org.springframework.security.web.session.DisableEncodeUrlFilter@71fc9d5e, org.springframework.security.web.context.request.async.WebAsyncManagerIntegrationFilter@32cb47f6, org.springframework.security.web.context.SecurityContextHolderFilter@39ec826, org.springframework.security.web.header.HeaderWriterFilter@1af01f0f, org.springframework.security.web.csrf.CsrfFilter@2a35a39f, org.springframework.security.web.authentication.logout.LogoutFilter@3a9bb68f, org.springframework.security.web.authentication.UsernamePasswordAuthenticationFilter@3b7e776f, org.springframework.security.web.savedrequest.RequestCacheAwareFilter@4b0aa91, org.springframework.security.web.servletapi.SecurityContextHolderAwareRequestFilter@5523fd7b, org.springframework.security.web.authentication.AnonymousAuthenticationFilter@5503b0ee, org.springframework.security.web.access.ExceptionTranslationFilter@1f29cd79]
2025-05-02 15:17:54 [restartedMain] INFO  o.s.b.d.a.OptionalLiveReloadServer - LiveReload server is running on port 35729
2025-05-02 15:17:54 [restartedMain] INFO  o.a.coyote.http11.Http11NioProtocol - Starting ProtocolHandler ["http-nio-8080"]
2025-05-02 15:17:54 [restartedMain] INFO  o.s.b.w.e.tomcat.TomcatWebServer - Tomcat started on port 8080 (http) with context path ''
2025-05-02 15:17:54 [restartedMain] INFO  c.d.w.DroneInventorySystemApplication - Started DroneInventorySystemApplication in 0.7 seconds (process running for 9582.551)
2025-05-02 15:17:54 [restartedMain] INFO  o.s.b.d.a.ConditionEvaluationDeltaLoggingListener - Condition evaluation unchanged
2025-05-02 15:18:02 [File Watcher] INFO  o.s.b.d.a.LocalDevToolsAutoConfiguration$RestartingClassPathChangeChangedEventListener - Restarting due to 1 class path change (0 additions, 0 deletions, 1 modification)
2025-05-02 15:18:02 [Thread-290] INFO  o.a.coyote.http11.Http11NioProtocol - Stopping ProtocolHandler ["http-nio-8080"]
2025-05-02 15:18:02 [Thread-290] INFO  o.s.o.j.LocalContainerEntityManagerFactoryBean - Closing JPA EntityManagerFactory for persistence unit 'default'
2025-05-02 15:18:02 [Thread-290] INFO  com.zaxxer.hikari.HikariDataSource - HikariPool-73 - Shutdown initiated...
2025-05-02 15:18:02 [Thread-290] INFO  com.zaxxer.hikari.HikariDataSource - HikariPool-73 - Shutdown completed.
2025-05-02 15:18:02 [restartedMain] INFO  c.d.w.DroneInventorySystemApplication - Starting DroneInventorySystemApplication using Java 17.0.10 with PID 773 (/Users/KurokiKazuma/Workspace/Digital-OJT/DroneInventorySystem/target/classes started by KurokiKazuma in /Users/KurokiKazuma/Workspace/Digital-OJT/DroneInventorySystem)
2025-05-02 15:18:02 [restartedMain] INFO  c.d.w.DroneInventorySystemApplication - The following 1 profile is active: "develop"
2025-05-02 15:18:02 [restartedMain] INFO  o.s.d.r.c.RepositoryConfigurationDelegate - Bootstrapping Spring Data JPA repositories in DEFAULT mode.
2025-05-02 15:18:02 [restartedMain] INFO  o.s.d.r.c.RepositoryConfigurationDelegate - Finished Spring Data repository scanning in 12 ms. Found 4 JPA repository interfaces.
2025-05-02 15:18:02 [restartedMain] INFO  o.s.b.w.e.tomcat.TomcatWebServer - Tomcat initialized with port 8080 (http)
2025-05-02 15:18:02 [restartedMain] INFO  o.a.coyote.http11.Http11NioProtocol - Initializing ProtocolHandler ["http-nio-8080"]
2025-05-02 15:18:02 [restartedMain] INFO  o.a.catalina.core.StandardService - Starting service [Tomcat]
2025-05-02 15:18:02 [restartedMain] INFO  o.a.catalina.core.StandardEngine - Starting Servlet engine: [Apache Tomcat/10.1.28]
2025-05-02 15:18:02 [restartedMain] INFO  o.a.c.c.C.[Tomcat-1].[localhost].[/] - Initializing Spring embedded WebApplicationContext
2025-05-02 15:18:02 [restartedMain] INFO  o.s.b.w.s.c.ServletWebServerApplicationContext - Root WebApplicationContext: initialization completed in 276 ms
2025-05-02 15:18:02 [restartedMain] INFO  com.zaxxer.hikari.HikariDataSource - HikariPool-74 - Starting...
2025-05-02 15:18:02 [restartedMain] INFO  com.zaxxer.hikari.pool.HikariPool - HikariPool-74 - Added connection com.mysql.cj.jdbc.ConnectionImpl@70ebbb99
2025-05-02 15:18:02 [restartedMain] INFO  com.zaxxer.hikari.HikariDataSource - HikariPool-74 - Start completed.
2025-05-02 15:18:02 [restartedMain] INFO  o.s.b.a.h.H2ConsoleAutoConfiguration - H2 console available at '/h2-console'. Database available at 'jdbc:mysql://localhost:3306/stock_mng'
2025-05-02 15:18:02 [restartedMain] INFO  o.s.o.j.p.SpringPersistenceUnitInfo - No LoadTimeWeaver setup: ignoring JPA class transformer
2025-05-02 15:18:02 [restartedMain] INFO  o.s.o.j.LocalContainerEntityManagerFactoryBean - Initialized JPA EntityManagerFactory for persistence unit 'default'
2025-05-02 15:18:02 [restartedMain] WARN  o.s.b.a.o.j.JpaBaseConfiguration$JpaWebConfiguration - spring.jpa.open-in-view is enabled by default. Therefore, database queries may be performed during view rendering. Explicitly configure spring.jpa.open-in-view to disable this warning
2025-05-02 15:18:03 [restartedMain] WARN  o.s.b.a.s.s.UserDetailsServiceAutoConfiguration - 

Using generated security password: 933d6b41-a4e1-4ca4-94b4-bd4c7ac0e70c

This generated password is for development use only. Your security configuration must be updated before running your application in production.

2025-05-02 15:18:03 [restartedMain] INFO  o.s.s.web.DefaultSecurityFilterChain - Will secure any request with [org.springframework.security.web.session.DisableEncodeUrlFilter@7ae35c16, org.springframework.security.web.context.request.async.WebAsyncManagerIntegrationFilter@1429f518, org.springframework.security.web.context.SecurityContextHolderFilter@48b27d5c, org.springframework.security.web.header.HeaderWriterFilter@78d6c819, org.springframework.security.web.csrf.CsrfFilter@78324bbf, org.springframework.security.web.authentication.logout.LogoutFilter@1355cc7, org.springframework.security.web.authentication.UsernamePasswordAuthenticationFilter@1e5f313f, org.springframework.security.web.savedrequest.RequestCacheAwareFilter@22b7a846, org.springframework.security.web.servletapi.SecurityContextHolderAwareRequestFilter@146e06c4, org.springframework.security.web.authentication.AnonymousAuthenticationFilter@3f51403e, org.springframework.security.web.access.ExceptionTranslationFilter@c074d11]
2025-05-02 15:18:03 [restartedMain] INFO  o.s.b.d.a.OptionalLiveReloadServer - LiveReload server is running on port 35729
2025-05-02 15:18:03 [restartedMain] INFO  o.a.coyote.http11.Http11NioProtocol - Starting ProtocolHandler ["http-nio-8080"]
2025-05-02 15:18:03 [restartedMain] INFO  o.s.b.w.e.tomcat.TomcatWebServer - Tomcat started on port 8080 (http) with context path ''
2025-05-02 15:18:03 [restartedMain] INFO  c.d.w.DroneInventorySystemApplication - Started DroneInventorySystemApplication in 0.77 seconds (process running for 9590.933)
2025-05-02 15:18:03 [restartedMain] INFO  o.s.b.d.a.ConditionEvaluationDeltaLoggingListener - Condition evaluation unchanged
2025-05-02 15:18:07 [File Watcher] INFO  o.s.b.d.a.LocalDevToolsAutoConfiguration$RestartingClassPathChangeChangedEventListener - Restarting due to 1 class path change (0 additions, 0 deletions, 1 modification)
2025-05-02 15:18:07 [Thread-294] INFO  o.a.coyote.http11.Http11NioProtocol - Stopping ProtocolHandler ["http-nio-8080"]
2025-05-02 15:18:07 [Thread-294] INFO  o.s.o.j.LocalContainerEntityManagerFactoryBean - Closing JPA EntityManagerFactory for persistence unit 'default'
2025-05-02 15:18:07 [Thread-294] INFO  com.zaxxer.hikari.HikariDataSource - HikariPool-74 - Shutdown initiated...
2025-05-02 15:18:07 [Thread-294] INFO  com.zaxxer.hikari.HikariDataSource - HikariPool-74 - Shutdown completed.
2025-05-02 15:18:07 [restartedMain] INFO  c.d.w.DroneInventorySystemApplication - Starting DroneInventorySystemApplication using Java 17.0.10 with PID 773 (/Users/KurokiKazuma/Workspace/Digital-OJT/DroneInventorySystem/target/classes started by KurokiKazuma in /Users/KurokiKazuma/Workspace/Digital-OJT/DroneInventorySystem)
2025-05-02 15:18:07 [restartedMain] INFO  c.d.w.DroneInventorySystemApplication - The following 1 profile is active: "develop"
2025-05-02 15:18:07 [restartedMain] INFO  o.s.d.r.c.RepositoryConfigurationDelegate - Bootstrapping Spring Data JPA repositories in DEFAULT mode.
2025-05-02 15:18:07 [restartedMain] INFO  o.s.d.r.c.RepositoryConfigurationDelegate - Finished Spring Data repository scanning in 12 ms. Found 4 JPA repository interfaces.
2025-05-02 15:18:08 [restartedMain] INFO  o.s.b.w.e.tomcat.TomcatWebServer - Tomcat initialized with port 8080 (http)
2025-05-02 15:18:08 [restartedMain] INFO  o.a.coyote.http11.Http11NioProtocol - Initializing ProtocolHandler ["http-nio-8080"]
2025-05-02 15:18:08 [restartedMain] INFO  o.a.catalina.core.StandardService - Starting service [Tomcat]
2025-05-02 15:18:08 [restartedMain] INFO  o.a.catalina.core.StandardEngine - Starting Servlet engine: [Apache Tomcat/10.1.28]
2025-05-02 15:18:08 [restartedMain] INFO  o.a.c.c.C.[Tomcat-1].[localhost].[/] - Initializing Spring embedded WebApplicationContext
2025-05-02 15:18:08 [restartedMain] INFO  o.s.b.w.s.c.ServletWebServerApplicationContext - Root WebApplicationContext: initialization completed in 320 ms
2025-05-02 15:18:08 [restartedMain] INFO  com.zaxxer.hikari.HikariDataSource - HikariPool-75 - Starting...
2025-05-02 15:18:08 [restartedMain] INFO  com.zaxxer.hikari.pool.HikariPool - HikariPool-75 - Added connection com.mysql.cj.jdbc.ConnectionImpl@39ab0abb
2025-05-02 15:18:08 [restartedMain] INFO  com.zaxxer.hikari.HikariDataSource - HikariPool-75 - Start completed.
2025-05-02 15:18:08 [restartedMain] INFO  o.s.b.a.h.H2ConsoleAutoConfiguration - H2 console available at '/h2-console'. Database available at 'jdbc:mysql://localhost:3306/stock_mng'
2025-05-02 15:18:08 [restartedMain] INFO  o.s.o.j.p.SpringPersistenceUnitInfo - No LoadTimeWeaver setup: ignoring JPA class transformer
2025-05-02 15:18:08 [restartedMain] INFO  o.s.o.j.LocalContainerEntityManagerFactoryBean - Initialized JPA EntityManagerFactory for persistence unit 'default'
2025-05-02 15:18:08 [restartedMain] WARN  o.s.b.a.o.j.JpaBaseConfiguration$JpaWebConfiguration - spring.jpa.open-in-view is enabled by default. Therefore, database queries may be performed during view rendering. Explicitly configure spring.jpa.open-in-view to disable this warning
2025-05-02 15:18:08 [restartedMain] WARN  o.s.b.a.s.s.UserDetailsServiceAutoConfiguration - 

Using generated security password: 0a663672-7ace-4ad2-b703-7316da89ce43

This generated password is for development use only. Your security configuration must be updated before running your application in production.

2025-05-02 15:18:08 [restartedMain] INFO  o.s.s.web.DefaultSecurityFilterChain - Will secure any request with [org.springframework.security.web.session.DisableEncodeUrlFilter@4ad4bcd0, org.springframework.security.web.context.request.async.WebAsyncManagerIntegrationFilter@448b9935, org.springframework.security.web.context.SecurityContextHolderFilter@2314a48d, org.springframework.security.web.header.HeaderWriterFilter@632492af, org.springframework.security.web.csrf.CsrfFilter@164c1b88, org.springframework.security.web.authentication.logout.LogoutFilter@77891fa4, org.springframework.security.web.authentication.UsernamePasswordAuthenticationFilter@31e431f2, org.springframework.security.web.savedrequest.RequestCacheAwareFilter@55727b3c, org.springframework.security.web.servletapi.SecurityContextHolderAwareRequestFilter@3649b05e, org.springframework.security.web.authentication.AnonymousAuthenticationFilter@7b40ca3f, org.springframework.security.web.access.ExceptionTranslationFilter@5656b1d5]
2025-05-02 15:18:08 [restartedMain] INFO  o.s.b.d.a.OptionalLiveReloadServer - LiveReload server is running on port 35729
2025-05-02 15:18:08 [restartedMain] INFO  o.a.coyote.http11.Http11NioProtocol - Starting ProtocolHandler ["http-nio-8080"]
2025-05-02 15:18:08 [restartedMain] INFO  o.s.b.w.e.tomcat.TomcatWebServer - Tomcat started on port 8080 (http) with context path ''
2025-05-02 15:18:08 [restartedMain] INFO  c.d.w.DroneInventorySystemApplication - Started DroneInventorySystemApplication in 0.842 seconds (process running for 9596.362)
2025-05-02 15:18:08 [restartedMain] INFO  o.s.b.d.a.ConditionEvaluationDeltaLoggingListener - Condition evaluation unchanged
2025-05-02 15:25:18 [File Watcher] INFO  o.s.b.d.a.LocalDevToolsAutoConfiguration$RestartingClassPathChangeChangedEventListener - Restarting due to 1 class path change (0 additions, 0 deletions, 1 modification)
2025-05-02 15:25:18 [Thread-298] INFO  o.a.coyote.http11.Http11NioProtocol - Stopping ProtocolHandler ["http-nio-8080"]
2025-05-02 15:25:18 [Thread-298] INFO  o.s.o.j.LocalContainerEntityManagerFactoryBean - Closing JPA EntityManagerFactory for persistence unit 'default'
2025-05-02 15:25:18 [Thread-298] INFO  com.zaxxer.hikari.HikariDataSource - HikariPool-75 - Shutdown initiated...
2025-05-02 15:25:18 [Thread-298] INFO  com.zaxxer.hikari.HikariDataSource - HikariPool-75 - Shutdown completed.
2025-05-02 15:25:18 [restartedMain] INFO  c.d.w.DroneInventorySystemApplication - Starting DroneInventorySystemApplication using Java 17.0.10 with PID 773 (/Users/KurokiKazuma/Workspace/Digital-OJT/DroneInventorySystem/target/classes started by KurokiKazuma in /Users/KurokiKazuma/Workspace/Digital-OJT/DroneInventorySystem)
2025-05-02 15:25:18 [restartedMain] INFO  c.d.w.DroneInventorySystemApplication - The following 1 profile is active: "develop"
2025-05-02 15:25:18 [restartedMain] INFO  o.s.d.r.c.RepositoryConfigurationDelegate - Bootstrapping Spring Data JPA repositories in DEFAULT mode.
2025-05-02 15:25:18 [restartedMain] INFO  o.s.d.r.c.RepositoryConfigurationDelegate - Finished Spring Data repository scanning in 11 ms. Found 4 JPA repository interfaces.
2025-05-02 15:25:18 [restartedMain] INFO  o.s.b.w.e.tomcat.TomcatWebServer - Tomcat initialized with port 8080 (http)
2025-05-02 15:25:18 [restartedMain] INFO  o.a.coyote.http11.Http11NioProtocol - Initializing ProtocolHandler ["http-nio-8080"]
2025-05-02 15:25:18 [restartedMain] INFO  o.a.catalina.core.StandardService - Starting service [Tomcat]
2025-05-02 15:25:18 [restartedMain] INFO  o.a.catalina.core.StandardEngine - Starting Servlet engine: [Apache Tomcat/10.1.28]
2025-05-02 15:25:18 [restartedMain] INFO  o.a.c.c.C.[Tomcat-1].[localhost].[/] - Initializing Spring embedded WebApplicationContext
2025-05-02 15:25:18 [restartedMain] INFO  o.s.b.w.s.c.ServletWebServerApplicationContext - Root WebApplicationContext: initialization completed in 305 ms
2025-05-02 15:25:18 [restartedMain] INFO  com.zaxxer.hikari.HikariDataSource - HikariPool-76 - Starting...
2025-05-02 15:25:18 [restartedMain] INFO  com.zaxxer.hikari.pool.HikariPool - HikariPool-76 - Added connection com.mysql.cj.jdbc.ConnectionImpl@53b7f1d9
2025-05-02 15:25:18 [restartedMain] INFO  com.zaxxer.hikari.HikariDataSource - HikariPool-76 - Start completed.
2025-05-02 15:25:18 [restartedMain] INFO  o.s.b.a.h.H2ConsoleAutoConfiguration - H2 console available at '/h2-console'. Database available at 'jdbc:mysql://localhost:3306/stock_mng'
2025-05-02 15:25:18 [restartedMain] INFO  o.s.o.j.p.SpringPersistenceUnitInfo - No LoadTimeWeaver setup: ignoring JPA class transformer
2025-05-02 15:25:18 [restartedMain] INFO  o.s.o.j.LocalContainerEntityManagerFactoryBean - Initialized JPA EntityManagerFactory for persistence unit 'default'
2025-05-02 15:25:18 [restartedMain] WARN  o.s.b.a.o.j.JpaBaseConfiguration$JpaWebConfiguration - spring.jpa.open-in-view is enabled by default. Therefore, database queries may be performed during view rendering. Explicitly configure spring.jpa.open-in-view to disable this warning
2025-05-02 15:25:18 [restartedMain] WARN  o.s.b.a.s.s.UserDetailsServiceAutoConfiguration - 

Using generated security password: f46a2f1b-7a56-431e-9656-975e7ebe3097

This generated password is for development use only. Your security configuration must be updated before running your application in production.

2025-05-02 15:25:18 [restartedMain] INFO  o.s.s.web.DefaultSecurityFilterChain - Will secure any request with [org.springframework.security.web.session.DisableEncodeUrlFilter@4adbf23, org.springframework.security.web.context.request.async.WebAsyncManagerIntegrationFilter@62ec4bed, org.springframework.security.web.context.SecurityContextHolderFilter@382487aa, org.springframework.security.web.header.HeaderWriterFilter@241c3e2c, org.springframework.security.web.csrf.CsrfFilter@18399cf1, org.springframework.security.web.authentication.logout.LogoutFilter@45d6e16, org.springframework.security.web.authentication.UsernamePasswordAuthenticationFilter@50aebf59, org.springframework.security.web.savedrequest.RequestCacheAwareFilter@6cae4a4b, org.springframework.security.web.servletapi.SecurityContextHolderAwareRequestFilter@4392e6b2, org.springframework.security.web.authentication.AnonymousAuthenticationFilter@d2eb478, org.springframework.security.web.access.ExceptionTranslationFilter@2181c25e]
2025-05-02 15:25:18 [restartedMain] INFO  o.s.b.d.a.OptionalLiveReloadServer - LiveReload server is running on port 35729
2025-05-02 15:25:18 [restartedMain] INFO  o.a.coyote.http11.Http11NioProtocol - Starting ProtocolHandler ["http-nio-8080"]
2025-05-02 15:25:18 [restartedMain] INFO  o.s.b.w.e.tomcat.TomcatWebServer - Tomcat started on port 8080 (http) with context path ''
2025-05-02 15:25:18 [restartedMain] INFO  c.d.w.DroneInventorySystemApplication - Started DroneInventorySystemApplication in 0.801 seconds (process running for 10026.731)
2025-05-02 15:25:18 [restartedMain] INFO  o.s.b.d.a.ConditionEvaluationDeltaLoggingListener - Condition evaluation unchanged
2025-05-02 15:25:53 [File Watcher] INFO  o.s.b.d.a.LocalDevToolsAutoConfiguration$RestartingClassPathChangeChangedEventListener - Restarting due to 1 class path change (0 additions, 0 deletions, 1 modification)
2025-05-02 15:25:53 [Thread-302] INFO  o.a.coyote.http11.Http11NioProtocol - Stopping ProtocolHandler ["http-nio-8080"]
2025-05-02 15:25:53 [Thread-302] INFO  o.s.o.j.LocalContainerEntityManagerFactoryBean - Closing JPA EntityManagerFactory for persistence unit 'default'
2025-05-02 15:25:53 [Thread-302] INFO  com.zaxxer.hikari.HikariDataSource - HikariPool-76 - Shutdown initiated...
2025-05-02 15:25:53 [Thread-302] INFO  com.zaxxer.hikari.HikariDataSource - HikariPool-76 - Shutdown completed.
2025-05-02 15:25:54 [restartedMain] INFO  c.d.w.DroneInventorySystemApplication - Starting DroneInventorySystemApplication using Java 17.0.10 with PID 773 (/Users/KurokiKazuma/Workspace/Digital-OJT/DroneInventorySystem/target/classes started by KurokiKazuma in /Users/KurokiKazuma/Workspace/Digital-OJT/DroneInventorySystem)
2025-05-02 15:25:54 [restartedMain] INFO  c.d.w.DroneInventorySystemApplication - The following 1 profile is active: "develop"
2025-05-02 15:25:54 [restartedMain] INFO  o.s.d.r.c.RepositoryConfigurationDelegate - Bootstrapping Spring Data JPA repositories in DEFAULT mode.
2025-05-02 15:25:54 [restartedMain] INFO  o.s.d.r.c.RepositoryConfigurationDelegate - Finished Spring Data repository scanning in 11 ms. Found 4 JPA repository interfaces.
2025-05-02 15:25:54 [restartedMain] INFO  o.s.b.w.e.tomcat.TomcatWebServer - Tomcat initialized with port 8080 (http)
2025-05-02 15:25:54 [restartedMain] INFO  o.a.coyote.http11.Http11NioProtocol - Initializing ProtocolHandler ["http-nio-8080"]
2025-05-02 15:25:54 [restartedMain] INFO  o.a.catalina.core.StandardService - Starting service [Tomcat]
2025-05-02 15:25:54 [restartedMain] INFO  o.a.catalina.core.StandardEngine - Starting Servlet engine: [Apache Tomcat/10.1.28]
2025-05-02 15:25:54 [restartedMain] INFO  o.a.c.c.C.[Tomcat-1].[localhost].[/] - Initializing Spring embedded WebApplicationContext
2025-05-02 15:25:54 [restartedMain] INFO  o.s.b.w.s.c.ServletWebServerApplicationContext - Root WebApplicationContext: initialization completed in 268 ms
2025-05-02 15:25:54 [restartedMain] INFO  com.zaxxer.hikari.HikariDataSource - HikariPool-77 - Starting...
2025-05-02 15:25:54 [restartedMain] INFO  com.zaxxer.hikari.pool.HikariPool - HikariPool-77 - Added connection com.mysql.cj.jdbc.ConnectionImpl@5d82769
2025-05-02 15:25:54 [restartedMain] INFO  com.zaxxer.hikari.HikariDataSource - HikariPool-77 - Start completed.
2025-05-02 15:25:54 [restartedMain] INFO  o.s.b.a.h.H2ConsoleAutoConfiguration - H2 console available at '/h2-console'. Database available at 'jdbc:mysql://localhost:3306/stock_mng'
2025-05-02 15:25:54 [restartedMain] INFO  o.s.o.j.p.SpringPersistenceUnitInfo - No LoadTimeWeaver setup: ignoring JPA class transformer
2025-05-02 15:25:54 [restartedMain] INFO  o.s.o.j.LocalContainerEntityManagerFactoryBean - Initialized JPA EntityManagerFactory for persistence unit 'default'
2025-05-02 15:25:54 [restartedMain] WARN  o.s.b.a.o.j.JpaBaseConfiguration$JpaWebConfiguration - spring.jpa.open-in-view is enabled by default. Therefore, database queries may be performed during view rendering. Explicitly configure spring.jpa.open-in-view to disable this warning
2025-05-02 15:25:54 [restartedMain] WARN  o.s.b.a.s.s.UserDetailsServiceAutoConfiguration - 

Using generated security password: 8d6280c4-3cf0-4768-8c4d-fd21a35732a5

This generated password is for development use only. Your security configuration must be updated before running your application in production.

2025-05-02 15:25:54 [restartedMain] INFO  o.s.s.web.DefaultSecurityFilterChain - Will secure any request with [org.springframework.security.web.session.DisableEncodeUrlFilter@476760d6, org.springframework.security.web.context.request.async.WebAsyncManagerIntegrationFilter@17858fb4, org.springframework.security.web.context.SecurityContextHolderFilter@75726580, org.springframework.security.web.header.HeaderWriterFilter@2d544e27, org.springframework.security.web.csrf.CsrfFilter@1fb3d1a3, org.springframework.security.web.authentication.logout.LogoutFilter@5264a0a5, org.springframework.security.web.authentication.UsernamePasswordAuthenticationFilter@4ad3b911, org.springframework.security.web.savedrequest.RequestCacheAwareFilter@744d9c44, org.springframework.security.web.servletapi.SecurityContextHolderAwareRequestFilter@3bf6c9f4, org.springframework.security.web.authentication.AnonymousAuthenticationFilter@60936469, org.springframework.security.web.access.ExceptionTranslationFilter@2b8c9f16]
2025-05-02 15:25:54 [restartedMain] INFO  o.s.b.d.a.OptionalLiveReloadServer - LiveReload server is running on port 35729
2025-05-02 15:25:54 [restartedMain] INFO  o.a.coyote.http11.Http11NioProtocol - Starting ProtocolHandler ["http-nio-8080"]
2025-05-02 15:25:54 [restartedMain] INFO  o.s.b.w.e.tomcat.TomcatWebServer - Tomcat started on port 8080 (http) with context path ''
2025-05-02 15:25:54 [restartedMain] INFO  c.d.w.DroneInventorySystemApplication - Started DroneInventorySystemApplication in 0.739 seconds (process running for 10062.521)
2025-05-02 15:25:54 [restartedMain] INFO  o.s.b.d.a.ConditionEvaluationDeltaLoggingListener - Condition evaluation unchanged
2025-05-02 15:28:23 [File Watcher] INFO  o.s.b.d.a.LocalDevToolsAutoConfiguration$RestartingClassPathChangeChangedEventListener - Restarting due to 2 class path changes (0 additions, 0 deletions, 2 modifications)
2025-05-02 15:28:23 [Thread-306] INFO  o.a.coyote.http11.Http11NioProtocol - Stopping ProtocolHandler ["http-nio-8080"]
2025-05-02 15:28:23 [Thread-306] INFO  o.s.o.j.LocalContainerEntityManagerFactoryBean - Closing JPA EntityManagerFactory for persistence unit 'default'
2025-05-02 15:28:23 [Thread-306] INFO  com.zaxxer.hikari.HikariDataSource - HikariPool-77 - Shutdown initiated...
2025-05-02 15:28:23 [Thread-306] INFO  com.zaxxer.hikari.HikariDataSource - HikariPool-77 - Shutdown completed.
2025-05-02 15:28:23 [restartedMain] INFO  c.d.w.DroneInventorySystemApplication - Starting DroneInventorySystemApplication using Java 17.0.10 with PID 773 (/Users/KurokiKazuma/Workspace/Digital-OJT/DroneInventorySystem/target/classes started by KurokiKazuma in /Users/KurokiKazuma/Workspace/Digital-OJT/DroneInventorySystem)
2025-05-02 15:28:23 [restartedMain] INFO  c.d.w.DroneInventorySystemApplication - The following 1 profile is active: "develop"
2025-05-02 15:28:23 [restartedMain] INFO  o.s.d.r.c.RepositoryConfigurationDelegate - Bootstrapping Spring Data JPA repositories in DEFAULT mode.
2025-05-02 15:28:23 [restartedMain] INFO  o.s.d.r.c.RepositoryConfigurationDelegate - Finished Spring Data repository scanning in 12 ms. Found 4 JPA repository interfaces.
2025-05-02 15:28:23 [restartedMain] INFO  o.s.b.w.e.tomcat.TomcatWebServer - Tomcat initialized with port 8080 (http)
2025-05-02 15:28:23 [restartedMain] INFO  o.a.coyote.http11.Http11NioProtocol - Initializing ProtocolHandler ["http-nio-8080"]
2025-05-02 15:28:23 [restartedMain] INFO  o.a.catalina.core.StandardService - Starting service [Tomcat]
2025-05-02 15:28:23 [restartedMain] INFO  o.a.catalina.core.StandardEngine - Starting Servlet engine: [Apache Tomcat/10.1.28]
2025-05-02 15:28:23 [restartedMain] INFO  o.a.c.c.C.[Tomcat-1].[localhost].[/] - Initializing Spring embedded WebApplicationContext
2025-05-02 15:28:23 [restartedMain] INFO  o.s.b.w.s.c.ServletWebServerApplicationContext - Root WebApplicationContext: initialization completed in 291 ms
2025-05-02 15:28:23 [restartedMain] INFO  com.zaxxer.hikari.HikariDataSource - HikariPool-78 - Starting...
2025-05-02 15:28:23 [restartedMain] INFO  com.zaxxer.hikari.pool.HikariPool - HikariPool-78 - Added connection com.mysql.cj.jdbc.ConnectionImpl@684d9d6f
2025-05-02 15:28:23 [restartedMain] INFO  com.zaxxer.hikari.HikariDataSource - HikariPool-78 - Start completed.
2025-05-02 15:28:23 [restartedMain] INFO  o.s.b.a.h.H2ConsoleAutoConfiguration - H2 console available at '/h2-console'. Database available at 'jdbc:mysql://localhost:3306/stock_mng'
2025-05-02 15:28:23 [restartedMain] INFO  o.s.o.j.p.SpringPersistenceUnitInfo - No LoadTimeWeaver setup: ignoring JPA class transformer
2025-05-02 15:28:23 [restartedMain] INFO  o.s.o.j.LocalContainerEntityManagerFactoryBean - Initialized JPA EntityManagerFactory for persistence unit 'default'
2025-05-02 15:28:24 [restartedMain] WARN  o.s.b.a.o.j.JpaBaseConfiguration$JpaWebConfiguration - spring.jpa.open-in-view is enabled by default. Therefore, database queries may be performed during view rendering. Explicitly configure spring.jpa.open-in-view to disable this warning
2025-05-02 15:28:24 [restartedMain] WARN  o.s.b.a.s.s.UserDetailsServiceAutoConfiguration - 

Using generated security password: b30481eb-1d7d-4c3a-b8b1-dd221a043b86

This generated password is for development use only. Your security configuration must be updated before running your application in production.

2025-05-02 15:28:24 [restartedMain] INFO  o.s.s.web.DefaultSecurityFilterChain - Will secure any request with [org.springframework.security.web.session.DisableEncodeUrlFilter@4d055ce, org.springframework.security.web.context.request.async.WebAsyncManagerIntegrationFilter@19dea48, org.springframework.security.web.context.SecurityContextHolderFilter@4c256ed7, org.springframework.security.web.header.HeaderWriterFilter@6edbc3b6, org.springframework.security.web.csrf.CsrfFilter@4eba62ff, org.springframework.security.web.authentication.logout.LogoutFilter@7f07397c, org.springframework.security.web.authentication.UsernamePasswordAuthenticationFilter@4e8424a, org.springframework.security.web.savedrequest.RequestCacheAwareFilter@51155036, org.springframework.security.web.servletapi.SecurityContextHolderAwareRequestFilter@28451fb6, org.springframework.security.web.authentication.AnonymousAuthenticationFilter@4717ffde, org.springframework.security.web.access.ExceptionTranslationFilter@54f8cde]
2025-05-02 15:28:24 [restartedMain] INFO  o.s.b.d.a.OptionalLiveReloadServer - LiveReload server is running on port 35729
2025-05-02 15:28:24 [restartedMain] INFO  o.a.coyote.http11.Http11NioProtocol - Starting ProtocolHandler ["http-nio-8080"]
2025-05-02 15:28:24 [restartedMain] INFO  o.s.b.w.e.tomcat.TomcatWebServer - Tomcat started on port 8080 (http) with context path ''
2025-05-02 15:28:24 [restartedMain] INFO  c.d.w.DroneInventorySystemApplication - Started DroneInventorySystemApplication in 0.787 seconds (process running for 10211.976)
2025-05-02 15:28:24 [restartedMain] INFO  o.s.b.d.a.ConditionEvaluationDeltaLoggingListener - Condition evaluation unchanged
2025-05-02 15:28:35 [File Watcher] INFO  o.s.b.d.a.LocalDevToolsAutoConfiguration$RestartingClassPathChangeChangedEventListener - Restarting due to 1 class path change (0 additions, 0 deletions, 1 modification)
2025-05-02 15:28:35 [Thread-310] INFO  o.a.coyote.http11.Http11NioProtocol - Stopping ProtocolHandler ["http-nio-8080"]
2025-05-02 15:28:35 [Thread-310] INFO  o.s.o.j.LocalContainerEntityManagerFactoryBean - Closing JPA EntityManagerFactory for persistence unit 'default'
2025-05-02 15:28:35 [Thread-310] INFO  com.zaxxer.hikari.HikariDataSource - HikariPool-78 - Shutdown initiated...
2025-05-02 15:28:35 [Thread-310] INFO  com.zaxxer.hikari.HikariDataSource - HikariPool-78 - Shutdown completed.
2025-05-02 15:28:35 [restartedMain] INFO  c.d.w.DroneInventorySystemApplication - Starting DroneInventorySystemApplication using Java 17.0.10 with PID 773 (/Users/KurokiKazuma/Workspace/Digital-OJT/DroneInventorySystem/target/classes started by KurokiKazuma in /Users/KurokiKazuma/Workspace/Digital-OJT/DroneInventorySystem)
2025-05-02 15:28:35 [restartedMain] INFO  c.d.w.DroneInventorySystemApplication - The following 1 profile is active: "develop"
2025-05-02 15:28:36 [restartedMain] INFO  o.s.d.r.c.RepositoryConfigurationDelegate - Bootstrapping Spring Data JPA repositories in DEFAULT mode.
2025-05-02 15:28:36 [restartedMain] INFO  o.s.d.r.c.RepositoryConfigurationDelegate - Finished Spring Data repository scanning in 25 ms. Found 4 JPA repository interfaces.
2025-05-02 15:28:36 [restartedMain] INFO  o.s.b.w.e.tomcat.TomcatWebServer - Tomcat initialized with port 8080 (http)
2025-05-02 15:28:36 [restartedMain] INFO  o.a.coyote.http11.Http11NioProtocol - Initializing ProtocolHandler ["http-nio-8080"]
2025-05-02 15:28:36 [restartedMain] INFO  o.a.catalina.core.StandardService - Starting service [Tomcat]
2025-05-02 15:28:36 [restartedMain] INFO  o.a.catalina.core.StandardEngine - Starting Servlet engine: [Apache Tomcat/10.1.28]
2025-05-02 15:28:36 [restartedMain] INFO  o.a.c.c.C.[Tomcat-1].[localhost].[/] - Initializing Spring embedded WebApplicationContext
2025-05-02 15:28:36 [restartedMain] INFO  o.s.b.w.s.c.ServletWebServerApplicationContext - Root WebApplicationContext: initialization completed in 455 ms
2025-05-02 15:28:36 [restartedMain] INFO  com.zaxxer.hikari.HikariDataSource - HikariPool-79 - Starting...
2025-05-02 15:28:36 [restartedMain] INFO  com.zaxxer.hikari.pool.HikariPool - HikariPool-79 - Added connection com.mysql.cj.jdbc.ConnectionImpl@136e94cc
2025-05-02 15:28:36 [restartedMain] INFO  com.zaxxer.hikari.HikariDataSource - HikariPool-79 - Start completed.
2025-05-02 15:28:36 [restartedMain] INFO  o.s.b.a.h.H2ConsoleAutoConfiguration - H2 console available at '/h2-console'. Database available at 'jdbc:mysql://localhost:3306/stock_mng'
2025-05-02 15:28:36 [restartedMain] INFO  o.s.o.j.p.SpringPersistenceUnitInfo - No LoadTimeWeaver setup: ignoring JPA class transformer
2025-05-02 15:28:36 [restartedMain] INFO  o.s.o.j.LocalContainerEntityManagerFactoryBean - Initialized JPA EntityManagerFactory for persistence unit 'default'
2025-05-02 15:28:36 [restartedMain] WARN  o.s.b.a.o.j.JpaBaseConfiguration$JpaWebConfiguration - spring.jpa.open-in-view is enabled by default. Therefore, database queries may be performed during view rendering. Explicitly configure spring.jpa.open-in-view to disable this warning
2025-05-02 15:28:36 [restartedMain] WARN  o.s.b.a.s.s.UserDetailsServiceAutoConfiguration - 

Using generated security password: 57fcb932-4b82-4eb5-b7ba-e4ee6d206d71

This generated password is for development use only. Your security configuration must be updated before running your application in production.

2025-05-02 15:28:36 [restartedMain] INFO  o.s.s.web.DefaultSecurityFilterChain - Will secure any request with [org.springframework.security.web.session.DisableEncodeUrlFilter@5984d9a2, org.springframework.security.web.context.request.async.WebAsyncManagerIntegrationFilter@9254bb0, org.springframework.security.web.context.SecurityContextHolderFilter@70ca3406, org.springframework.security.web.header.HeaderWriterFilter@6d943997, org.springframework.security.web.csrf.CsrfFilter@569ce7d7, org.springframework.security.web.authentication.logout.LogoutFilter@6cf8dfee, org.springframework.security.web.authentication.UsernamePasswordAuthenticationFilter@63125899, org.springframework.security.web.savedrequest.RequestCacheAwareFilter@41d9c797, org.springframework.security.web.servletapi.SecurityContextHolderAwareRequestFilter@1277168, org.springframework.security.web.authentication.AnonymousAuthenticationFilter@2308f2d5, org.springframework.security.web.access.ExceptionTranslationFilter@21bc3054]
2025-05-02 15:28:37 [restartedMain] INFO  o.s.b.d.a.OptionalLiveReloadServer - LiveReload server is running on port 35729
2025-05-02 15:28:37 [restartedMain] INFO  o.a.coyote.http11.Http11NioProtocol - Starting ProtocolHandler ["http-nio-8080"]
2025-05-02 15:28:37 [restartedMain] INFO  o.s.b.w.e.tomcat.TomcatWebServer - Tomcat started on port 8080 (http) with context path ''
2025-05-02 15:28:37 [restartedMain] INFO  c.d.w.DroneInventorySystemApplication - Started DroneInventorySystemApplication in 1.163 seconds (process running for 10224.871)
2025-05-02 15:28:37 [restartedMain] INFO  o.s.b.d.a.ConditionEvaluationDeltaLoggingListener - Condition evaluation unchanged
2025-05-02 15:29:23 [File Watcher] INFO  o.s.b.d.a.LocalDevToolsAutoConfiguration$RestartingClassPathChangeChangedEventListener - Restarting due to 1 class path change (0 additions, 0 deletions, 1 modification)
2025-05-02 15:29:23 [Thread-314] INFO  o.a.coyote.http11.Http11NioProtocol - Stopping ProtocolHandler ["http-nio-8080"]
2025-05-02 15:29:23 [Thread-314] INFO  o.s.o.j.LocalContainerEntityManagerFactoryBean - Closing JPA EntityManagerFactory for persistence unit 'default'
2025-05-02 15:29:23 [Thread-314] INFO  com.zaxxer.hikari.HikariDataSource - HikariPool-79 - Shutdown initiated...
2025-05-02 15:29:23 [Thread-314] INFO  com.zaxxer.hikari.HikariDataSource - HikariPool-79 - Shutdown completed.
2025-05-02 15:29:23 [restartedMain] INFO  c.d.w.DroneInventorySystemApplication - Starting DroneInventorySystemApplication using Java 17.0.10 with PID 773 (/Users/KurokiKazuma/Workspace/Digital-OJT/DroneInventorySystem/target/classes started by KurokiKazuma in /Users/KurokiKazuma/Workspace/Digital-OJT/DroneInventorySystem)
2025-05-02 15:29:23 [restartedMain] INFO  c.d.w.DroneInventorySystemApplication - The following 1 profile is active: "develop"
2025-05-02 15:29:23 [restartedMain] INFO  o.s.d.r.c.RepositoryConfigurationDelegate - Bootstrapping Spring Data JPA repositories in DEFAULT mode.
2025-05-02 15:29:23 [restartedMain] INFO  o.s.d.r.c.RepositoryConfigurationDelegate - Finished Spring Data repository scanning in 18 ms. Found 4 JPA repository interfaces.
2025-05-02 15:29:23 [restartedMain] INFO  o.s.b.w.e.tomcat.TomcatWebServer - Tomcat initialized with port 8080 (http)
2025-05-02 15:29:23 [restartedMain] INFO  o.a.coyote.http11.Http11NioProtocol - Initializing ProtocolHandler ["http-nio-8080"]
2025-05-02 15:29:23 [restartedMain] INFO  o.a.catalina.core.StandardService - Starting service [Tomcat]
2025-05-02 15:29:23 [restartedMain] INFO  o.a.catalina.core.StandardEngine - Starting Servlet engine: [Apache Tomcat/10.1.28]
2025-05-02 15:29:23 [restartedMain] INFO  o.a.c.c.C.[Tomcat-1].[localhost].[/] - Initializing Spring embedded WebApplicationContext
2025-05-02 15:29:23 [restartedMain] INFO  o.s.b.w.s.c.ServletWebServerApplicationContext - Root WebApplicationContext: initialization completed in 298 ms
2025-05-02 15:29:23 [restartedMain] INFO  com.zaxxer.hikari.HikariDataSource - HikariPool-80 - Starting...
2025-05-02 15:29:23 [restartedMain] INFO  com.zaxxer.hikari.pool.HikariPool - HikariPool-80 - Added connection com.mysql.cj.jdbc.ConnectionImpl@35e12d9b
2025-05-02 15:29:23 [restartedMain] INFO  com.zaxxer.hikari.HikariDataSource - HikariPool-80 - Start completed.
2025-05-02 15:29:23 [restartedMain] INFO  o.s.b.a.h.H2ConsoleAutoConfiguration - H2 console available at '/h2-console'. Database available at 'jdbc:mysql://localhost:3306/stock_mng'
2025-05-02 15:29:23 [restartedMain] INFO  o.s.o.j.p.SpringPersistenceUnitInfo - No LoadTimeWeaver setup: ignoring JPA class transformer
2025-05-02 15:29:23 [restartedMain] INFO  o.s.o.j.LocalContainerEntityManagerFactoryBean - Initialized JPA EntityManagerFactory for persistence unit 'default'
2025-05-02 15:29:24 [restartedMain] WARN  o.s.b.a.o.j.JpaBaseConfiguration$JpaWebConfiguration - spring.jpa.open-in-view is enabled by default. Therefore, database queries may be performed during view rendering. Explicitly configure spring.jpa.open-in-view to disable this warning
2025-05-02 15:29:24 [restartedMain] WARN  o.s.b.a.s.s.UserDetailsServiceAutoConfiguration - 

Using generated security password: b6ab0467-b744-4d6a-b4bf-601fc3c4ff5a

This generated password is for development use only. Your security configuration must be updated before running your application in production.

2025-05-02 15:29:24 [restartedMain] INFO  o.s.s.web.DefaultSecurityFilterChain - Will secure any request with [org.springframework.security.web.session.DisableEncodeUrlFilter@1f61ea16, org.springframework.security.web.context.request.async.WebAsyncManagerIntegrationFilter@ff80575, org.springframework.security.web.context.SecurityContextHolderFilter@22838540, org.springframework.security.web.header.HeaderWriterFilter@3a801e29, org.springframework.security.web.csrf.CsrfFilter@6141ef67, org.springframework.security.web.authentication.logout.LogoutFilter@1b318d8b, org.springframework.security.web.authentication.UsernamePasswordAuthenticationFilter@6c74d021, org.springframework.security.web.savedrequest.RequestCacheAwareFilter@4c576ca0, org.springframework.security.web.servletapi.SecurityContextHolderAwareRequestFilter@1f6d9168, org.springframework.security.web.authentication.AnonymousAuthenticationFilter@18329cd4, org.springframework.security.web.access.ExceptionTranslationFilter@6cc7f5cf]
2025-05-02 15:29:24 [restartedMain] INFO  o.s.b.d.a.OptionalLiveReloadServer - LiveReload server is running on port 35729
2025-05-02 15:29:24 [restartedMain] INFO  o.a.coyote.http11.Http11NioProtocol - Starting ProtocolHandler ["http-nio-8080"]
2025-05-02 15:29:24 [restartedMain] INFO  o.s.b.w.e.tomcat.TomcatWebServer - Tomcat started on port 8080 (http) with context path ''
2025-05-02 15:29:24 [restartedMain] INFO  c.d.w.DroneInventorySystemApplication - Started DroneInventorySystemApplication in 0.896 seconds (process running for 10272.013)
2025-05-02 15:29:24 [restartedMain] INFO  o.s.b.d.a.ConditionEvaluationDeltaLoggingListener - Condition evaluation unchanged
2025-05-02 15:29:30 [File Watcher] INFO  o.s.b.d.a.LocalDevToolsAutoConfiguration$RestartingClassPathChangeChangedEventListener - Restarting due to 1 class path change (0 additions, 0 deletions, 1 modification)
2025-05-02 15:29:30 [Thread-318] INFO  o.a.coyote.http11.Http11NioProtocol - Stopping ProtocolHandler ["http-nio-8080"]
2025-05-02 15:29:30 [Thread-318] INFO  o.s.o.j.LocalContainerEntityManagerFactoryBean - Closing JPA EntityManagerFactory for persistence unit 'default'
2025-05-02 15:29:30 [Thread-318] INFO  com.zaxxer.hikari.HikariDataSource - HikariPool-80 - Shutdown initiated...
2025-05-02 15:29:30 [Thread-318] INFO  com.zaxxer.hikari.HikariDataSource - HikariPool-80 - Shutdown completed.
2025-05-02 15:29:30 [restartedMain] INFO  c.d.w.DroneInventorySystemApplication - Starting DroneInventorySystemApplication using Java 17.0.10 with PID 773 (/Users/KurokiKazuma/Workspace/Digital-OJT/DroneInventorySystem/target/classes started by KurokiKazuma in /Users/KurokiKazuma/Workspace/Digital-OJT/DroneInventorySystem)
2025-05-02 15:29:30 [restartedMain] INFO  c.d.w.DroneInventorySystemApplication - The following 1 profile is active: "develop"
2025-05-02 15:29:31 [restartedMain] INFO  o.s.d.r.c.RepositoryConfigurationDelegate - Bootstrapping Spring Data JPA repositories in DEFAULT mode.
2025-05-02 15:29:31 [restartedMain] INFO  o.s.d.r.c.RepositoryConfigurationDelegate - Finished Spring Data repository scanning in 16 ms. Found 4 JPA repository interfaces.
2025-05-02 15:29:31 [restartedMain] INFO  o.s.b.w.e.tomcat.TomcatWebServer - Tomcat initialized with port 8080 (http)
2025-05-02 15:29:31 [restartedMain] INFO  o.a.coyote.http11.Http11NioProtocol - Initializing ProtocolHandler ["http-nio-8080"]
2025-05-02 15:29:31 [restartedMain] INFO  o.a.catalina.core.StandardService - Starting service [Tomcat]
2025-05-02 15:29:31 [restartedMain] INFO  o.a.catalina.core.StandardEngine - Starting Servlet engine: [Apache Tomcat/10.1.28]
2025-05-02 15:29:31 [restartedMain] INFO  o.a.c.c.C.[Tomcat-1].[localhost].[/] - Initializing Spring embedded WebApplicationContext
2025-05-02 15:29:31 [restartedMain] INFO  o.s.b.w.s.c.ServletWebServerApplicationContext - Root WebApplicationContext: initialization completed in 315 ms
2025-05-02 15:29:31 [restartedMain] INFO  com.zaxxer.hikari.HikariDataSource - HikariPool-81 - Starting...
2025-05-02 15:29:31 [restartedMain] INFO  com.zaxxer.hikari.pool.HikariPool - HikariPool-81 - Added connection com.mysql.cj.jdbc.ConnectionImpl@345461d9
2025-05-02 15:29:31 [restartedMain] INFO  com.zaxxer.hikari.HikariDataSource - HikariPool-81 - Start completed.
2025-05-02 15:29:31 [restartedMain] INFO  o.s.b.a.h.H2ConsoleAutoConfiguration - H2 console available at '/h2-console'. Database available at 'jdbc:mysql://localhost:3306/stock_mng'
2025-05-02 15:29:31 [restartedMain] INFO  o.s.o.j.p.SpringPersistenceUnitInfo - No LoadTimeWeaver setup: ignoring JPA class transformer
2025-05-02 15:29:31 [restartedMain] INFO  o.s.o.j.LocalContainerEntityManagerFactoryBean - Initialized JPA EntityManagerFactory for persistence unit 'default'
2025-05-02 15:29:31 [restartedMain] WARN  o.s.b.a.o.j.JpaBaseConfiguration$JpaWebConfiguration - spring.jpa.open-in-view is enabled by default. Therefore, database queries may be performed during view rendering. Explicitly configure spring.jpa.open-in-view to disable this warning
2025-05-02 15:29:31 [restartedMain] WARN  o.s.b.a.s.s.UserDetailsServiceAutoConfiguration - 

Using generated security password: 2045bf00-980a-45f4-8055-e70d54070197

This generated password is for development use only. Your security configuration must be updated before running your application in production.

2025-05-02 15:29:31 [restartedMain] INFO  o.s.s.web.DefaultSecurityFilterChain - Will secure any request with [org.springframework.security.web.session.DisableEncodeUrlFilter@73a58284, org.springframework.security.web.context.request.async.WebAsyncManagerIntegrationFilter@609c7335, org.springframework.security.web.context.SecurityContextHolderFilter@71d1e215, org.springframework.security.web.header.HeaderWriterFilter@1dc8912, org.springframework.security.web.csrf.CsrfFilter@cb03b2e, org.springframework.security.web.authentication.logout.LogoutFilter@5bb94a6f, org.springframework.security.web.authentication.UsernamePasswordAuthenticationFilter@9ac98dc, org.springframework.security.web.savedrequest.RequestCacheAwareFilter@7cb5de4a, org.springframework.security.web.servletapi.SecurityContextHolderAwareRequestFilter@40775095, org.springframework.security.web.authentication.AnonymousAuthenticationFilter@7167b77b, org.springframework.security.web.access.ExceptionTranslationFilter@2283dfa6]
2025-05-02 15:29:31 [restartedMain] INFO  o.s.b.d.a.OptionalLiveReloadServer - LiveReload server is running on port 35729
2025-05-02 15:29:31 [restartedMain] INFO  o.a.coyote.http11.Http11NioProtocol - Starting ProtocolHandler ["http-nio-8080"]
2025-05-02 15:29:31 [restartedMain] INFO  o.s.b.w.e.tomcat.TomcatWebServer - Tomcat started on port 8080 (http) with context path ''
2025-05-02 15:29:31 [restartedMain] INFO  c.d.w.DroneInventorySystemApplication - Started DroneInventorySystemApplication in 0.826 seconds (process running for 10279.468)
2025-05-02 15:29:31 [restartedMain] INFO  o.s.b.d.a.ConditionEvaluationDeltaLoggingListener - Condition evaluation unchanged
2025-05-02 15:29:37 [http-nio-8080-exec-1] INFO  o.a.c.c.C.[Tomcat-1].[localhost].[/] - Initializing Spring DispatcherServlet 'dispatcherServlet'
2025-05-02 15:29:37 [http-nio-8080-exec-1] INFO  o.s.web.servlet.DispatcherServlet - Initializing Servlet 'dispatcherServlet'
2025-05-02 15:29:37 [http-nio-8080-exec-1] INFO  o.s.web.servlet.DispatcherServlet - Completed initialization in 4 ms
2025-05-02 15:29:37 [http-nio-8080-exec-1] INFO  APP - 【INFO】時間: 1746167377256 | 処理対象: 在庫一覧画面 | 処理内容: 初期表示 | 処理結果: 開始
2025-05-02 15:29:37 [http-nio-8080-exec-1] INFO  APP - 【INFO】時間: 1746167377282 | 処理対象: 在庫一覧画面 | 処理内容: 初期表示 | 処理結果: 成功
2025-05-02 15:29:38 [http-nio-8080-exec-5] INFO  APP - 【INFO】時間: 1746167378344 | 処理対象: 在庫一覧画面 | 処理内容: 初期表示 | 処理結果: 開始
2025-05-02 15:29:38 [http-nio-8080-exec-5] INFO  APP - 【INFO】時間: 1746167378360 | 処理対象: 在庫一覧画面 | 処理内容: 初期表示 | 処理結果: 成功
2025-05-02 15:29:40 [http-nio-8080-exec-6] INFO  APP - 【INFO】時間: 1746167380607 | 処理対象: 在庫一覧画面 | 処理内容: 検索処理 | 処理結果: 開始
2025-05-02 15:29:40 [http-nio-8080-exec-6] ERROR APP - 【ERROR】時間: 1746167380616 | 処理対象: 在庫一覧画面 | 処理内容: 検索処理 | 処理結果: エラー | エラー内容: すべてのフィールドが空です。少なくとも1つのフィールドに値を入力してください。
2025-05-02 15:29:44 [http-nio-8080-exec-1] INFO  APP - 【INFO】時間: 1746167384259 | 処理対象: 在庫一覧画面 | 処理内容: 検索処理 | 処理結果: 開始
2025-05-02 15:29:44 [http-nio-8080-exec-1] INFO  APP - 【INFO】時間: 1746167384291 | 処理対象: 在庫一覧画面 | 処理内容: 検索処理 | 処理結果: 成功
2025-05-02 15:29:47 [http-nio-8080-exec-8] INFO  APP - 【INFO】時間: 1746167387300 | 処理対象: 在庫一覧画面 | 処理内容: 検索処理 | 処理結果: 開始
2025-05-02 15:29:47 [http-nio-8080-exec-8] INFO  APP - 【INFO】時間: 1746167387315 | 処理対象: 在庫一覧画面 | 処理内容: 検索処理 | 処理結果: 成功
2025-05-02 15:29:48 [http-nio-8080-exec-1] INFO  APP - 【INFO】時間: 1746167388693 | 処理対象: 在庫一覧画面 | 処理内容: 初期表示 | 処理結果: 開始
2025-05-02 15:29:48 [http-nio-8080-exec-1] INFO  APP - 【INFO】時間: 1746167388717 | 処理対象: 在庫一覧画面 | 処理内容: 初期表示 | 処理結果: 成功
2025-05-02 15:29:52 [http-nio-8080-exec-8] INFO  APP - 【INFO】時間: 1746167392874 | 処理対象: 在庫一覧画面 | 処理内容: 検索処理 | 処理結果: 開始
2025-05-02 15:29:52 [http-nio-8080-exec-8] INFO  APP - 【INFO】時間: 1746167392898 | 処理対象: 在庫一覧画面 | 処理内容: 検索処理 | 処理結果: 成功
2025-05-02 15:29:57 [http-nio-8080-exec-4] INFO  APP - 【INFO】時間: 1746167397930 | 処理対象: 在庫一覧画面 | 処理内容: 検索処理 | 処理結果: 開始
2025-05-02 15:29:57 [http-nio-8080-exec-4] INFO  APP - 【INFO】時間: 1746167397950 | 処理対象: 在庫一覧画面 | 処理内容: 検索処理 | 処理結果: 成功
2025-05-02 15:29:59 [http-nio-8080-exec-8] INFO  APP - 【INFO】時間: 1746167399777 | 処理対象: 在庫一覧画面 | 処理内容: 初期表示 | 処理結果: 開始
2025-05-02 15:29:59 [http-nio-8080-exec-8] INFO  APP - 【INFO】時間: 1746167399795 | 処理対象: 在庫一覧画面 | 処理内容: 初期表示 | 処理結果: 成功
2025-05-02 15:30:46 [http-nio-8080-exec-4] INFO  APP - 【INFO】時間: 1746167446513 | 処理対象: 在庫一覧画面 | 処理内容: 検索処理 | 処理結果: 開始
2025-05-02 15:30:46 [http-nio-8080-exec-4] INFO  APP - 【INFO】時間: 1746167446531 | 処理対象: 在庫一覧画面 | 処理内容: 検索処理 | 処理結果: 成功
2025-05-02 15:30:51 [http-nio-8080-exec-10] INFO  APP - 【INFO】時間: 1746167451938 | 処理対象: 在庫一覧画面 | 処理内容: 検索処理 | 処理結果: 開始
2025-05-02 15:30:51 [http-nio-8080-exec-10] INFO  APP - 【INFO】時間: 1746167451957 | 処理対象: 在庫一覧画面 | 処理内容: 検索処理 | 処理結果: 成功
2025-05-02 15:30:55 [http-nio-8080-exec-4] INFO  APP - 【INFO】時間: 1746167455564 | 処理対象: 在庫一覧画面 | 処理内容: 初期表示 | 処理結果: 開始
2025-05-02 15:30:55 [http-nio-8080-exec-4] INFO  APP - 【INFO】時間: 1746167455576 | 処理対象: 在庫一覧画面 | 処理内容: 初期表示 | 処理結果: 成功
2025-05-02 15:30:59 [http-nio-8080-exec-7] INFO  APP - 【INFO】時間: 1746167459035 | 処理対象: 在庫一覧画面 | 処理内容: 検索処理 | 処理結果: 開始
2025-05-02 15:30:59 [http-nio-8080-exec-7] INFO  APP - 【INFO】時間: 1746167459051 | 処理対象: 在庫一覧画面 | 処理内容: 検索処理 | 処理結果: 成功
2025-05-02 15:31:02 [http-nio-8080-exec-4] INFO  APP - 【INFO】時間: 1746167462137 | 処理対象: 在庫一覧画面 | 処理内容: 検索処理 | 処理結果: 開始
2025-05-02 15:31:02 [http-nio-8080-exec-4] INFO  APP - 【INFO】時間: 1746167462155 | 処理対象: 在庫一覧画面 | 処理内容: 検索処理 | 処理結果: 成功
2025-05-02 15:31:24 [File Watcher] INFO  o.s.b.d.a.LocalDevToolsAutoConfiguration$RestartingClassPathChangeChangedEventListener - Restarting due to 1 class path change (0 additions, 0 deletions, 1 modification)
2025-05-02 15:31:24 [Thread-322] INFO  o.a.coyote.http11.Http11NioProtocol - Stopping ProtocolHandler ["http-nio-8080"]
2025-05-02 15:31:24 [Thread-322] INFO  o.s.o.j.LocalContainerEntityManagerFactoryBean - Closing JPA EntityManagerFactory for persistence unit 'default'
2025-05-02 15:31:24 [Thread-322] INFO  com.zaxxer.hikari.HikariDataSource - HikariPool-81 - Shutdown initiated...
2025-05-02 15:31:24 [Thread-322] INFO  com.zaxxer.hikari.HikariDataSource - HikariPool-81 - Shutdown completed.
2025-05-02 15:31:25 [restartedMain] INFO  c.d.w.DroneInventorySystemApplication - Starting DroneInventorySystemApplication using Java 17.0.10 with PID 773 (/Users/KurokiKazuma/Workspace/Digital-OJT/DroneInventorySystem/target/classes started by KurokiKazuma in /Users/KurokiKazuma/Workspace/Digital-OJT/DroneInventorySystem)
2025-05-02 15:31:25 [restartedMain] INFO  c.d.w.DroneInventorySystemApplication - The following 1 profile is active: "develop"
2025-05-02 15:31:25 [restartedMain] INFO  o.s.d.r.c.RepositoryConfigurationDelegate - Bootstrapping Spring Data JPA repositories in DEFAULT mode.
2025-05-02 15:31:25 [restartedMain] INFO  o.s.d.r.c.RepositoryConfigurationDelegate - Finished Spring Data repository scanning in 12 ms. Found 4 JPA repository interfaces.
2025-05-02 15:31:25 [restartedMain] INFO  o.s.b.w.e.tomcat.TomcatWebServer - Tomcat initialized with port 8080 (http)
2025-05-02 15:31:25 [restartedMain] INFO  o.a.coyote.http11.Http11NioProtocol - Initializing ProtocolHandler ["http-nio-8080"]
2025-05-02 15:31:25 [restartedMain] INFO  o.a.catalina.core.StandardService - Starting service [Tomcat]
2025-05-02 15:31:25 [restartedMain] INFO  o.a.catalina.core.StandardEngine - Starting Servlet engine: [Apache Tomcat/10.1.28]
2025-05-02 15:31:25 [restartedMain] INFO  o.a.c.c.C.[Tomcat-1].[localhost].[/] - Initializing Spring embedded WebApplicationContext
2025-05-02 15:31:25 [restartedMain] INFO  o.s.b.w.s.c.ServletWebServerApplicationContext - Root WebApplicationContext: initialization completed in 380 ms
2025-05-02 15:31:25 [restartedMain] INFO  com.zaxxer.hikari.HikariDataSource - HikariPool-82 - Starting...
2025-05-02 15:31:25 [restartedMain] INFO  com.zaxxer.hikari.pool.HikariPool - HikariPool-82 - Added connection com.mysql.cj.jdbc.ConnectionImpl@149c02fd
2025-05-02 15:31:25 [restartedMain] INFO  com.zaxxer.hikari.HikariDataSource - HikariPool-82 - Start completed.
2025-05-02 15:31:25 [restartedMain] INFO  o.s.b.a.h.H2ConsoleAutoConfiguration - H2 console available at '/h2-console'. Database available at 'jdbc:mysql://localhost:3306/stock_mng'
2025-05-02 15:31:25 [restartedMain] INFO  o.s.o.j.p.SpringPersistenceUnitInfo - No LoadTimeWeaver setup: ignoring JPA class transformer
2025-05-02 15:31:25 [restartedMain] INFO  o.s.o.j.LocalContainerEntityManagerFactoryBean - Initialized JPA EntityManagerFactory for persistence unit 'default'
2025-05-02 15:31:25 [restartedMain] WARN  o.s.b.a.o.j.JpaBaseConfiguration$JpaWebConfiguration - spring.jpa.open-in-view is enabled by default. Therefore, database queries may be performed during view rendering. Explicitly configure spring.jpa.open-in-view to disable this warning
2025-05-02 15:31:25 [restartedMain] WARN  o.s.b.a.s.s.UserDetailsServiceAutoConfiguration - 

Using generated security password: 5b5e3661-5d9b-44a0-8f30-443938e0494a

This generated password is for development use only. Your security configuration must be updated before running your application in production.

2025-05-02 15:31:25 [restartedMain] INFO  o.s.s.web.DefaultSecurityFilterChain - Will secure any request with [org.springframework.security.web.session.DisableEncodeUrlFilter@650b6187, org.springframework.security.web.context.request.async.WebAsyncManagerIntegrationFilter@434e1104, org.springframework.security.web.context.SecurityContextHolderFilter@1fa46714, org.springframework.security.web.header.HeaderWriterFilter@7765a8d4, org.springframework.security.web.csrf.CsrfFilter@61894675, org.springframework.security.web.authentication.logout.LogoutFilter@4dfab2d5, org.springframework.security.web.authentication.UsernamePasswordAuthenticationFilter@50d175e9, org.springframework.security.web.savedrequest.RequestCacheAwareFilter@3435207b, org.springframework.security.web.servletapi.SecurityContextHolderAwareRequestFilter@2b23d985, org.springframework.security.web.authentication.AnonymousAuthenticationFilter@5bba6fa2, org.springframework.security.web.access.ExceptionTranslationFilter@5339961e]
2025-05-02 15:31:25 [restartedMain] INFO  o.s.b.d.a.OptionalLiveReloadServer - LiveReload server is running on port 35729
2025-05-02 15:31:25 [restartedMain] INFO  o.a.coyote.http11.Http11NioProtocol - Starting ProtocolHandler ["http-nio-8080"]
2025-05-02 15:31:25 [restartedMain] INFO  o.s.b.w.e.tomcat.TomcatWebServer - Tomcat started on port 8080 (http) with context path ''
2025-05-02 15:31:25 [restartedMain] INFO  c.d.w.DroneInventorySystemApplication - Started DroneInventorySystemApplication in 0.858 seconds (process running for 10393.589)
2025-05-02 15:31:25 [restartedMain] INFO  o.s.b.d.a.ConditionEvaluationDeltaLoggingListener - Condition evaluation unchanged
2025-05-02 15:31:48 [http-nio-8080-exec-1] INFO  o.a.c.c.C.[Tomcat-1].[localhost].[/] - Initializing Spring DispatcherServlet 'dispatcherServlet'
2025-05-02 15:31:48 [http-nio-8080-exec-1] INFO  o.s.web.servlet.DispatcherServlet - Initializing Servlet 'dispatcherServlet'
2025-05-02 15:31:48 [http-nio-8080-exec-1] INFO  o.s.web.servlet.DispatcherServlet - Completed initialization in 3 ms
2025-05-02 15:31:48 [http-nio-8080-exec-1] INFO  APP - 【INFO】時間: 1746167508803 | 処理対象: 在庫一覧画面 | 処理内容: 初期表示 | 処理結果: 開始
2025-05-02 15:31:48 [http-nio-8080-exec-1] INFO  APP - 【INFO】時間: 1746167508830 | 処理対象: 在庫一覧画面 | 処理内容: 初期表示 | 処理結果: 成功
2025-05-02 15:31:50 [http-nio-8080-exec-6] INFO  APP - 【INFO】時間: 1746167510691 | 処理対象: 在庫一覧画面 | 処理内容: 検索処理 | 処理結果: 開始
2025-05-02 15:31:50 [http-nio-8080-exec-6] ERROR APP - 【ERROR】時間: 1746167510697 | 処理対象: 在庫一覧画面 | 処理内容: 検索処理 | 処理結果: エラー | エラー内容: すべてのフィールドが空です。少なくとも1つのフィールドに値を入力してください。
2025-05-02 15:31:53 [http-nio-8080-exec-1] INFO  APP - 【INFO】時間: 1746167513254 | 処理対象: 在庫一覧画面 | 処理内容: 検索処理 | 処理結果: 開始
2025-05-02 15:31:53 [http-nio-8080-exec-1] INFO  APP - 【INFO】時間: 1746167513274 | 処理対象: 在庫一覧画面 | 処理内容: 検索処理 | 処理結果: 成功
2025-05-02 15:31:55 [http-nio-8080-exec-8] INFO  APP - 【INFO】時間: 1746167515392 | 処理対象: 在庫一覧画面 | 処理内容: 検索処理 | 処理結果: 開始
2025-05-02 15:31:55 [http-nio-8080-exec-8] INFO  APP - 【INFO】時間: 1746167515410 | 処理対象: 在庫一覧画面 | 処理内容: 検索処理 | 処理結果: 成功
2025-05-02 15:31:58 [http-nio-8080-exec-1] INFO  APP - 【INFO】時間: 1746167518088 | 処理対象: 在庫一覧画面 | 処理内容: 検索処理 | 処理結果: 開始
2025-05-02 15:31:58 [http-nio-8080-exec-1] INFO  APP - 【INFO】時間: 1746167518104 | 処理対象: 在庫一覧画面 | 処理内容: 検索処理 | 処理結果: 成功
2025-05-02 15:32:00 [http-nio-8080-exec-8] INFO  APP - 【INFO】時間: 1746167520563 | 処理対象: 在庫一覧画面 | 処理内容: 検索処理 | 処理結果: 開始
2025-05-02 15:32:00 [http-nio-8080-exec-8] INFO  APP - 【INFO】時間: 1746167520583 | 処理対象: 在庫一覧画面 | 処理内容: 検索処理 | 処理結果: 成功
2025-05-02 15:32:03 [http-nio-8080-exec-1] INFO  APP - 【INFO】時間: 1746167523727 | 処理対象: 在庫一覧画面 | 処理内容: 初期表示 | 処理結果: 開始
2025-05-02 15:32:03 [http-nio-8080-exec-1] INFO  APP - 【INFO】時間: 1746167523744 | 処理対象: 在庫一覧画面 | 処理内容: 初期表示 | 処理結果: 成功
2025-05-02 15:32:06 [http-nio-8080-exec-8] INFO  APP - 【INFO】時間: 1746167526451 | 処理対象: 在庫一覧画面 | 処理内容: 検索処理 | 処理結果: 開始
2025-05-02 15:32:06 [http-nio-8080-exec-8] ERROR APP - 【ERROR】時間: 1746167526457 | 処理対象: 在庫一覧画面 | 処理内容: 検索処理 | 処理結果: エラー | エラー内容: 在庫数には数値を入力してください。
2025-05-02 15:32:09 [http-nio-8080-exec-5] INFO  APP - 【INFO】時間: 1746167529231 | 処理対象: 在庫一覧画面 | 処理内容: 検索処理 | 処理結果: 開始
2025-05-02 15:32:09 [http-nio-8080-exec-5] ERROR APP - 【ERROR】時間: 1746167529235 | 処理対象: 在庫一覧画面 | 処理内容: 検索処理 | 処理結果: エラー | エラー内容: 不正な入力を検知しました。
2025-05-02 15:32:11 [http-nio-8080-exec-6] INFO  APP - 【INFO】時間: 1746167531490 | 処理対象: 在庫一覧画面 | 処理内容: 検索処理 | 処理結果: 開始
2025-05-02 15:32:11 [http-nio-8080-exec-6] ERROR APP - 【ERROR】時間: 1746167531493 | 処理対象: 在庫一覧画面 | 処理内容: 検索処理 | 処理結果: エラー | エラー内容: 部品名は20文字以内で入力してください。
2025-05-02 15:32:12 [http-nio-8080-exec-2] INFO  APP - 【INFO】時間: 1746167532589 | 処理対象: 在庫センター情報画面 | 処理内容: 初期表示 | 処理結果: 開始
2025-05-02 15:32:12 [http-nio-8080-exec-2] INFO  APP - 【INFO】時間: 1746167532598 | 処理対象: 在庫センター情報画面 | 処理内容: 初期表示 | 処理結果: 成功
2025-05-02 15:32:15 [http-nio-8080-exec-10] INFO  APP - 【INFO】時間: 1746167535694 | 処理対象: 在庫一覧画面 | 処理内容: 初期表示 | 処理結果: 開始
2025-05-02 15:32:15 [http-nio-8080-exec-10] INFO  APP - 【INFO】時間: 1746167535714 | 処理対象: 在庫一覧画面 | 処理内容: 初期表示 | 処理結果: 成功
2025-05-02 15:32:26 [RMI TCP Connection(341)-127.0.0.1] INFO  o.s.b.a.SpringApplicationAdminMXBeanRegistrar$SpringApplicationAdmin - Application shutdown requested.
2025-05-02 15:32:26 [RMI TCP Connection(341)-127.0.0.1] INFO  o.a.coyote.http11.Http11NioProtocol - Stopping ProtocolHandler ["http-nio-8080"]
2025-05-02 15:32:26 [RMI TCP Connection(341)-127.0.0.1] INFO  o.s.o.j.LocalContainerEntityManagerFactoryBean - Closing JPA EntityManagerFactory for persistence unit 'default'
2025-05-02 15:32:26 [RMI TCP Connection(341)-127.0.0.1] INFO  com.zaxxer.hikari.HikariDataSource - HikariPool-82 - Shutdown initiated...
2025-05-02 15:32:26 [RMI TCP Connection(341)-127.0.0.1] INFO  com.zaxxer.hikari.HikariDataSource - HikariPool-82 - Shutdown completed.
